<?xml version="1.0" encoding="UTF-8"?>
<vivadoHLSLog:LogRoot xmlns:vivadoHLSLog="www.xilinx.com/vivadoHLSLog">
  <errorLogs>
    <logs>
      <synLog/>
    </logs>
  </errorLogs>
  <warningLogs>
    <logs>
      <synLog>
        <logs message="WARNING: [RTGEN 206-101] Design contains AXI ports. Reset is fixed to synchronous and active low." projectName="Lab1" solutionName="solution1" date="2025-11-28T18:38:48.661+0200" type="Warning"/>
        <logs message="WARNING: [RTGEN 206-101] Setting dangling out port 'dataflow_in_loop_Row_Loop/m_axi_gmem2_RREADY' to 0." projectName="Lab1" solutionName="solution1" date="2025-11-28T18:38:45.971+0200" type="Warning"/>
        <logs message="WARNING: [RTGEN 206-101] Setting dangling out port 'dataflow_in_loop_Row_Loop/m_axi_gmem2_ARUSER' to 0." projectName="Lab1" solutionName="solution1" date="2025-11-28T18:38:45.934+0200" type="Warning"/>
        <logs message="WARNING: [RTGEN 206-101] Setting dangling out port 'dataflow_in_loop_Row_Loop/m_axi_gmem2_ARREGION' to 0." projectName="Lab1" solutionName="solution1" date="2025-11-28T18:38:45.909+0200" type="Warning"/>
        <logs message="WARNING: [RTGEN 206-101] Setting dangling out port 'dataflow_in_loop_Row_Loop/m_axi_gmem2_ARQOS' to 0." projectName="Lab1" solutionName="solution1" date="2025-11-28T18:38:45.894+0200" type="Warning"/>
        <logs message="WARNING: [RTGEN 206-101] Setting dangling out port 'dataflow_in_loop_Row_Loop/m_axi_gmem2_ARPROT' to 0." projectName="Lab1" solutionName="solution1" date="2025-11-28T18:38:45.882+0200" type="Warning"/>
        <logs message="WARNING: [RTGEN 206-101] Setting dangling out port 'dataflow_in_loop_Row_Loop/m_axi_gmem2_ARCACHE' to 0." projectName="Lab1" solutionName="solution1" date="2025-11-28T18:38:45.856+0200" type="Warning"/>
        <logs message="WARNING: [RTGEN 206-101] Setting dangling out port 'dataflow_in_loop_Row_Loop/m_axi_gmem2_ARLOCK' to 0." projectName="Lab1" solutionName="solution1" date="2025-11-28T18:38:45.815+0200" type="Warning"/>
        <logs message="WARNING: [RTGEN 206-101] Setting dangling out port 'dataflow_in_loop_Row_Loop/m_axi_gmem2_ARBURST' to 0." projectName="Lab1" solutionName="solution1" date="2025-11-28T18:38:45.800+0200" type="Warning"/>
        <logs message="WARNING: [RTGEN 206-101] Setting dangling out port 'dataflow_in_loop_Row_Loop/m_axi_gmem2_ARSIZE' to 0." projectName="Lab1" solutionName="solution1" date="2025-11-28T18:38:45.778+0200" type="Warning"/>
        <logs message="WARNING: [RTGEN 206-101] Setting dangling out port 'dataflow_in_loop_Row_Loop/m_axi_gmem2_ARLEN' to 0." projectName="Lab1" solutionName="solution1" date="2025-11-28T18:38:45.752+0200" type="Warning"/>
        <logs message="WARNING: [RTGEN 206-101] Setting dangling out port 'dataflow_in_loop_Row_Loop/m_axi_gmem2_ARID' to 0." projectName="Lab1" solutionName="solution1" date="2025-11-28T18:38:45.685+0200" type="Warning"/>
        <logs message="WARNING: [RTGEN 206-101] Setting dangling out port 'dataflow_in_loop_Row_Loop/m_axi_gmem2_ARADDR' to 0." projectName="Lab1" solutionName="solution1" date="2025-11-28T18:38:45.658+0200" type="Warning"/>
        <logs message="WARNING: [RTGEN 206-101] Setting dangling out port 'dataflow_in_loop_Row_Loop/m_axi_gmem2_ARVALID' to 0." projectName="Lab1" solutionName="solution1" date="2025-11-28T18:38:45.644+0200" type="Warning"/>
        <logs message="WARNING: [RTGEN 206-101] Setting dangling out port 'dataflow_in_loop_Row_Loop/m_axi_gmem1_BREADY' to 0." projectName="Lab1" solutionName="solution1" date="2025-11-28T18:38:45.624+0200" type="Warning"/>
        <logs message="WARNING: [RTGEN 206-101] Setting dangling out port 'dataflow_in_loop_Row_Loop/m_axi_gmem1_WUSER' to 0." projectName="Lab1" solutionName="solution1" date="2025-11-28T18:38:45.601+0200" type="Warning"/>
        <logs message="WARNING: [RTGEN 206-101] Setting dangling out port 'dataflow_in_loop_Row_Loop/m_axi_gmem1_WID' to 0." projectName="Lab1" solutionName="solution1" date="2025-11-28T18:38:45.571+0200" type="Warning"/>
        <logs message="WARNING: [RTGEN 206-101] Setting dangling out port 'dataflow_in_loop_Row_Loop/m_axi_gmem1_WLAST' to 0." projectName="Lab1" solutionName="solution1" date="2025-11-28T18:38:45.530+0200" type="Warning"/>
        <logs message="WARNING: [RTGEN 206-101] Setting dangling out port 'dataflow_in_loop_Row_Loop/m_axi_gmem1_WSTRB' to 0." projectName="Lab1" solutionName="solution1" date="2025-11-28T18:38:45.480+0200" type="Warning"/>
        <logs message="WARNING: [RTGEN 206-101] Setting dangling out port 'dataflow_in_loop_Row_Loop/m_axi_gmem1_WDATA' to 0." projectName="Lab1" solutionName="solution1" date="2025-11-28T18:38:45.460+0200" type="Warning"/>
        <logs message="WARNING: [RTGEN 206-101] Setting dangling out port 'dataflow_in_loop_Row_Loop/m_axi_gmem1_WVALID' to 0." projectName="Lab1" solutionName="solution1" date="2025-11-28T18:38:45.401+0200" type="Warning"/>
        <logs message="WARNING: [RTGEN 206-101] Setting dangling out port 'dataflow_in_loop_Row_Loop/m_axi_gmem1_AWUSER' to 0." projectName="Lab1" solutionName="solution1" date="2025-11-28T18:38:45.316+0200" type="Warning"/>
        <logs message="WARNING: [RTGEN 206-101] Setting dangling out port 'dataflow_in_loop_Row_Loop/m_axi_gmem1_AWREGION' to 0." projectName="Lab1" solutionName="solution1" date="2025-11-28T18:38:45.260+0200" type="Warning"/>
        <logs message="WARNING: [RTGEN 206-101] Setting dangling out port 'dataflow_in_loop_Row_Loop/m_axi_gmem1_AWQOS' to 0." projectName="Lab1" solutionName="solution1" date="2025-11-28T18:38:45.168+0200" type="Warning"/>
        <logs message="WARNING: [RTGEN 206-101] Setting dangling out port 'dataflow_in_loop_Row_Loop/m_axi_gmem1_AWPROT' to 0." projectName="Lab1" solutionName="solution1" date="2025-11-28T18:38:45.104+0200" type="Warning"/>
        <logs message="WARNING: [RTGEN 206-101] Setting dangling out port 'dataflow_in_loop_Row_Loop/m_axi_gmem1_AWCACHE' to 0." projectName="Lab1" solutionName="solution1" date="2025-11-28T18:38:45.005+0200" type="Warning"/>
        <logs message="WARNING: [RTGEN 206-101] Setting dangling out port 'dataflow_in_loop_Row_Loop/m_axi_gmem1_AWLOCK' to 0." projectName="Lab1" solutionName="solution1" date="2025-11-28T18:38:44.833+0200" type="Warning"/>
        <logs message="WARNING: [RTGEN 206-101] Setting dangling out port 'dataflow_in_loop_Row_Loop/m_axi_gmem1_AWBURST' to 0." projectName="Lab1" solutionName="solution1" date="2025-11-28T18:38:44.701+0200" type="Warning"/>
        <logs message="WARNING: [RTGEN 206-101] Setting dangling out port 'dataflow_in_loop_Row_Loop/m_axi_gmem1_AWSIZE' to 0." projectName="Lab1" solutionName="solution1" date="2025-11-28T18:38:44.679+0200" type="Warning"/>
        <logs message="WARNING: [RTGEN 206-101] Setting dangling out port 'dataflow_in_loop_Row_Loop/m_axi_gmem1_AWLEN' to 0." projectName="Lab1" solutionName="solution1" date="2025-11-28T18:38:44.659+0200" type="Warning"/>
        <logs message="WARNING: [RTGEN 206-101] Setting dangling out port 'dataflow_in_loop_Row_Loop/m_axi_gmem1_AWID' to 0." projectName="Lab1" solutionName="solution1" date="2025-11-28T18:38:44.627+0200" type="Warning"/>
        <logs message="WARNING: [RTGEN 206-101] Setting dangling out port 'dataflow_in_loop_Row_Loop/m_axi_gmem1_AWADDR' to 0." projectName="Lab1" solutionName="solution1" date="2025-11-28T18:38:44.603+0200" type="Warning"/>
        <logs message="WARNING: [RTGEN 206-101] Setting dangling out port 'dataflow_in_loop_Row_Loop/m_axi_gmem1_AWVALID' to 0." projectName="Lab1" solutionName="solution1" date="2025-11-28T18:38:44.578+0200" type="Warning"/>
        <logs message="WARNING: [RTGEN 206-101] Setting dangling out port 'dataflow_in_loop_Row_Loop/m_axi_gmem0_BREADY' to 0." projectName="Lab1" solutionName="solution1" date="2025-11-28T18:38:44.564+0200" type="Warning"/>
        <logs message="WARNING: [RTGEN 206-101] Setting dangling out port 'dataflow_in_loop_Row_Loop/m_axi_gmem0_WUSER' to 0." projectName="Lab1" solutionName="solution1" date="2025-11-28T18:38:44.547+0200" type="Warning"/>
        <logs message="WARNING: [RTGEN 206-101] Setting dangling out port 'dataflow_in_loop_Row_Loop/m_axi_gmem0_WID' to 0." projectName="Lab1" solutionName="solution1" date="2025-11-28T18:38:44.531+0200" type="Warning"/>
        <logs message="WARNING: [RTGEN 206-101] Setting dangling out port 'dataflow_in_loop_Row_Loop/m_axi_gmem0_WLAST' to 0." projectName="Lab1" solutionName="solution1" date="2025-11-28T18:38:44.517+0200" type="Warning"/>
        <logs message="WARNING: [RTGEN 206-101] Setting dangling out port 'dataflow_in_loop_Row_Loop/m_axi_gmem0_WSTRB' to 0." projectName="Lab1" solutionName="solution1" date="2025-11-28T18:38:44.502+0200" type="Warning"/>
        <logs message="WARNING: [RTGEN 206-101] Setting dangling out port 'dataflow_in_loop_Row_Loop/m_axi_gmem0_WDATA' to 0." projectName="Lab1" solutionName="solution1" date="2025-11-28T18:38:44.492+0200" type="Warning"/>
        <logs message="WARNING: [RTGEN 206-101] Setting dangling out port 'dataflow_in_loop_Row_Loop/m_axi_gmem0_WVALID' to 0." projectName="Lab1" solutionName="solution1" date="2025-11-28T18:38:44.471+0200" type="Warning"/>
        <logs message="WARNING: [RTGEN 206-101] Setting dangling out port 'dataflow_in_loop_Row_Loop/m_axi_gmem0_AWUSER' to 0." projectName="Lab1" solutionName="solution1" date="2025-11-28T18:38:44.458+0200" type="Warning"/>
        <logs message="WARNING: [RTGEN 206-101] Setting dangling out port 'dataflow_in_loop_Row_Loop/m_axi_gmem0_AWREGION' to 0." projectName="Lab1" solutionName="solution1" date="2025-11-28T18:38:44.442+0200" type="Warning"/>
        <logs message="WARNING: [RTGEN 206-101] Setting dangling out port 'dataflow_in_loop_Row_Loop/m_axi_gmem0_AWQOS' to 0." projectName="Lab1" solutionName="solution1" date="2025-11-28T18:38:44.429+0200" type="Warning"/>
        <logs message="WARNING: [RTGEN 206-101] Setting dangling out port 'dataflow_in_loop_Row_Loop/m_axi_gmem0_AWPROT' to 0." projectName="Lab1" solutionName="solution1" date="2025-11-28T18:38:44.408+0200" type="Warning"/>
        <logs message="WARNING: [RTGEN 206-101] Setting dangling out port 'dataflow_in_loop_Row_Loop/m_axi_gmem0_AWCACHE' to 0." projectName="Lab1" solutionName="solution1" date="2025-11-28T18:38:44.393+0200" type="Warning"/>
        <logs message="WARNING: [RTGEN 206-101] Setting dangling out port 'dataflow_in_loop_Row_Loop/m_axi_gmem0_AWLOCK' to 0." projectName="Lab1" solutionName="solution1" date="2025-11-28T18:38:44.369+0200" type="Warning"/>
        <logs message="WARNING: [RTGEN 206-101] Setting dangling out port 'dataflow_in_loop_Row_Loop/m_axi_gmem0_AWBURST' to 0." projectName="Lab1" solutionName="solution1" date="2025-11-28T18:38:44.350+0200" type="Warning"/>
        <logs message="WARNING: [RTGEN 206-101] Setting dangling out port 'dataflow_in_loop_Row_Loop/m_axi_gmem0_AWSIZE' to 0." projectName="Lab1" solutionName="solution1" date="2025-11-28T18:38:44.234+0200" type="Warning"/>
        <logs message="WARNING: [RTGEN 206-101] Setting dangling out port 'dataflow_in_loop_Row_Loop/m_axi_gmem0_AWLEN' to 0." projectName="Lab1" solutionName="solution1" date="2025-11-28T18:38:44.209+0200" type="Warning"/>
        <logs message="WARNING: [RTGEN 206-101] Setting dangling out port 'dataflow_in_loop_Row_Loop/m_axi_gmem0_AWID' to 0." projectName="Lab1" solutionName="solution1" date="2025-11-28T18:38:44.103+0200" type="Warning"/>
        <logs message="WARNING: [RTGEN 206-101] Setting dangling out port 'dataflow_in_loop_Row_Loop/m_axi_gmem0_AWADDR' to 0." projectName="Lab1" solutionName="solution1" date="2025-11-28T18:38:44.072+0200" type="Warning"/>
        <logs message="WARNING: [RTGEN 206-101] Setting dangling out port 'dataflow_in_loop_Row_Loop/m_axi_gmem0_AWVALID' to 0." projectName="Lab1" solutionName="solution1" date="2025-11-28T18:38:44.060+0200" type="Warning"/>
        <logs message="WARNING: [RTGEN 206-101] Setting dangling out port 'Write_Loop_proc_Pipeline_Write_Loop/m_axi_gmem2_BREADY' to 0." projectName="Lab1" solutionName="solution1" date="2025-11-28T18:38:43.290+0200" type="Warning"/>
      </synLog>
    </logs>
  </warningLogs>
</vivadoHLSLog:LogRoot>
