<dict>
  <key>main-file</key>
  <string>C:/Users/Stavros/AppData/Roaming/Xilinx/Vitis/Lab0/solution1/.autopilot/db/demo.pp.0.cpp</string>
  <key>diagnostics</key>
  <array>
    <dict>
      <key>level</key>
      <string>warning</string>
      <key>filename</key>
      <string>C:/Users/Stavros/AppData/Roaming/Xilinx/Vitis/Lab0/solution1/csynth.tcl</string>
      <key>line</key>
      <integer>14</integer>
      <key>column</key>
      <integer>9</integer>
      <key>message</key>
      <string>HLS pragma dump _XLX_SEP_ PragmaIsValid=1_XLX_SEP_ PragmaType=top_XLX_SEP_ PragmaContext=directive_XLX_SEP_ PragmaFunction=simpleALU_XLX_SEP_ PragmaOptions=name=simpleALU_XLX_SEP_</string>
      <key>ID</key>
      <integer>5471</integer>
      <key>WarningOption</key>
      <string>dump-hls-pragmas</string>
    </dict>
    <dict>
      <key>level</key>
      <string>warning</string>
      <key>filename</key>
      <string>C:/Users/Stavros/AppData/Roaming/Xilinx/Vitis/Lab0/solution1/directives.tcl</string>
      <key>line</key>
      <integer>6</integer>
      <key>column</key>
      <integer>9</integer>
      <key>message</key>
      <string>HLS pragma dump _XLX_SEP_ PragmaIsValid=1_XLX_SEP_ PragmaType=top_XLX_SEP_ PragmaContext=directive_XLX_SEP_ PragmaFunction=simpleALU_XLX_SEP_ PragmaOptions=name=simpleALU_XLX_SEP_</string>
      <key>ID</key>
      <integer>5471</integer>
      <key>WarningOption</key>
      <string>dump-hls-pragmas</string>
    </dict>
  </array>
</dict>
