<profile>

<section name = "Vitis HLS Report for 'simpleALU'" level="0">
<item name = "Date">Fri Nov 28 13:41:51 2025
</item>
<item name = "Version">2022.2 (Build 3670227 on Oct 13 2022)</item>
<item name = "Project">Lab0</item>
<item name = "Solution">solution1 (Vivado IP Flow Target)</item>
<item name = "Product family">virtexuplus</item>
<item name = "Target device">xcvu11p-flga2577-1-e</item>
</section>

<section name = "Performance Estimates" level="0">
<item name = "Timing">
<section name = "" level="1">
<item name = "Summary"><table name="" hasTotal="0">
<keys size="4">Clock, Target, Estimated, Uncertainty</keys>
<column name="ap_clk">10.00 ns, 3.900 ns, 2.70 ns</column>
</table>
</item>
</section>
</item>
<item name = "Latency">
<section name = "" level="1">
<item name = "Summary"><table name="" hasTotal="0">
<keys size="8">, min, max, min, max, min, max, Type</keys>
<column name="">1, 35, 10.000 ns, 0.350 us, 2, 36, no</column>
</table>
</item>
<item name = "Detail">
<section name = "" level="1">
<item name = "Instance"><table name="" hasTotal="0">
<keys size="9">Instance, Module, min, max, min, max, min, max, Type</keys>
</table>
</item>
<item name = "Loop"><table name="" hasTotal="0">
<keys size="8">Loop Name, min, max, Latency, achieved, target, Count, Pipelined</keys>
</table>
</item>
</section>
</item>
</section>
</item>
</section>

<section name = "Utilization Estimates" level="0">
<item name = "Summary"><table name="" hasTotal="1">
<keys size="6">Name, BRAM_18K, DSP, FF, LUT, URAM</keys>
<column name="DSP">-, -, -, -, -</column>
<column name="Expression">-, -, 0, 78, -</column>
<column name="FIFO">-, -, -, -, -</column>
<column name="Instance">-, 3, 394, 258, -</column>
<column name="Memory">-, -, -, -, -</column>
<column name="Multiplexer">-, -, -, 191, -</column>
<column name="Register">-, -, 36, -, -</column>
<specialColumn name="Available SLR">1344, 3072, 864000, 432000, 320</specialColumn>
<specialColumn name="Utilization SLR (%)">0, ~0, ~0, ~0, 0</specialColumn>
<specialColumn name="Available">4032, 9216, 2592000, 1296000, 960</specialColumn>
<specialColumn name="Utilization (%)">0, ~0, ~0, ~0, 0</specialColumn>
</table>
</item>
<item name = "Detail">
<section name = "" level="1">
<item name = "Instance"><table name="" hasTotal="1">
<keys size="7">Instance, Module, BRAM_18K, DSP, FF, LUT, URAM</keys>
<column name="mul_32s_32s_32_1_1_U2">mul_32s_32s_32_1_1, 0, 3, 0, 20, 0</column>
<column name="sdiv_32s_32s_32_36_seq_1_U1">sdiv_32s_32s_32_36_seq_1, 0, 0, 394, 238, 0</column>
</table>
</item>
<item name = "DSP"><table name="" hasTotal="0">
<keys size="3">Instance, Module, Expression</keys>
</table>
</item>
<item name = "Memory"><table name="" hasTotal="1">
<keys size="10">Memory, Module, BRAM_18K, FF, LUT, URAM, Words, Bits, Banks, W*Bits*Banks</keys>
</table>
</item>
<item name = "FIFO"><table name="" hasTotal="1">
<keys size="8">Name, BRAM_18K, FF, LUT, URAM, Depth, Bits, Size:D*B</keys>
</table>
</item>
<item name = "Expression"><table name="" hasTotal="1">
<keys size="7">Variable Name, Operation, DSP, FF, LUT, Bitwidth P0, Bitwidth P1</keys>
<column name="add_ln4_fu_80_p2">+, 0, 0, 39, 32, 32</column>
<column name="sub_ln8_fu_73_p2">-, 0, 0, 39, 32, 32</column>
</table>
</item>
<item name = "Multiplexer"><table name="" hasTotal="1">
<keys size="5">Name, LUT, Input Size, Bits, Total Bits</keys>
<column name="C">26, 5, 32, 160</column>
<column name="ap_NS_fsm">165, 37, 1, 37</column>
</table>
</item>
<item name = "Register"><table name="" hasTotal="1">
<keys size="5">Name, FF, LUT, Bits, Const Bits</keys>
<column name="ap_CS_fsm">36, 0, 36, 0</column>
</table>
</item>
</section>
</item>
</section>

<section name = "Interface" level="0">
<item name = "Summary"><table name="" hasTotal="0">
<keys size="6">RTL Ports, Dir, Bits, Protocol, Source Object, C Type</keys>
<column name="ap_clk">in, 1, ap_ctrl_hs, simpleALU, return value</column>
<column name="ap_rst">in, 1, ap_ctrl_hs, simpleALU, return value</column>
<column name="ap_start">in, 1, ap_ctrl_hs, simpleALU, return value</column>
<column name="ap_done">out, 1, ap_ctrl_hs, simpleALU, return value</column>
<column name="ap_idle">out, 1, ap_ctrl_hs, simpleALU, return value</column>
<column name="ap_ready">out, 1, ap_ctrl_hs, simpleALU, return value</column>
<column name="A">in, 32, ap_none, A, scalar</column>
<column name="B">in, 32, ap_none, B, scalar</column>
<column name="op">in, 32, ap_none, op, scalar</column>
<column name="C">out, 32, ap_vld, C, pointer</column>
<column name="C_ap_vld">out, 1, ap_vld, C, pointer</column>
</table>
</item>
</section>
</profile>
