<stg><name>simpleALU</name>


<trans_list>

<trans id="98" from="1" to="2">
<condition id="-1">
<or_exp><and_exp><literal name="op_read" val="3"/>
</and_exp></or_exp>
</condition>
</trans>

<trans id="99" from="1" to="36">
<condition id="-1">
<or_exp><and_exp><literal name="op_read" val="!3"/>
</and_exp></or_exp>
</condition>
</trans>

<trans id="101" from="2" to="3">
<condition id="-1">
<or_exp><and_exp></and_exp></or_exp>
</condition>
</trans>

<trans id="102" from="3" to="4">
<condition id="-1">
<or_exp><and_exp></and_exp></or_exp>
</condition>
</trans>

<trans id="103" from="4" to="5">
<condition id="-1">
<or_exp><and_exp></and_exp></or_exp>
</condition>
</trans>

<trans id="104" from="5" to="6">
<condition id="-1">
<or_exp><and_exp></and_exp></or_exp>
</condition>
</trans>

<trans id="105" from="6" to="7">
<condition id="-1">
<or_exp><and_exp></and_exp></or_exp>
</condition>
</trans>

<trans id="106" from="7" to="8">
<condition id="-1">
<or_exp><and_exp></and_exp></or_exp>
</condition>
</trans>

<trans id="107" from="8" to="9">
<condition id="-1">
<or_exp><and_exp></and_exp></or_exp>
</condition>
</trans>

<trans id="108" from="9" to="10">
<condition id="-1">
<or_exp><and_exp></and_exp></or_exp>
</condition>
</trans>

<trans id="109" from="10" to="11">
<condition id="-1">
<or_exp><and_exp></and_exp></or_exp>
</condition>
</trans>

<trans id="110" from="11" to="12">
<condition id="-1">
<or_exp><and_exp></and_exp></or_exp>
</condition>
</trans>

<trans id="111" from="12" to="13">
<condition id="-1">
<or_exp><and_exp></and_exp></or_exp>
</condition>
</trans>

<trans id="112" from="13" to="14">
<condition id="-1">
<or_exp><and_exp></and_exp></or_exp>
</condition>
</trans>

<trans id="113" from="14" to="15">
<condition id="-1">
<or_exp><and_exp></and_exp></or_exp>
</condition>
</trans>

<trans id="114" from="15" to="16">
<condition id="-1">
<or_exp><and_exp></and_exp></or_exp>
</condition>
</trans>

<trans id="115" from="16" to="17">
<condition id="-1">
<or_exp><and_exp></and_exp></or_exp>
</condition>
</trans>

<trans id="116" from="17" to="18">
<condition id="-1">
<or_exp><and_exp></and_exp></or_exp>
</condition>
</trans>

<trans id="117" from="18" to="19">
<condition id="-1">
<or_exp><and_exp></and_exp></or_exp>
</condition>
</trans>

<trans id="118" from="19" to="20">
<condition id="-1">
<or_exp><and_exp></and_exp></or_exp>
</condition>
</trans>

<trans id="119" from="20" to="21">
<condition id="-1">
<or_exp><and_exp></and_exp></or_exp>
</condition>
</trans>

<trans id="120" from="21" to="22">
<condition id="-1">
<or_exp><and_exp></and_exp></or_exp>
</condition>
</trans>

<trans id="121" from="22" to="23">
<condition id="-1">
<or_exp><and_exp></and_exp></or_exp>
</condition>
</trans>

<trans id="122" from="23" to="24">
<condition id="-1">
<or_exp><and_exp></and_exp></or_exp>
</condition>
</trans>

<trans id="123" from="24" to="25">
<condition id="-1">
<or_exp><and_exp></and_exp></or_exp>
</condition>
</trans>

<trans id="124" from="25" to="26">
<condition id="-1">
<or_exp><and_exp></and_exp></or_exp>
</condition>
</trans>

<trans id="125" from="26" to="27">
<condition id="-1">
<or_exp><and_exp></and_exp></or_exp>
</condition>
</trans>

<trans id="126" from="27" to="28">
<condition id="-1">
<or_exp><and_exp></and_exp></or_exp>
</condition>
</trans>

<trans id="127" from="28" to="29">
<condition id="-1">
<or_exp><and_exp></and_exp></or_exp>
</condition>
</trans>

<trans id="128" from="29" to="30">
<condition id="-1">
<or_exp><and_exp></and_exp></or_exp>
</condition>
</trans>

<trans id="129" from="30" to="31">
<condition id="-1">
<or_exp><and_exp></and_exp></or_exp>
</condition>
</trans>

<trans id="130" from="31" to="32">
<condition id="-1">
<or_exp><and_exp></and_exp></or_exp>
</condition>
</trans>

<trans id="131" from="32" to="33">
<condition id="-1">
<or_exp><and_exp></and_exp></or_exp>
</condition>
</trans>

<trans id="132" from="33" to="34">
<condition id="-1">
<or_exp><and_exp></and_exp></or_exp>
</condition>
</trans>

<trans id="133" from="34" to="35">
<condition id="-1">
<or_exp><and_exp></and_exp></or_exp>
</condition>
</trans>

<trans id="134" from="35" to="36">
<condition id="-1">
<or_exp><and_exp></and_exp></or_exp>
</condition>
</trans>
</trans_list>



<state_list>

<state id="1" st_id="1">

<operation id="37" st_id="1" stage="1" lat="1">
<core>NULL</core>
<MemPortIdVec></MemPortIdVec>
<condition id="-1">
<or_exp><and_exp></and_exp></or_exp>
</condition>

<Node id="5" bw="0" op_0_bw="0" op_1_bw="0">
<![CDATA[
entry:0 %spectopmodule_ln1 = spectopmodule void @_ssdm_op_SpecTopModule, void @empty_1

]]></Node>
<StgValue><ssdm name="spectopmodule_ln1"/></StgValue>
</operation>

<operation id="38" st_id="1" stage="1" lat="1">
<core>NULL</core>
<MemPortIdVec></MemPortIdVec>
<condition id="-1">
<or_exp><and_exp></and_exp></or_exp>
</condition>

<Node id="6" bw="0" op_0_bw="0" op_1_bw="32">
<![CDATA[
entry:1 %specbitsmap_ln0 = specbitsmap void @_ssdm_op_SpecBitsMap, i32 %A

]]></Node>
<StgValue><ssdm name="specbitsmap_ln0"/></StgValue>
</operation>

<operation id="39" st_id="1" stage="1" lat="1">
<core>NULL</core>
<MemPortIdVec></MemPortIdVec>
<condition id="-1">
<or_exp><and_exp></and_exp></or_exp>
</condition>

<Node id="7" bw="0" op_0_bw="0" op_1_bw="32" op_2_bw="0" op_3_bw="32" op_4_bw="32" op_5_bw="0" op_6_bw="32" op_7_bw="32" op_8_bw="0" op_9_bw="0" op_10_bw="0" op_11_bw="32" op_12_bw="32" op_13_bw="32" op_14_bw="32" op_15_bw="0" op_16_bw="0" op_17_bw="32" op_18_bw="32">
<![CDATA[
entry:2 %specinterface_ln0 = specinterface void @_ssdm_op_SpecInterface, i32 %A, void @empty, i32 0, i32 0, void @empty_0, i32 0, i32 0, void @empty_0, void @empty_0, void @empty_0, i32 0, i32 0, i32 0, i32 0, void @empty_0, void @empty_0, i32 4294967295, i32 0

]]></Node>
<StgValue><ssdm name="specinterface_ln0"/></StgValue>
</operation>

<operation id="40" st_id="1" stage="1" lat="1">
<core>NULL</core>
<MemPortIdVec></MemPortIdVec>
<condition id="-1">
<or_exp><and_exp></and_exp></or_exp>
</condition>

<Node id="8" bw="0" op_0_bw="0" op_1_bw="32">
<![CDATA[
entry:3 %specbitsmap_ln0 = specbitsmap void @_ssdm_op_SpecBitsMap, i32 %B

]]></Node>
<StgValue><ssdm name="specbitsmap_ln0"/></StgValue>
</operation>

<operation id="41" st_id="1" stage="1" lat="1">
<core>NULL</core>
<MemPortIdVec></MemPortIdVec>
<condition id="-1">
<or_exp><and_exp></and_exp></or_exp>
</condition>

<Node id="9" bw="0" op_0_bw="0" op_1_bw="32" op_2_bw="0" op_3_bw="32" op_4_bw="32" op_5_bw="0" op_6_bw="32" op_7_bw="32" op_8_bw="0" op_9_bw="0" op_10_bw="0" op_11_bw="32" op_12_bw="32" op_13_bw="32" op_14_bw="32" op_15_bw="0" op_16_bw="0" op_17_bw="32" op_18_bw="32">
<![CDATA[
entry:4 %specinterface_ln0 = specinterface void @_ssdm_op_SpecInterface, i32 %B, void @empty, i32 0, i32 0, void @empty_0, i32 0, i32 0, void @empty_0, void @empty_0, void @empty_0, i32 0, i32 0, i32 0, i32 0, void @empty_0, void @empty_0, i32 4294967295, i32 0

]]></Node>
<StgValue><ssdm name="specinterface_ln0"/></StgValue>
</operation>

<operation id="42" st_id="1" stage="1" lat="1">
<core>NULL</core>
<MemPortIdVec></MemPortIdVec>
<condition id="-1">
<or_exp><and_exp></and_exp></or_exp>
</condition>

<Node id="10" bw="0" op_0_bw="0" op_1_bw="32">
<![CDATA[
entry:5 %specbitsmap_ln0 = specbitsmap void @_ssdm_op_SpecBitsMap, i32 %op

]]></Node>
<StgValue><ssdm name="specbitsmap_ln0"/></StgValue>
</operation>

<operation id="43" st_id="1" stage="1" lat="1">
<core>NULL</core>
<MemPortIdVec></MemPortIdVec>
<condition id="-1">
<or_exp><and_exp></and_exp></or_exp>
</condition>

<Node id="11" bw="0" op_0_bw="0" op_1_bw="32" op_2_bw="0" op_3_bw="32" op_4_bw="32" op_5_bw="0" op_6_bw="32" op_7_bw="32" op_8_bw="0" op_9_bw="0" op_10_bw="0" op_11_bw="32" op_12_bw="32" op_13_bw="32" op_14_bw="32" op_15_bw="0" op_16_bw="0" op_17_bw="32" op_18_bw="32">
<![CDATA[
entry:6 %specinterface_ln0 = specinterface void @_ssdm_op_SpecInterface, i32 %op, void @empty, i32 0, i32 0, void @empty_0, i32 0, i32 0, void @empty_0, void @empty_0, void @empty_0, i32 0, i32 0, i32 0, i32 0, void @empty_0, void @empty_0, i32 4294967295, i32 0

]]></Node>
<StgValue><ssdm name="specinterface_ln0"/></StgValue>
</operation>

<operation id="44" st_id="1" stage="1" lat="1">
<core>NULL</core>
<MemPortIdVec></MemPortIdVec>
<condition id="-1">
<or_exp><and_exp></and_exp></or_exp>
</condition>

<Node id="12" bw="0" op_0_bw="0" op_1_bw="32">
<![CDATA[
entry:7 %specbitsmap_ln0 = specbitsmap void @_ssdm_op_SpecBitsMap, i32 %C

]]></Node>
<StgValue><ssdm name="specbitsmap_ln0"/></StgValue>
</operation>

<operation id="45" st_id="1" stage="1" lat="1">
<core>NULL</core>
<MemPortIdVec></MemPortIdVec>
<condition id="-1">
<or_exp><and_exp></and_exp></or_exp>
</condition>

<Node id="13" bw="0" op_0_bw="0" op_1_bw="32" op_2_bw="0" op_3_bw="32" op_4_bw="32" op_5_bw="0" op_6_bw="32" op_7_bw="32" op_8_bw="0" op_9_bw="0" op_10_bw="0" op_11_bw="32" op_12_bw="32" op_13_bw="32" op_14_bw="32" op_15_bw="0" op_16_bw="0" op_17_bw="32" op_18_bw="32">
<![CDATA[
entry:8 %specinterface_ln0 = specinterface void @_ssdm_op_SpecInterface, i32 %C, void @empty, i32 0, i32 0, void @empty_0, i32 0, i32 0, void @empty_0, void @empty_0, void @empty_0, i32 0, i32 0, i32 0, i32 0, void @empty_0, void @empty_0, i32 4294967295, i32 0

]]></Node>
<StgValue><ssdm name="specinterface_ln0"/></StgValue>
</operation>

<operation id="46" st_id="1" stage="1" lat="1">
<core>NULL</core>
<MemPortIdVec></MemPortIdVec>
<condition id="-1">
<or_exp><and_exp></and_exp></or_exp>
</condition>

<Node id="14" bw="32" op_0_bw="32" op_1_bw="32">
<![CDATA[
entry:9 %op_read = read i32 @_ssdm_op_Read.ap_auto.i32, i32 %op

]]></Node>
<StgValue><ssdm name="op_read"/></StgValue>
</operation>

<operation id="47" st_id="1" stage="1" lat="1">
<core>NULL</core>
<MemPortIdVec></MemPortIdVec>
<condition id="-1">
<or_exp><and_exp></and_exp></or_exp>
</condition>

<Node id="15" bw="32" op_0_bw="32" op_1_bw="32">
<![CDATA[
entry:10 %B_read = read i32 @_ssdm_op_Read.ap_auto.i32, i32 %B

]]></Node>
<StgValue><ssdm name="B_read"/></StgValue>
</operation>

<operation id="48" st_id="1" stage="1" lat="1">
<core>NULL</core>
<MemPortIdVec></MemPortIdVec>
<condition id="-1">
<or_exp><and_exp></and_exp></or_exp>
</condition>

<Node id="16" bw="32" op_0_bw="32" op_1_bw="32">
<![CDATA[
entry:11 %A_read = read i32 @_ssdm_op_Read.ap_auto.i32, i32 %A

]]></Node>
<StgValue><ssdm name="A_read"/></StgValue>
</operation>

<operation id="49" st_id="1" stage="1" lat="1">
<core>NULL</core>
<MemPortIdVec></MemPortIdVec>
<condition id="-1">
<or_exp><and_exp></and_exp></or_exp>
</condition>

<Node id="17" bw="0" op_0_bw="32" op_1_bw="0" op_2_bw="32" op_3_bw="0" op_4_bw="32" op_5_bw="0" op_6_bw="32" op_7_bw="0" op_8_bw="32" op_9_bw="0">
<![CDATA[
entry:12 %switch_ln2 = switch i32 %op_read, void %sw.epilog, i32 0, void %sw.bb, i32 1, void %sw.bb1, i32 2, void %sw.bb2, i32 3, void %sw.bb3

]]></Node>
<StgValue><ssdm name="switch_ln2"/></StgValue>
</operation>

<operation id="50" st_id="1" stage="36" lat="36">
<core>DivnS_SEQ</core>
<MemPortIdVec></MemPortIdVec>
<condition id="-1">
<or_exp><and_exp><literal name="op_read" val="3"/>
</and_exp></or_exp>
</condition>

<Node id="19" bw="32" op_0_bw="32" op_1_bw="32">
<![CDATA[
sw.bb3:0 %sdiv_ln16 = sdiv i32 %A_read, i32 %B_read

]]></Node>
<StgValue><ssdm name="sdiv_ln16"/></StgValue>
</operation>

<operation id="51" st_id="1" stage="1" lat="1">
<core>Multiplier</core>
<MemPortIdVec></MemPortIdVec>
<condition id="-1">
<or_exp><and_exp><literal name="op_read" val="2"/>
</and_exp></or_exp>
</condition>

<Node id="23" bw="32" op_0_bw="32" op_1_bw="32">
<![CDATA[
sw.bb2:0 %mul_ln12 = mul i32 %B_read, i32 %A_read

]]></Node>
<StgValue><ssdm name="mul_ln12"/></StgValue>
</operation>

<operation id="52" st_id="1" stage="1" lat="1">
<core>NULL</core>
<MemPortIdVec></MemPortIdVec>
<condition id="-1">
<or_exp><and_exp><literal name="op_read" val="2"/>
</and_exp></or_exp>
</condition>

<Node id="24" bw="0" op_0_bw="0" op_1_bw="32" op_2_bw="32">
<![CDATA[
sw.bb2:1 %write_ln12 = write void @_ssdm_op_Write.ap_auto.i32P0A, i32 %C, i32 %mul_ln12

]]></Node>
<StgValue><ssdm name="write_ln12"/></StgValue>
</operation>

<operation id="53" st_id="1" stage="1" lat="1">
<core>NULL</core>
<MemPortIdVec></MemPortIdVec>
<condition id="-1">
<or_exp><and_exp><literal name="op_read" val="2"/>
</and_exp></or_exp>
</condition>

<Node id="25" bw="0" op_0_bw="0">
<![CDATA[
sw.bb2:2 %br_ln13 = br void %sw.epilog

]]></Node>
<StgValue><ssdm name="br_ln13"/></StgValue>
</operation>

<operation id="54" st_id="1" stage="1" lat="1">
<core>Adder</core>
<MemPortIdVec></MemPortIdVec>
<condition id="-1">
<or_exp><and_exp><literal name="op_read" val="1"/>
</and_exp></or_exp>
</condition>

<Node id="27" bw="32" op_0_bw="32" op_1_bw="32">
<![CDATA[
sw.bb1:0 %sub_ln8 = sub i32 %A_read, i32 %B_read

]]></Node>
<StgValue><ssdm name="sub_ln8"/></StgValue>
</operation>

<operation id="55" st_id="1" stage="1" lat="1">
<core>NULL</core>
<MemPortIdVec></MemPortIdVec>
<condition id="-1">
<or_exp><and_exp><literal name="op_read" val="1"/>
</and_exp></or_exp>
</condition>

<Node id="28" bw="0" op_0_bw="0" op_1_bw="32" op_2_bw="32">
<![CDATA[
sw.bb1:1 %write_ln8 = write void @_ssdm_op_Write.ap_auto.i32P0A, i32 %C, i32 %sub_ln8

]]></Node>
<StgValue><ssdm name="write_ln8"/></StgValue>
</operation>

<operation id="56" st_id="1" stage="1" lat="1">
<core>NULL</core>
<MemPortIdVec></MemPortIdVec>
<condition id="-1">
<or_exp><and_exp><literal name="op_read" val="1"/>
</and_exp></or_exp>
</condition>

<Node id="29" bw="0" op_0_bw="0">
<![CDATA[
sw.bb1:2 %br_ln9 = br void %sw.epilog

]]></Node>
<StgValue><ssdm name="br_ln9"/></StgValue>
</operation>

<operation id="57" st_id="1" stage="1" lat="1">
<core>Adder</core>
<MemPortIdVec></MemPortIdVec>
<condition id="-1">
<or_exp><and_exp><literal name="op_read" val="0"/>
</and_exp></or_exp>
</condition>

<Node id="31" bw="32" op_0_bw="32" op_1_bw="32">
<![CDATA[
sw.bb:0 %add_ln4 = add i32 %B_read, i32 %A_read

]]></Node>
<StgValue><ssdm name="add_ln4"/></StgValue>
</operation>

<operation id="58" st_id="1" stage="1" lat="1">
<core>NULL</core>
<MemPortIdVec></MemPortIdVec>
<condition id="-1">
<or_exp><and_exp><literal name="op_read" val="0"/>
</and_exp></or_exp>
</condition>

<Node id="32" bw="0" op_0_bw="0" op_1_bw="32" op_2_bw="32">
<![CDATA[
sw.bb:1 %write_ln4 = write void @_ssdm_op_Write.ap_auto.i32P0A, i32 %C, i32 %add_ln4

]]></Node>
<StgValue><ssdm name="write_ln4"/></StgValue>
</operation>

<operation id="59" st_id="1" stage="1" lat="1">
<core>NULL</core>
<MemPortIdVec></MemPortIdVec>
<condition id="-1">
<or_exp><and_exp><literal name="op_read" val="0"/>
</and_exp></or_exp>
</condition>

<Node id="33" bw="0" op_0_bw="0">
<![CDATA[
sw.bb:2 %br_ln5 = br void %sw.epilog

]]></Node>
<StgValue><ssdm name="br_ln5"/></StgValue>
</operation>
</state>

<state id="2" st_id="2">

<operation id="60" st_id="2" stage="35" lat="36">
<core>DivnS_SEQ</core>
<MemPortIdVec></MemPortIdVec>
<condition id="-1">
<or_exp><and_exp></and_exp></or_exp>
</condition>

<Node id="19" bw="32" op_0_bw="32" op_1_bw="32">
<![CDATA[
sw.bb3:0 %sdiv_ln16 = sdiv i32 %A_read, i32 %B_read

]]></Node>
<StgValue><ssdm name="sdiv_ln16"/></StgValue>
</operation>
</state>

<state id="3" st_id="3">

<operation id="61" st_id="3" stage="34" lat="36">
<core>DivnS_SEQ</core>
<MemPortIdVec></MemPortIdVec>
<condition id="-1">
<or_exp><and_exp></and_exp></or_exp>
</condition>

<Node id="19" bw="32" op_0_bw="32" op_1_bw="32">
<![CDATA[
sw.bb3:0 %sdiv_ln16 = sdiv i32 %A_read, i32 %B_read

]]></Node>
<StgValue><ssdm name="sdiv_ln16"/></StgValue>
</operation>
</state>

<state id="4" st_id="4">

<operation id="62" st_id="4" stage="33" lat="36">
<core>DivnS_SEQ</core>
<MemPortIdVec></MemPortIdVec>
<condition id="-1">
<or_exp><and_exp></and_exp></or_exp>
</condition>

<Node id="19" bw="32" op_0_bw="32" op_1_bw="32">
<![CDATA[
sw.bb3:0 %sdiv_ln16 = sdiv i32 %A_read, i32 %B_read

]]></Node>
<StgValue><ssdm name="sdiv_ln16"/></StgValue>
</operation>
</state>

<state id="5" st_id="5">

<operation id="63" st_id="5" stage="32" lat="36">
<core>DivnS_SEQ</core>
<MemPortIdVec></MemPortIdVec>
<condition id="-1">
<or_exp><and_exp></and_exp></or_exp>
</condition>

<Node id="19" bw="32" op_0_bw="32" op_1_bw="32">
<![CDATA[
sw.bb3:0 %sdiv_ln16 = sdiv i32 %A_read, i32 %B_read

]]></Node>
<StgValue><ssdm name="sdiv_ln16"/></StgValue>
</operation>
</state>

<state id="6" st_id="6">

<operation id="64" st_id="6" stage="31" lat="36">
<core>DivnS_SEQ</core>
<MemPortIdVec></MemPortIdVec>
<condition id="-1">
<or_exp><and_exp></and_exp></or_exp>
</condition>

<Node id="19" bw="32" op_0_bw="32" op_1_bw="32">
<![CDATA[
sw.bb3:0 %sdiv_ln16 = sdiv i32 %A_read, i32 %B_read

]]></Node>
<StgValue><ssdm name="sdiv_ln16"/></StgValue>
</operation>
</state>

<state id="7" st_id="7">

<operation id="65" st_id="7" stage="30" lat="36">
<core>DivnS_SEQ</core>
<MemPortIdVec></MemPortIdVec>
<condition id="-1">
<or_exp><and_exp></and_exp></or_exp>
</condition>

<Node id="19" bw="32" op_0_bw="32" op_1_bw="32">
<![CDATA[
sw.bb3:0 %sdiv_ln16 = sdiv i32 %A_read, i32 %B_read

]]></Node>
<StgValue><ssdm name="sdiv_ln16"/></StgValue>
</operation>
</state>

<state id="8" st_id="8">

<operation id="66" st_id="8" stage="29" lat="36">
<core>DivnS_SEQ</core>
<MemPortIdVec></MemPortIdVec>
<condition id="-1">
<or_exp><and_exp></and_exp></or_exp>
</condition>

<Node id="19" bw="32" op_0_bw="32" op_1_bw="32">
<![CDATA[
sw.bb3:0 %sdiv_ln16 = sdiv i32 %A_read, i32 %B_read

]]></Node>
<StgValue><ssdm name="sdiv_ln16"/></StgValue>
</operation>
</state>

<state id="9" st_id="9">

<operation id="67" st_id="9" stage="28" lat="36">
<core>DivnS_SEQ</core>
<MemPortIdVec></MemPortIdVec>
<condition id="-1">
<or_exp><and_exp></and_exp></or_exp>
</condition>

<Node id="19" bw="32" op_0_bw="32" op_1_bw="32">
<![CDATA[
sw.bb3:0 %sdiv_ln16 = sdiv i32 %A_read, i32 %B_read

]]></Node>
<StgValue><ssdm name="sdiv_ln16"/></StgValue>
</operation>
</state>

<state id="10" st_id="10">

<operation id="68" st_id="10" stage="27" lat="36">
<core>DivnS_SEQ</core>
<MemPortIdVec></MemPortIdVec>
<condition id="-1">
<or_exp><and_exp></and_exp></or_exp>
</condition>

<Node id="19" bw="32" op_0_bw="32" op_1_bw="32">
<![CDATA[
sw.bb3:0 %sdiv_ln16 = sdiv i32 %A_read, i32 %B_read

]]></Node>
<StgValue><ssdm name="sdiv_ln16"/></StgValue>
</operation>
</state>

<state id="11" st_id="11">

<operation id="69" st_id="11" stage="26" lat="36">
<core>DivnS_SEQ</core>
<MemPortIdVec></MemPortIdVec>
<condition id="-1">
<or_exp><and_exp></and_exp></or_exp>
</condition>

<Node id="19" bw="32" op_0_bw="32" op_1_bw="32">
<![CDATA[
sw.bb3:0 %sdiv_ln16 = sdiv i32 %A_read, i32 %B_read

]]></Node>
<StgValue><ssdm name="sdiv_ln16"/></StgValue>
</operation>
</state>

<state id="12" st_id="12">

<operation id="70" st_id="12" stage="25" lat="36">
<core>DivnS_SEQ</core>
<MemPortIdVec></MemPortIdVec>
<condition id="-1">
<or_exp><and_exp></and_exp></or_exp>
</condition>

<Node id="19" bw="32" op_0_bw="32" op_1_bw="32">
<![CDATA[
sw.bb3:0 %sdiv_ln16 = sdiv i32 %A_read, i32 %B_read

]]></Node>
<StgValue><ssdm name="sdiv_ln16"/></StgValue>
</operation>
</state>

<state id="13" st_id="13">

<operation id="71" st_id="13" stage="24" lat="36">
<core>DivnS_SEQ</core>
<MemPortIdVec></MemPortIdVec>
<condition id="-1">
<or_exp><and_exp></and_exp></or_exp>
</condition>

<Node id="19" bw="32" op_0_bw="32" op_1_bw="32">
<![CDATA[
sw.bb3:0 %sdiv_ln16 = sdiv i32 %A_read, i32 %B_read

]]></Node>
<StgValue><ssdm name="sdiv_ln16"/></StgValue>
</operation>
</state>

<state id="14" st_id="14">

<operation id="72" st_id="14" stage="23" lat="36">
<core>DivnS_SEQ</core>
<MemPortIdVec></MemPortIdVec>
<condition id="-1">
<or_exp><and_exp></and_exp></or_exp>
</condition>

<Node id="19" bw="32" op_0_bw="32" op_1_bw="32">
<![CDATA[
sw.bb3:0 %sdiv_ln16 = sdiv i32 %A_read, i32 %B_read

]]></Node>
<StgValue><ssdm name="sdiv_ln16"/></StgValue>
</operation>
</state>

<state id="15" st_id="15">

<operation id="73" st_id="15" stage="22" lat="36">
<core>DivnS_SEQ</core>
<MemPortIdVec></MemPortIdVec>
<condition id="-1">
<or_exp><and_exp></and_exp></or_exp>
</condition>

<Node id="19" bw="32" op_0_bw="32" op_1_bw="32">
<![CDATA[
sw.bb3:0 %sdiv_ln16 = sdiv i32 %A_read, i32 %B_read

]]></Node>
<StgValue><ssdm name="sdiv_ln16"/></StgValue>
</operation>
</state>

<state id="16" st_id="16">

<operation id="74" st_id="16" stage="21" lat="36">
<core>DivnS_SEQ</core>
<MemPortIdVec></MemPortIdVec>
<condition id="-1">
<or_exp><and_exp></and_exp></or_exp>
</condition>

<Node id="19" bw="32" op_0_bw="32" op_1_bw="32">
<![CDATA[
sw.bb3:0 %sdiv_ln16 = sdiv i32 %A_read, i32 %B_read

]]></Node>
<StgValue><ssdm name="sdiv_ln16"/></StgValue>
</operation>
</state>

<state id="17" st_id="17">

<operation id="75" st_id="17" stage="20" lat="36">
<core>DivnS_SEQ</core>
<MemPortIdVec></MemPortIdVec>
<condition id="-1">
<or_exp><and_exp></and_exp></or_exp>
</condition>

<Node id="19" bw="32" op_0_bw="32" op_1_bw="32">
<![CDATA[
sw.bb3:0 %sdiv_ln16 = sdiv i32 %A_read, i32 %B_read

]]></Node>
<StgValue><ssdm name="sdiv_ln16"/></StgValue>
</operation>
</state>

<state id="18" st_id="18">

<operation id="76" st_id="18" stage="19" lat="36">
<core>DivnS_SEQ</core>
<MemPortIdVec></MemPortIdVec>
<condition id="-1">
<or_exp><and_exp></and_exp></or_exp>
</condition>

<Node id="19" bw="32" op_0_bw="32" op_1_bw="32">
<![CDATA[
sw.bb3:0 %sdiv_ln16 = sdiv i32 %A_read, i32 %B_read

]]></Node>
<StgValue><ssdm name="sdiv_ln16"/></StgValue>
</operation>
</state>

<state id="19" st_id="19">

<operation id="77" st_id="19" stage="18" lat="36">
<core>DivnS_SEQ</core>
<MemPortIdVec></MemPortIdVec>
<condition id="-1">
<or_exp><and_exp></and_exp></or_exp>
</condition>

<Node id="19" bw="32" op_0_bw="32" op_1_bw="32">
<![CDATA[
sw.bb3:0 %sdiv_ln16 = sdiv i32 %A_read, i32 %B_read

]]></Node>
<StgValue><ssdm name="sdiv_ln16"/></StgValue>
</operation>
</state>

<state id="20" st_id="20">

<operation id="78" st_id="20" stage="17" lat="36">
<core>DivnS_SEQ</core>
<MemPortIdVec></MemPortIdVec>
<condition id="-1">
<or_exp><and_exp></and_exp></or_exp>
</condition>

<Node id="19" bw="32" op_0_bw="32" op_1_bw="32">
<![CDATA[
sw.bb3:0 %sdiv_ln16 = sdiv i32 %A_read, i32 %B_read

]]></Node>
<StgValue><ssdm name="sdiv_ln16"/></StgValue>
</operation>
</state>

<state id="21" st_id="21">

<operation id="79" st_id="21" stage="16" lat="36">
<core>DivnS_SEQ</core>
<MemPortIdVec></MemPortIdVec>
<condition id="-1">
<or_exp><and_exp></and_exp></or_exp>
</condition>

<Node id="19" bw="32" op_0_bw="32" op_1_bw="32">
<![CDATA[
sw.bb3:0 %sdiv_ln16 = sdiv i32 %A_read, i32 %B_read

]]></Node>
<StgValue><ssdm name="sdiv_ln16"/></StgValue>
</operation>
</state>

<state id="22" st_id="22">

<operation id="80" st_id="22" stage="15" lat="36">
<core>DivnS_SEQ</core>
<MemPortIdVec></MemPortIdVec>
<condition id="-1">
<or_exp><and_exp></and_exp></or_exp>
</condition>

<Node id="19" bw="32" op_0_bw="32" op_1_bw="32">
<![CDATA[
sw.bb3:0 %sdiv_ln16 = sdiv i32 %A_read, i32 %B_read

]]></Node>
<StgValue><ssdm name="sdiv_ln16"/></StgValue>
</operation>
</state>

<state id="23" st_id="23">

<operation id="81" st_id="23" stage="14" lat="36">
<core>DivnS_SEQ</core>
<MemPortIdVec></MemPortIdVec>
<condition id="-1">
<or_exp><and_exp></and_exp></or_exp>
</condition>

<Node id="19" bw="32" op_0_bw="32" op_1_bw="32">
<![CDATA[
sw.bb3:0 %sdiv_ln16 = sdiv i32 %A_read, i32 %B_read

]]></Node>
<StgValue><ssdm name="sdiv_ln16"/></StgValue>
</operation>
</state>

<state id="24" st_id="24">

<operation id="82" st_id="24" stage="13" lat="36">
<core>DivnS_SEQ</core>
<MemPortIdVec></MemPortIdVec>
<condition id="-1">
<or_exp><and_exp></and_exp></or_exp>
</condition>

<Node id="19" bw="32" op_0_bw="32" op_1_bw="32">
<![CDATA[
sw.bb3:0 %sdiv_ln16 = sdiv i32 %A_read, i32 %B_read

]]></Node>
<StgValue><ssdm name="sdiv_ln16"/></StgValue>
</operation>
</state>

<state id="25" st_id="25">

<operation id="83" st_id="25" stage="12" lat="36">
<core>DivnS_SEQ</core>
<MemPortIdVec></MemPortIdVec>
<condition id="-1">
<or_exp><and_exp></and_exp></or_exp>
</condition>

<Node id="19" bw="32" op_0_bw="32" op_1_bw="32">
<![CDATA[
sw.bb3:0 %sdiv_ln16 = sdiv i32 %A_read, i32 %B_read

]]></Node>
<StgValue><ssdm name="sdiv_ln16"/></StgValue>
</operation>
</state>

<state id="26" st_id="26">

<operation id="84" st_id="26" stage="11" lat="36">
<core>DivnS_SEQ</core>
<MemPortIdVec></MemPortIdVec>
<condition id="-1">
<or_exp><and_exp></and_exp></or_exp>
</condition>

<Node id="19" bw="32" op_0_bw="32" op_1_bw="32">
<![CDATA[
sw.bb3:0 %sdiv_ln16 = sdiv i32 %A_read, i32 %B_read

]]></Node>
<StgValue><ssdm name="sdiv_ln16"/></StgValue>
</operation>
</state>

<state id="27" st_id="27">

<operation id="85" st_id="27" stage="10" lat="36">
<core>DivnS_SEQ</core>
<MemPortIdVec></MemPortIdVec>
<condition id="-1">
<or_exp><and_exp></and_exp></or_exp>
</condition>

<Node id="19" bw="32" op_0_bw="32" op_1_bw="32">
<![CDATA[
sw.bb3:0 %sdiv_ln16 = sdiv i32 %A_read, i32 %B_read

]]></Node>
<StgValue><ssdm name="sdiv_ln16"/></StgValue>
</operation>
</state>

<state id="28" st_id="28">

<operation id="86" st_id="28" stage="9" lat="36">
<core>DivnS_SEQ</core>
<MemPortIdVec></MemPortIdVec>
<condition id="-1">
<or_exp><and_exp></and_exp></or_exp>
</condition>

<Node id="19" bw="32" op_0_bw="32" op_1_bw="32">
<![CDATA[
sw.bb3:0 %sdiv_ln16 = sdiv i32 %A_read, i32 %B_read

]]></Node>
<StgValue><ssdm name="sdiv_ln16"/></StgValue>
</operation>
</state>

<state id="29" st_id="29">

<operation id="87" st_id="29" stage="8" lat="36">
<core>DivnS_SEQ</core>
<MemPortIdVec></MemPortIdVec>
<condition id="-1">
<or_exp><and_exp></and_exp></or_exp>
</condition>

<Node id="19" bw="32" op_0_bw="32" op_1_bw="32">
<![CDATA[
sw.bb3:0 %sdiv_ln16 = sdiv i32 %A_read, i32 %B_read

]]></Node>
<StgValue><ssdm name="sdiv_ln16"/></StgValue>
</operation>
</state>

<state id="30" st_id="30">

<operation id="88" st_id="30" stage="7" lat="36">
<core>DivnS_SEQ</core>
<MemPortIdVec></MemPortIdVec>
<condition id="-1">
<or_exp><and_exp></and_exp></or_exp>
</condition>

<Node id="19" bw="32" op_0_bw="32" op_1_bw="32">
<![CDATA[
sw.bb3:0 %sdiv_ln16 = sdiv i32 %A_read, i32 %B_read

]]></Node>
<StgValue><ssdm name="sdiv_ln16"/></StgValue>
</operation>
</state>

<state id="31" st_id="31">

<operation id="89" st_id="31" stage="6" lat="36">
<core>DivnS_SEQ</core>
<MemPortIdVec></MemPortIdVec>
<condition id="-1">
<or_exp><and_exp></and_exp></or_exp>
</condition>

<Node id="19" bw="32" op_0_bw="32" op_1_bw="32">
<![CDATA[
sw.bb3:0 %sdiv_ln16 = sdiv i32 %A_read, i32 %B_read

]]></Node>
<StgValue><ssdm name="sdiv_ln16"/></StgValue>
</operation>
</state>

<state id="32" st_id="32">

<operation id="90" st_id="32" stage="5" lat="36">
<core>DivnS_SEQ</core>
<MemPortIdVec></MemPortIdVec>
<condition id="-1">
<or_exp><and_exp></and_exp></or_exp>
</condition>

<Node id="19" bw="32" op_0_bw="32" op_1_bw="32">
<![CDATA[
sw.bb3:0 %sdiv_ln16 = sdiv i32 %A_read, i32 %B_read

]]></Node>
<StgValue><ssdm name="sdiv_ln16"/></StgValue>
</operation>
</state>

<state id="33" st_id="33">

<operation id="91" st_id="33" stage="4" lat="36">
<core>DivnS_SEQ</core>
<MemPortIdVec></MemPortIdVec>
<condition id="-1">
<or_exp><and_exp></and_exp></or_exp>
</condition>

<Node id="19" bw="32" op_0_bw="32" op_1_bw="32">
<![CDATA[
sw.bb3:0 %sdiv_ln16 = sdiv i32 %A_read, i32 %B_read

]]></Node>
<StgValue><ssdm name="sdiv_ln16"/></StgValue>
</operation>
</state>

<state id="34" st_id="34">

<operation id="92" st_id="34" stage="3" lat="36">
<core>DivnS_SEQ</core>
<MemPortIdVec></MemPortIdVec>
<condition id="-1">
<or_exp><and_exp></and_exp></or_exp>
</condition>

<Node id="19" bw="32" op_0_bw="32" op_1_bw="32">
<![CDATA[
sw.bb3:0 %sdiv_ln16 = sdiv i32 %A_read, i32 %B_read

]]></Node>
<StgValue><ssdm name="sdiv_ln16"/></StgValue>
</operation>
</state>

<state id="35" st_id="35">

<operation id="93" st_id="35" stage="2" lat="36">
<core>DivnS_SEQ</core>
<MemPortIdVec></MemPortIdVec>
<condition id="-1">
<or_exp><and_exp></and_exp></or_exp>
</condition>

<Node id="19" bw="32" op_0_bw="32" op_1_bw="32">
<![CDATA[
sw.bb3:0 %sdiv_ln16 = sdiv i32 %A_read, i32 %B_read

]]></Node>
<StgValue><ssdm name="sdiv_ln16"/></StgValue>
</operation>
</state>

<state id="36" st_id="36">

<operation id="94" st_id="36" stage="1" lat="36">
<core>DivnS_SEQ</core>
<MemPortIdVec></MemPortIdVec>
<condition id="-1">
<or_exp><and_exp><literal name="op_read" val="3"/>
</and_exp></or_exp>
</condition>

<Node id="19" bw="32" op_0_bw="32" op_1_bw="32">
<![CDATA[
sw.bb3:0 %sdiv_ln16 = sdiv i32 %A_read, i32 %B_read

]]></Node>
<StgValue><ssdm name="sdiv_ln16"/></StgValue>
</operation>

<operation id="95" st_id="36" stage="1" lat="1">
<core>NULL</core>
<MemPortIdVec></MemPortIdVec>
<condition id="-1">
<or_exp><and_exp><literal name="op_read" val="3"/>
</and_exp></or_exp>
</condition>

<Node id="20" bw="0" op_0_bw="0" op_1_bw="32" op_2_bw="32">
<![CDATA[
sw.bb3:1 %write_ln16 = write void @_ssdm_op_Write.ap_auto.i32P0A, i32 %C, i32 %sdiv_ln16

]]></Node>
<StgValue><ssdm name="write_ln16"/></StgValue>
</operation>

<operation id="96" st_id="36" stage="1" lat="1">
<core>NULL</core>
<MemPortIdVec></MemPortIdVec>
<condition id="-1">
<or_exp><and_exp><literal name="op_read" val="3"/>
</and_exp></or_exp>
</condition>

<Node id="21" bw="0" op_0_bw="0">
<![CDATA[
sw.bb3:2 %br_ln17 = br void %sw.epilog

]]></Node>
<StgValue><ssdm name="br_ln17"/></StgValue>
</operation>

<operation id="97" st_id="36" stage="1" lat="1">
<core>NULL</core>
<MemPortIdVec></MemPortIdVec>
<condition id="-1">
<or_exp><and_exp></and_exp></or_exp>
</condition>

<Node id="35" bw="0">
<![CDATA[
sw.epilog:0 %ret_ln21 = ret

]]></Node>
<StgValue><ssdm name="ret_ln21"/></StgValue>
</operation>
</state>
</state_list>


<ports>
</ports>


<dataflows>
</dataflows>


</stg>
