<profile>

<section name = "Vitis HLS Report for 'simpleALU'" level="0">
<item name = "Date">Fri Nov 28 13:41:51 2025
</item>
<item name = "Version">2022.2 (Build 3670227 on Oct 13 2022)</item>
<item name = "Project">Lab0</item>
<item name = "Solution">solution1 (Vivado IP Flow Target)</item>
<item name = "Product family">virtexuplus</item>
<item name = "Target device">xcvu11p-flga2577-1-e</item>
</section>

<section name = "Performance Estimates" level="0">
<item name = "Timing">
<section name = "" level="1">
<item name = "Summary"><table name="" hasTotal="0">
<keys size="4">Clock, Target, Estimated, Uncertainty</keys>
<column name="ap_clk">10.00 ns, 3.900 ns, 2.70 ns</column>
</table>
</item>
</section>
</item>
<item name = "Latency">
<section name = "" level="1">
<item name = "Summary"><table name="" hasTotal="0">
<keys size="8">, min, max, min, max, min, max, Type</keys>
<column name="">1, 35, 10.000 ns, 0.350 us, 2, 36, no</column>
</table>
</item>
<item name = "Detail">
<section name = "" level="1">
<item name = "Instance"><table name="" hasTotal="0">
<keys size="9">Instance, Module, min, max, min, max, min, max, Type</keys>
</table>
</item>
<item name = "Loop"><table name="" hasTotal="0">
<keys size="8">Loop Name, min, max, Latency, achieved, target, Count, Pipelined</keys>
</table>
</item>
</section>
</item>
</section>
</item>
</section>
</profile>
