<stg><name>simpleALU</name>


<trans_list>

<trans id="98" from="1" to="2">
<condition id="-1">
<or_exp><and_exp><literal name="op_read" val="3"/>
</and_exp></or_exp>
</condition>
</trans>

<trans id="99" from="1" to="36">
<condition id="-1">
<or_exp><and_exp><literal name="op_read" val="!3"/>
</and_exp></or_exp>
</condition>
</trans>

<trans id="101" from="2" to="3">
<condition id="-1">
<or_exp><and_exp></and_exp></or_exp>
</condition>
</trans>

<trans id="102" from="3" to="4">
<condition id="-1">
<or_exp><and_exp></and_exp></or_exp>
</condition>
</trans>

<trans id="103" from="4" to="5">
<condition id="-1">
<or_exp><and_exp></and_exp></or_exp>
</condition>
</trans>

<trans id="104" from="5" to="6">
<condition id="-1">
<or_exp><and_exp></and_exp></or_exp>
</condition>
</trans>

<trans id="105" from="6" to="7">
<condition id="-1">
<or_exp><and_exp></and_exp></or_exp>
</condition>
</trans>

<trans id="106" from="7" to="8">
<condition id="-1">
<or_exp><and_exp></and_exp></or_exp>
</condition>
</trans>

<trans id="107" from="8" to="9">
<condition id="-1">
<or_exp><and_exp></and_exp></or_exp>
</condition>
</trans>

<trans id="108" from="9" to="10">
<condition id="-1">
<or_exp><and_exp></and_exp></or_exp>
</condition>
</trans>

<trans id="109" from="10" to="11">
<condition id="-1">
<or_exp><and_exp></and_exp></or_exp>
</condition>
</trans>

<trans id="110" from="11" to="12">
<condition id="-1">
<or_exp><and_exp></and_exp></or_exp>
</condition>
</trans>

<trans id="111" from="12" to="13">
<condition id="-1">
<or_exp><and_exp></and_exp></or_exp>
</condition>
</trans>

<trans id="112" from="13" to="14">
<condition id="-1">
<or_exp><and_exp></and_exp></or_exp>
</condition>
</trans>

<trans id="113" from="14" to="15">
<condition id="-1">
<or_exp><and_exp></and_exp></or_exp>
</condition>
</trans>

<trans id="114" from="15" to="16">
<condition id="-1">
<or_exp><and_exp></and_exp></or_exp>
</condition>
</trans>

<trans id="115" from="16" to="17">
<condition id="-1">
<or_exp><and_exp></and_exp></or_exp>
</condition>
</trans>

<trans id="116" from="17" to="18">
<condition id="-1">
<or_exp><and_exp></and_exp></or_exp>
</condition>
</trans>

<trans id="117" from="18" to="19">
<condition id="-1">
<or_exp><and_exp></and_exp></or_exp>
</condition>
</trans>

<trans id="118" from="19" to="20">
<condition id="-1">
<or_exp><and_exp></and_exp></or_exp>
</condition>
</trans>

<trans id="119" from="20" to="21">
<condition id="-1">
<or_exp><and_exp></and_exp></or_exp>
</condition>
</trans>

<trans id="120" from="21" to="22">
<condition id="-1">
<or_exp><and_exp></and_exp></or_exp>
</condition>
</trans>

<trans id="121" from="22" to="23">
<condition id="-1">
<or_exp><and_exp></and_exp></or_exp>
</condition>
</trans>

<trans id="122" from="23" to="24">
<condition id="-1">
<or_exp><and_exp></and_exp></or_exp>
</condition>
</trans>

<trans id="123" from="24" to="25">
<condition id="-1">
<or_exp><and_exp></and_exp></or_exp>
</condition>
</trans>

<trans id="124" from="25" to="26">
<condition id="-1">
<or_exp><and_exp></and_exp></or_exp>
</condition>
</trans>

<trans id="125" from="26" to="27">
<condition id="-1">
<or_exp><and_exp></and_exp></or_exp>
</condition>
</trans>

<trans id="126" from="27" to="28">
<condition id="-1">
<or_exp><and_exp></and_exp></or_exp>
</condition>
</trans>

<trans id="127" from="28" to="29">
<condition id="-1">
<or_exp><and_exp></and_exp></or_exp>
</condition>
</trans>

<trans id="128" from="29" to="30">
<condition id="-1">
<or_exp><and_exp></and_exp></or_exp>
</condition>
</trans>

<trans id="129" from="30" to="31">
<condition id="-1">
<or_exp><and_exp></and_exp></or_exp>
</condition>
</trans>

<trans id="130" from="31" to="32">
<condition id="-1">
<or_exp><and_exp></and_exp></or_exp>
</condition>
</trans>

<trans id="131" from="32" to="33">
<condition id="-1">
<or_exp><and_exp></and_exp></or_exp>
</condition>
</trans>

<trans id="132" from="33" to="34">
<condition id="-1">
<or_exp><and_exp></and_exp></or_exp>
</condition>
</trans>

<trans id="133" from="34" to="35">
<condition id="-1">
<or_exp><and_exp></and_exp></or_exp>
</condition>
</trans>

<trans id="134" from="35" to="36">
<condition id="-1">
<or_exp><and_exp></and_exp></or_exp>
</condition>
</trans>
</trans_list>



<state_list>

<state id="1" st_id="1">

<operation id="37" st_id="1" stage="1" lat="1">
<core>NULL</core>
<MemPortIdVec></MemPortIdVec>
<condition id="-1">
<or_exp><and_exp></and_exp></or_exp>
</condition>

<Node id="5" bw="0" op_0_bw="0" op_1_bw="0">
<![CDATA[
entry:0 %spectopmodule_ln1 = spectopmodule void @_ssdm_op_SpecTopModule, void @empty_1

]]></Node>
<StgValue><ssdm name="spectopmodule_ln1"/></StgValue>
</operation>

<operation id="38" st_id="1" stage="1" lat="1">
<core>NULL</core>
<MemPortIdVec></MemPortIdVec>
<condition id="-1">
<or_exp><and_exp></and_exp></or_exp>
</condition>

<Node id="6" bw="0" op_0_bw="0" op_1_bw="32">
<![CDATA[
entry:1 %specbitsmap_ln0 = specbitsmap void @_ssdm_op_SpecBitsMap, i32 %A

]]></Node>
<StgValue><ssdm name="specbitsmap_ln0"/></StgValue>
</operation>

<operation id="39" st_id="1" stage="1" lat="1">
<core>NULL</core>
<MemPortIdVec></MemPortIdVec>
<condition id="-1">
<or_exp><and_exp></and_exp></or_exp>
</condition>

<Node id="7" bw="0" op_0_bw="0" op_1_bw="32" op_2_bw="0" op_3_bw="32" op_4_bw="32" op_5_bw="0" op_6_bw="32" op_7_bw="32" op_8_bw="0" op_9_bw="0" op_10_bw="0" op_11_bw="32" op_12_bw="32" op_13_bw="32" op_14_bw="32" op_15_bw="0" op_16_bw="0" op_17_bw="32" op_18_bw="32">
<![CDATA[
entry:2 %specinterface_ln0 = specinterface void @_ssdm_op_SpecInterface, i32 %A, void @empty, i32 0, i32 0, void @empty_0, i32 0, i32 0, void @empty_0, void @empty_0, void @empty_0, i32 0, i32 0, i32 0, i32 0, void @empty_0, void @empty_0, i32 4294967295, i32 0

]]></Node>
<StgValue><ssdm name="specinterface_ln0"/></StgValue>
</operation>

<operation id="40" st_id="1" stage="1" lat="1">
<core>NULL</core>
<MemPortIdVec></MemPortIdVec>
<condition id="-1">
<or_exp><and_exp></and_exp></or_exp>
</condition>

<Node id="8" bw="0" op_0_bw="0" op_1_bw="32">
<![CDATA[
entry:3 %specbitsmap_ln0 = specbitsmap void @_ssdm_op_SpecBitsMap, i32 %B

]]></Node>
<StgValue><ssdm name="specbitsmap_ln0"/></StgValue>
</operation>

<operation id="41" st_id="1" stage="1" lat="1">
<core>NULL</core>
<MemPortIdVec></MemPortIdVec>
<condition id="-1">
<or_exp><and_exp></and_exp></or_exp>
</condition>

<Node id="9" bw="0" op_0_bw="0" op_1_bw="32" op_2_bw="0" op_3_bw="32" op_4_bw="32" op_5_bw="0" op_6_bw="32" op_7_bw="32" op_8_bw="0" op_9_bw="0" op_10_bw="0" op_11_bw="32" op_12_bw="32" op_13_bw="32" op_14_bw="32" op_15_bw="0" op_16_bw="0" op_17_bw="32" op_18_bw="32">
<![CDATA[
entry:4 %specinterface_ln0 = specinterface void @_ssdm_op_SpecInterface, i32 %B, void @empty, i32 0, i32 0, void @empty_0, i32 0, i32 0, void @empty_0, void @empty_0, void @empty_0, i32 0, i32 0, i32 0, i32 0, void @empty_0, void @empty_0, i32 4294967295, i32 0

]]></Node>
<StgValue><ssdm name="specinterface_ln0"/></StgValue>
</operation>

<operation id="42" st_id="1" stage="1" lat="1">
<core>NULL</core>
<MemPortIdVec></MemPortIdVec>
<condition id="-1">
<or_exp><and_exp></and_exp></or_exp>
</condition>

<Node id="10" bw="0" op_0_bw="0" op_1_bw="32">
<![CDATA[
entry:5 %specbitsmap_ln0 = specbitsmap void @_ssdm_op_SpecBitsMap, i32 %op

]]></Node>
<StgValue><ssdm name="specbitsmap_ln0"/></StgValue>
</operation>

<operation id="43" st_id="1" stage="1" lat="1">
<core>NULL</core>
<MemPortIdVec></MemPortIdVec>
<condition id="-1">
<or_exp><and_exp></and_exp></or_exp>
</condition>

<Node id="11" bw="0" op_0_bw="0" op_1_bw="32" op_2_bw="0" op_3_bw="32" op_4_bw="32" op_5_bw="0" op_6_bw="32" op_7_bw="32" op_8_bw="0" op_9_bw="0" op_10_bw="0" op_11_bw="32" op_12_bw="32" op_13_bw="32" op_14_bw="32" op_15_bw="0" op_16_bw="0" op_17_bw="32" op_18_bw="32">
<![CDATA[
entry:6 %specinterface_ln0 = specinterface void @_ssdm_op_SpecInterface, i32 %op, void @empty, i32 0, i32 0, void @empty_0, i32 0, i32 0, void @empty_0, void @empty_0, void @empty_0, i32 0, i32 0, i32 0, i32 0, void @empty_0, void @empty_0, i32 4294967295, i32 0

]]></Node>
<StgValue><ssdm name="specinterface_ln0"/></StgValue>
</operation>

<operation id="44" st_id="1" stage="1" lat="1">
<core>NULL</core>
<MemPortIdVec></MemPortIdVec>
<condition id="-1">
<or_exp><and_exp></and_exp></or_exp>
</condition>

<Node id="12" bw="0" op_0_bw="0" op_1_bw="32">
<![CDATA[
entry:7 %specbitsmap_ln0 = specbitsmap void @_ssdm_op_SpecBitsMap, i32 %C

]]></Node>
<StgValue><ssdm name="specbitsmap_ln0"/></StgValue>
</operation>

<operation id="45" st_id="1" stage="1" lat="1">
<core>NULL</core>
<MemPortIdVec></MemPortIdVec>
<condition id="-1">
<or_exp><and_exp></and_exp></or_exp>
</condition>

<Node id="13" bw="0" op_0_bw="0" op_1_bw="32" op_2_bw="0" op_3_bw="32" op_4_bw="32" op_5_bw="0" op_6_bw="32" op_7_bw="32" op_8_bw="0" op_9_bw="0" op_10_bw="0" op_11_bw="32" op_12_bw="32" op_13_bw="32" op_14_bw="32" op_15_bw="0" op_16_bw="0" op_17_bw="32" op_18_bw="32">
<![CDATA[
entry:8 %specinterface_ln0 = specinterface void @_ssdm_op_SpecInterface, i32 %C, void @empty, i32 0, i32 0, void @empty_0, i32 0, i32 0, void @empty_0, void @empty_0, void @empty_0, i32 0, i32 0, i32 0, i32 0, void @empty_0, void @empty_0, i32 4294967295, i32 0

]]></Node>
<StgValue><ssdm name="specinterface_ln0"/></StgValue>
</operation>

<operation id="46" st_id="1" stage="1" lat="1">
<core>NULL</core>
<MemPortIdVec></MemPortIdVec>
<condition id="-1">
<or_exp><and_exp></and_exp></or_exp>
</condition>

<Node id="14" bw="32" op_0_bw="32" op_1_bw="32">
<![CDATA[
entry:9 %op_read = read i32 @_ssdm_op_Read.ap_auto.i32, i32 %op

]]></Node>
<StgValue><ssdm name="op_read"/></StgValue>
</operation>

<operation id="47" st_id="1" stage="1" lat="1">
<core>NULL</core>
<MemPortIdVec></MemPortIdVec>
<condition id="-1">
<or_exp><and_exp></and_exp></or_exp>
</condition>

<Node id="15" bw="32" op_0_bw="32" op_1_bw="32">
<![CDATA[
entry:10 %B_read = read i32 @_ssdm_op_Read.ap_auto.i32, i32 %B

]]></Node>
<StgValue><ssdm name="B_read"/></StgValue>
</operation>

<operation id="48" st_id="1" stage="1" lat="1">
<core>NULL</core>
<MemPortIdVec></MemPortIdVec>
<condition id="-1">
<or_exp><and_exp></and_exp></or_exp>
</condition>

<Node id="16" bw="32" op_0_bw="32" op_1_bw="32">
<![CDATA[
entry:11 %A_read = read i32 @_ssdm_op_Read.ap_auto.i32, i32 %A

]]></Node>
<StgValue><ssdm name="A_read"/></StgValue>
</operation>

<operation id="49" st_id="1" stage="1" lat="1">
<core>NULL</core>
<MemPortIdVec></MemPortIdVec>
<condition id="-1">
<or_exp><and_exp></and_exp></or_exp>
</condition>

<Node id="17" bw="0" op_0_bw="32" op_1_bw="0" op_2_bw="32" op_3_bw="0" op_4_bw="32" op_5_bw="0" op_6_bw="32" op_7_bw="0" op_8_bw="32" op_9_bw="0">
<![CDATA[
entry:12 %switch_ln2 = switch i32 %op_read, void %sw.epilog, i32 0, void %sw.bb, i32 1, void %sw.bb1, i32 2, void %sw.bb2, i32 3, void %sw.bb3

]]></Node>
<StgValue><ssdm name="switch_ln2"/></StgValue>
</operation>

<operation id="50" st_id="1" stage="36" lat="36">
<core>DivnS_SEQ</core>
<MemPortIdVec></MemPortIdVec>
<condition id="-1">
<or_exp><and_exp><literal name="op_read" val="3"/>
</and_exp></or_exp>
</condition>

<Node id="19" bw="32" op_0_bw="32" op_1_bw="32">
<![CDATA[
sw.bb3:0 %sdiv_ln16 = sdiv i32 %A_read, i32 %B_read

]]></Node>
<StgValue><ssdm name="sdiv_ln16"/></StgValue>
</operation>

<operation id="51" st_id="1" stage="1" lat="1">
<core>Multiplier</core>
<MemPortIdVec></MemPortIdVec>
<condition id="-1">
<or_exp><and_exp><literal name="op_read" val="2"/>
</and_exp></or_exp>
</condition>

<Node id="23" bw="32" op_0_bw="32" op_1_bw="32">
<![CDATA[
sw.bb2:0 %mul_ln12 = mul i32 %B_read, i32 %A_read

]]></Node>
<StgValue><ssdm name="mul_ln12"/></StgValue>
</operation>

<operation id="52" st_id="1" stage="1" lat="1">
<core>NULL</core>
<MemPortIdVec></MemPortIdVec>
<condition id="-1">
<or_exp><and_exp><literal name="op_read" val="2"/>
</and_exp></or_exp>
</condition>

<Node id="24" bw="0" op_0_bw="0" op_1_bw="32" op_2_bw="32">
<![CDATA[
sw.bb2:1 %write_ln12 = write void @_ssdm_op_Write.ap_auto.i32P0A, i32 %C, i32 %mul_ln12

]]></Node>
<StgValue><ssdm name="write_ln12"/></StgValue>
</operation>

<operation id="53" st_id="1" stage="1" lat="1">
<core>NULL</core>
<MemPortIdVec></MemPortIdVec>
<condition id="-1">
<or_exp><and_exp><literal name="op_read" val="2"/>
</and_exp></or_exp>
</condition>

<Node id="25" bw="0" op_0_bw="0">
<![CDATA[
sw.bb2:2 %br_ln13 = br void %sw.epilog

]]></Node>
<StgValue><ssdm name="br_ln13"/></StgValue>
</operation>

<operation id="54" st_id="1" stage="1" lat="1">
<core>Adder</core>
<MemPortIdVec></MemPortIdVec>
<condition id="-1">
<or_exp><and_exp><literal name="op_read" val="1"/>
</and_exp></or_exp>
</condition>

<Node id="27" bw="32" op_0_bw="32" op_1_bw="32">
<![CDATA[
sw.bb1:0 %sub_ln8 = sub i32 %A_read, i32 %B_read

]]></Node>
<StgValue><ssdm name="sub_ln8"/></StgValue>
</operation>

<operation id="55" st_id="1" stage="1" lat="1">
<core>NULL</core>
<MemPortIdVec></MemPortIdVec>
<condition id="-1">
<or_exp><and_exp><literal name="op_read" val="1"/>
</and_exp></or_exp>
</condition>

<Node id="28" bw="0" op_0_bw="0" op_1_bw="32" op_2_bw="32">
<![CDATA[
sw.bb1:1 %write_ln8 = write void @_ssdm_op_Write.ap_auto.i32P0A, i32 %C, i32 %sub_ln8

]]></Node>
<StgValue><ssdm name="write_ln8"/></StgValue>
</operation>

<operation id="56" st_id="1" stage="1" lat="1">
<core>NULL</core>
<MemPortIdVec></MemPortIdVec>
<condition id="-1">
<or_exp><and_exp><literal name="op_read" val="1"/>
</and_exp></or_exp>
</condition>

<Node id="29" bw="0" op_0_bw="0">
<![CDATA[
sw.bb1:2 %br_ln9 = br void %sw.epilog

]]></Node>
<StgValue><ssdm name="br_ln9"/></StgValue>
</operation>

<operation id="57" st_id="1" stage="1" lat="1">
<core>Adder</core>
<MemPortIdVec></MemPortIdVec>
<condition id="-1">
<or_exp><and_exp><literal name="op_read" val="0"/>
</and_exp></or_exp>
</condition>

<Node id="31" bw="32" op_0_bw="32" op_1_bw="32">
<![CDATA[
sw.bb:0 %add_ln4 = add i32 %B_read, i32 %A_read

]]></Node>
<StgValue><ssdm name="add_ln4"/></StgValue>
</operation>

<operation id="58" st_id="1" stage="1" lat="1">
<core>NULL</core>
<MemPortIdVec></MemPortIdVec>
<condition id="-1">
<or_exp><and_exp><literal name="op_read" val="0"/>
</and_exp></or_exp>
</condition>

<Node id="32" bw="0" op_0_bw="0" op_1_bw="32" op_2_bw="32">
<![CDATA[
sw.bb:1 %write_ln4 = write void @_ssdm_op_Write.ap_auto.i32P0A, i32 %C, i32 %add_ln4

]]></Node>
<StgValue><ssdm name="write_ln4"/></StgValue>
</operation>

<operation id="59" st_id="1" stage="1" lat="1">
<core>NULL</core>
<MemPortIdVec></MemPortIdVec>
<condition id="-1">
<or_exp><and_exp><literal name="op_read" val="0"/>
</and_exp></or_exp>
</condition>

<Node id="33" bw="0" op_0_bw="0">
<![CDATA[
sw.bb:2 %br_ln5 = br void %sw.epilog

]]></Node>
<StgValue><ssdm name="br_ln5"/></StgValue>
</operation>
</state>

<state id="2" st_id="2">

<operation id="60" st_id="2" stage="35" lat="36">
<core>DivnS_SEQ</core>
<MemPortIdVec></MemPortIdVec>
<condition id="-1">
<or_exp><and_exp></and_exp></or_exp>
</condition>

<Node id="19" bw="32" op_0_bw="32" op_1_bw="32">
<![CDATA[
sw.bb3:0 %sdiv_ln16 = sdiv i32 %A_read, i32 %B_read

]]></Node>
<StgValue><ssdm name="sdiv_ln16"/></StgValue>
</operation>
</state>

<state id="3" st_id="3">

<operation id="61" st_id="3" stage="34" lat="36">
<core>DivnS_SEQ</core>
<MemPortIdVec></MemPortIdVec>
<condition id="-1">
<or_exp><and_exp></and_exp></or_exp>
</condition>

<Node id="19" bw="32" op_0_bw="32" op_1_bw="32">
<![CDATA[
sw.bb3:0 %sdiv_ln16 = sdiv i32 %A_read, i32 %B_read

]]></Node>
<StgValue><ssdm name="sdiv_ln16"/></StgValue>
</operation>
</state>

<state id="4" st_id="4">

<operation id="62" st_id="4" stage="33" lat="36">
<core>DivnS_SEQ</core>
<MemPortIdVec></MemPortIdVec>
<condition id="-1">
<or_exp><and_exp></and_exp></or_exp>
</condition>

<Node id="19" bw="32" op_0_bw="32" op_1_bw="32">
<![CDATA[
sw.bb3:0 %sdiv_ln16 = sdiv i32 %A_read, i32 %B_read

]]></Node>
<StgValue><ssdm name="sdiv_ln16"/></StgValue>
</operation>
</state>

<state id="5" st_id="5">

<operation id="63" st_id="5" stage="32" lat="36">
<core>DivnS_SEQ</core>
<MemPortIdVec></MemPortIdVec>
<condition id="-1">
<or_exp><and_exp></and_exp></or_exp>
</condition>

<Node id="19" bw="32" op_0_bw="32" op_1_bw="32">
<![CDATA[
sw.bb3:0 %sdiv_ln16 = sdiv i32 %A_read, i32 %B_read

]]></Node>
<StgValue><ssdm name="sdiv_ln16"/></StgValue>
</operation>
</state>

<state id="6" st_id="6">

<operation id="64" st_id="6" stage="31" lat="36">
<core>DivnS_SEQ</core>
<MemPortIdVec></MemPortIdVec>
<condition id="-1">
<or_exp><and_exp></and_exp></or_exp>
</condition>

<Node id="19" bw="32" op_0_bw="32" op_1_bw="32">
<![CDATA[
sw.bb3:0 %sdiv_ln16 = sdiv i32 %A_read, i32 %B_read

]]></Node>
<StgValue><ssdm name="sdiv_ln16"/></StgValue>
</operation>
</state>

<state id="7" st_id="7">

<operation id="65" st_id="7" stage="30" lat="36">
<core>DivnS_SEQ</core>
<MemPortIdVec></MemPortIdVec>
<condition id="-1">
<or_exp><and_exp></and_exp></or_exp>
</condition>

<Node id="19" bw="32" op_0_bw="32" op_1_bw="32">
<![CDATA[
sw.bb3:0 %sdiv_ln16 = sdiv i32 %A_read, i32 %B_read

]]></Node>
<StgValue><ssdm name="sdiv_ln16"/></StgValue>
</operation>
</state>

<state id="8" st_id="8">

<operation id="66" st_id="8" stage="29" lat="36">
<core>DivnS_SEQ</core>
<MemPortIdVec></MemPortIdVec>
<condition id="-1">
<or_exp><and_exp></and_exp></or_exp>
</condition>

<Node id="19" bw="32" op_0_bw="32" op_1_bw="32">
<![CDATA[
sw.bb3:0 %sdiv_ln16 = sdiv i32 %A_read, i32 %B_read

]]></Node>
<StgValue><ssdm name="sdiv_ln16"/></StgValue>
</operation>
</state>

<state id="9" st_id="9">

<operation id="67" st_id="9" stage="28" lat="36">
<core>DivnS_SEQ</core>
<MemPortIdVec></MemPortIdVec>
<condition id="-1">
<or_exp><and_exp></and_exp></or_exp>
</condition>

<Node id="19" bw="32" op_0_bw="32" op_1_bw="32">
<![CDATA[
sw.bb3:0 %sdiv_ln16 = sdiv i32 %A_read, i32 %B_read

]]></Node>
<StgValue><ssdm name="sdiv_ln16"/></StgValue>
</operation>
</state>

<state id="10" st_id="10">

<operation id="68" st_id="10" stage="27" lat="36">
<core>DivnS_SEQ</core>
<MemPortIdVec></MemPortIdVec>
<condition id="-1">
<or_exp><and_exp></and_exp></or_exp>
</condition>

<Node id="19" bw="32" op_0_bw="32" op_1_bw="32">
<![CDATA[
sw.bb3:0 %sdiv_ln16 = sdiv i32 %A_read, i32 %B_read

]]></Node>
<StgValue><ssdm name="sdiv_ln16"/></StgValue>
</operation>
</state>

<state id="11" st_id="11">

<operation id="69" st_id="11" stage="26" lat="36">
<core>DivnS_SEQ</core>
<MemPortIdVec></MemPortIdVec>
<condition id="-1">
<or_exp><and_exp></and_exp></or_exp>
</condition>

<Node id="19" bw="32" op_0_bw="32" op_1_bw="32">
<![CDATA[
sw.bb3:0 %sdiv_ln16 = sdiv i32 %A_read, i32 %B_read

]]></Node>
<StgValue><ssdm name="sdiv_ln16"/></StgValue>
</operation>
</state>

<state id="12" st_id="12">

<operation id="70" st_id="12" stage="25" lat="36">
<core>DivnS_SEQ</core>
<MemPortIdVec></MemPortIdVec>
<condition id="-1">
<or_exp><and_exp></and_exp></or_exp>
</condition>

<Node id="19" bw="32" op_0_bw="32" op_1_bw="32">
<![CDATA[
sw.bb3:0 %sdiv_ln16 = sdiv i32 %A_read, i32 %B_read

]]></Node>
<StgValue><ssdm name="sdiv_ln16"/></StgValue>
</operation>
</state>

<state id="13" st_id="13">

<operation id="71" st_id="13" stage="24" lat="36">
<core>DivnS_SEQ</core>
<MemPortIdVec></MemPortIdVec>
<condition id="-1">
<or_exp><and_exp></and_exp></or_exp>
</condition>

<Node id="19" bw="32" op_0_bw="32" op_1_bw="32">
<![CDATA[
sw.bb3:0 %sdiv_ln16 = sdiv i32 %A_read, i32 %B_read

]]></Node>
<StgValue><ssdm name="sdiv_ln16"/></StgValue>
</operation>
</state>

<state id="14" st_id="14">

<operation id="72" st_id="14" stage="23" lat="36">
<core>DivnS_SEQ</core>
<MemPortIdVec></MemPortIdVec>
<condition id="-1">
<or_exp><and_exp></and_exp></or_exp>
</condition>

<Node id="19" bw="32" op_0_bw="32" op_1_bw="32">
<![CDATA[
sw.bb3:0 %sdiv_ln16 = sdiv i32 %A_read, i32 %B_read

]]></Node>
<StgValue><ssdm name="sdiv_ln16"/></StgValue>
</operation>
</state>

<state id="15" st_id="15">

<operation id="73" st_id="15" stage="22" lat="36">
<core>DivnS_SEQ</core>
<MemPortIdVec></MemPortIdVec>
<condition id="-1">
<or_exp><and_exp></and_exp></or_exp>
</condition>

<Node id="19" bw="32" op_0_bw="32" op_1_bw="32">
<![CDATA[
sw.bb3:0 %sdiv_ln16 = sdiv i32 %A_read, i32 %B_read

]]></Node>
<StgValue><ssdm name="sdiv_ln16"/></StgValue>
</operation>
</state>

<state id="16" st_id="16">

<operation id="74" st_id="16" stage="21" lat="36">
<core>DivnS_SEQ</core>
<MemPortIdVec></MemPortIdVec>
<condition id="-1">
<or_exp><and_exp></and_exp></or_exp>
</condition>

<Node id="19" bw="32" op_0_bw="32" op_1_bw="32">
<![CDATA[
sw.bb3:0 %sdiv_ln16 = sdiv i32 %A_read, i32 %B_read

]]></Node>
<StgValue><ssdm name="sdiv_ln16"/></StgValue>
</operation>
</state>

<state id="17" st_id="17">

<operation id="75" st_id="17" stage="20" lat="36">
<core>DivnS_SEQ</core>
<MemPortIdVec></MemPortIdVec>
<condition id="-1">
<or_exp><and_exp></and_exp></or_exp>
</condition>

<Node id="19" bw="32" op_0_bw="32" op_1_bw="32">
<![CDATA[
sw.bb3:0 %sdiv_ln16 = sdiv i32 %A_read, i32 %B_read

]]></Node>
<StgValue><ssdm name="sdiv_ln16"/></StgValue>
</operation>
</state>

<state id="18" st_id="18">

<operation id="76" st_id="18" stage="19" lat="36">
<core>DivnS_SEQ</core>
<MemPortIdVec></MemPortIdVec>
<condition id="-1">
<or_exp><and_exp></and_exp></or_exp>
</condition>

<Node id="19" bw="32" op_0_bw="32" op_1_bw="32">
<![CDATA[
sw.bb3:0 %sdiv_ln16 = sdiv i32 %A_read, i32 %B_read

]]></Node>
<StgValue><ssdm name="sdiv_ln16"/></StgValue>
</operation>
</state>

<state id="19" st_id="19">

<operation id="77" st_id="19" stage="18" lat="36">
<core>DivnS_SEQ</core>
<MemPortIdVec></MemPortIdVec>
<condition id="-1">
<or_exp><and_exp></and_exp></or_exp>
</condition>

<Node id="19" bw="32" op_0_bw="32" op_1_bw="32">
<![CDATA[
sw.bb3:0 %sdiv_ln16 = sdiv i32 %A_read, i32 %B_read

]]></Node>
<StgValue><ssdm name="sdiv_ln16"/></StgValue>
</operation>
</state>

<state id="20" st_id="20">

<operation id="78" st_id="20" stage="17" lat="36">
<core>DivnS_SEQ</core>
<MemPortIdVec></MemPortIdVec>
<condition id="-1">
<or_exp><and_exp></and_exp></or_exp>
</condition>

<Node id="19" bw="32" op_0_bw="32" op_1_bw="32">
<![CDATA[
sw.bb3:0 %sdiv_ln16 = sdiv i32 %A_read, i32 %B_read

]]></Node>
<StgValue><ssdm name="sdiv_ln16"/></StgValue>
</operation>
</state>

<state id="21" st_id="21">

<operation id="79" st_id="21" stage="16" lat="36">
<core>DivnS_SEQ</core>
<MemPortIdVec></MemPortIdVec>
<condition id="-1">
<or_exp><and_exp></and_exp></or_exp>
</condition>

<Node id="19" bw="32" op_0_bw="32" op_1_bw="32">
<![CDATA[
sw.bb3:0 %sdiv_ln16 = sdiv i32 %A_read, i32 %B_read

]]></Node>
<StgValue><ssdm name="sdiv_ln16"/></StgValue>
</operation>
</state>

<state id="22" st_id="22">

<operation id="80" st_id="22" stage="15" lat="36">
<core>DivnS_SEQ</core>
<MemPortIdVec></MemPortIdVec>
<condition id="-1">
<or_exp><and_exp></and_exp></or_exp>
</condition>

<Node id="19" bw="32" op_0_bw="32" op_1_bw="32">
<![CDATA[
sw.bb3:0 %sdiv_ln16 = sdiv i32 %A_read, i32 %B_read

]]></Node>
<StgValue><ssdm name="sdiv_ln16"/></StgValue>
</operation>
</state>

<state id="23" st_id="23">

<operation id="81" st_id="23" stage="14" lat="36">
<core>DivnS_SEQ</core>
<MemPortIdVec></MemPortIdVec>
<condition id="-1">
<or_exp><and_exp></and_exp></or_exp>
</condition>

<Node id="19" bw="32" op_0_bw="32" op_1_bw="32">
<![CDATA[
sw.bb3:0 %sdiv_ln16 = sdiv i32 %A_read, i32 %B_read

]]></Node>
<StgValue><ssdm name="sdiv_ln16"/></StgValue>
</operation>
</state>

<state id="24" st_id="24">

<operation id="82" st_id="24" stage="13" lat="36">
<core>DivnS_SEQ</core>
<MemPortIdVec></MemPortIdVec>
<condition id="-1">
<or_exp><and_exp></and_exp></or_exp>
</condition>

<Node id="19" bw="32" op_0_bw="32" op_1_bw="32">
<![CDATA[
sw.bb3:0 %sdiv_ln16 = sdiv i32 %A_read, i32 %B_read

]]></Node>
<StgValue><ssdm name="sdiv_ln16"/></StgValue>
</operation>
</state>

<state id="25" st_id="25">

<operation id="83" st_id="25" stage="12" lat="36">
<core>DivnS_SEQ</core>
<MemPortIdVec></MemPortIdVec>
<condition id="-1">
<or_exp><and_exp></and_exp></or_exp>
</condition>

<Node id="19" bw="32" op_0_bw="32" op_1_bw="32">
<![CDATA[
sw.bb3:0 %sdiv_ln16 = sdiv i32 %A_read, i32 %B_read

]]></Node>
<StgValue><ssdm name="sdiv_ln16"/></StgValue>
</operation>
</state>

<state id="26" st_id="26">

<operation id="84" st_id="26" stage="11" lat="36">
<core>DivnS_SEQ</core>
<MemPortIdVec></MemPortIdVec>
<condition id="-1">
<or_exp><and_exp></and_exp></or_exp>
</condition>

<Node id="19" bw="32" op_0_bw="32" op_1_bw="32">
<![CDATA[
sw.bb3:0 %sdiv_ln16 = sdiv i32 %A_read, i32 %B_read

]]></Node>
<StgValue><ssdm name="sdiv_ln16"/></StgValue>
</operation>
</state>

<state id="27" st_id="27">

<operation id="85" st_id="27" stage="10" lat="36">
<core>DivnS_SEQ</core>
<MemPortIdVec></MemPortIdVec>
<condition id="-1">
<or_exp><and_exp></and_exp></or_exp>
</condition>

<Node id="19" bw="32" op_0_bw="32" op_1_bw="32">
<![CDATA[
sw.bb3:0 %sdiv_ln16 = sdiv i32 %A_read, i32 %B_read

]]></Node>
<StgValue><ssdm name="sdiv_ln16"/></StgValue>
</operation>
</state>

<state id="28" st_id="28">

<operation id="86" st_id="28" stage="9" lat="36">
<core>DivnS_SEQ</core>
<MemPortIdVec></MemPortIdVec>
<condition id="-1">
<or_exp><and_exp></and_exp></or_exp>
</condition>

<Node id="19" bw="32" op_0_bw="32" op_1_bw="32">
<![CDATA[
sw.bb3:0 %sdiv_ln16 = sdiv i32 %A_read, i32 %B_read

]]></Node>
<StgValue><ssdm name="sdiv_ln16"/></StgValue>
</operation>
</state>

<state id="29" st_id="29">

<operation id="87" st_id="29" stage="8" lat="36">
<core>DivnS_SEQ</core>
<MemPortIdVec></MemPortIdVec>
<condition id="-1">
<or_exp><and_exp></and_exp></or_exp>
</condition>

<Node id="19" bw="32" op_0_bw="32" op_1_bw="32">
<![CDATA[
sw.bb3:0 %sdiv_ln16 = sdiv i32 %A_read, i32 %B_read

]]></Node>
<StgValue><ssdm name="sdiv_ln16"/></StgValue>
</operation>
</state>

<state id="30" st_id="30">

<operation id="88" st_id="30" stage="7" lat="36">
<core>DivnS_SEQ</core>
<MemPortIdVec></MemPortIdVec>
<condition id="-1">
<or_exp><and_exp></and_exp></or_exp>
</condition>

<Node id="19" bw="32" op_0_bw="32" op_1_bw="32">
<![CDATA[
sw.bb3:0 %sdiv_ln16 = sdiv i32 %A_read, i32 %B_read

]]></Node>
<StgValue><ssdm name="sdiv_ln16"/></StgValue>
</operation>
</state>

<state id="31" st_id="31">

<operation id="89" st_id="31" stage="6" lat="36">
<core>DivnS_SEQ</core>
<MemPortIdVec></MemPortIdVec>
<condition id="-1">
<or_exp><and_exp></and_exp></or_exp>
</condition>

<Node id="19" bw="32" op_0_bw="32" op_1_bw="32">
<![CDATA[
sw.bb3:0 %sdiv_ln16 = sdiv i32 %A_read, i32 %B_read

]]></Node>
<StgValue><ssdm name="sdiv_ln16"/></StgValue>
</operation>
</state>

<state id="32" st_id="32">

<operation id="90" st_id="32" stage="5" lat="36">
<core>DivnS_SEQ</core>
<MemPortIdVec></MemPortIdVec>
<condition id="-1">
<or_exp><and_exp></and_exp></or_exp>
</condition>

<Node id="19" bw="32" op_0_bw="32" op_1_bw="32">
<![CDATA[
sw.bb3:0 %sdiv_ln16 = sdiv i32 %A_read, i32 %B_read

]]></Node>
<StgValue><ssdm name="sdiv_ln16"/></StgValue>
</operation>
</state>

<state id="33" st_id="33">

<operation id="91" st_id="33" stage="4" lat="36">
<core>DivnS_SEQ</core>
<MemPortIdVec></MemPortIdVec>
<condition id="-1">
<or_exp><and_exp></and_exp></or_exp>
</condition>

<Node id="19" bw="32" op_0_bw="32" op_1_bw="32">
<![CDATA[
sw.bb3:0 %sdiv_ln16 = sdiv i32 %A_read, i32 %B_read

]]></Node>
<StgValue><ssdm name="sdiv_ln16"/></StgValue>
</operation>
</state>

<state id="34" st_id="34">

<operation id="92" st_id="34" stage="3" lat="36">
<core>DivnS_SEQ</core>
<MemPortIdVec></MemPortIdVec>
<condition id="-1">
<or_exp><and_exp></and_exp></or_exp>
</condition>

<Node id="19" bw="32" op_0_bw="32" op_1_bw="32">
<![CDATA[
sw.bb3:0 %sdiv_ln16 = sdiv i32 %A_read, i32 %B_read

]]></Node>
<StgValue><ssdm name="sdiv_ln16"/></StgValue>
</operation>
</state>

<state id="35" st_id="35">

<operation id="93" st_id="35" stage="2" lat="36">
<core>DivnS_SEQ</core>
<MemPortIdVec></MemPortIdVec>
<condition id="-1">
<or_exp><and_exp></and_exp></or_exp>
</condition>

<Node id="19" bw="32" op_0_bw="32" op_1_bw="32">
<![CDATA[
sw.bb3:0 %sdiv_ln16 = sdiv i32 %A_read, i32 %B_read

]]></Node>
<StgValue><ssdm name="sdiv_ln16"/></StgValue>
</operation>
</state>

<state id="36" st_id="36">

<operation id="94" st_id="36" stage="1" lat="36">
<core>DivnS_SEQ</core>
<MemPortIdVec></MemPortIdVec>
<condition id="-1">
<or_exp><and_exp><literal name="op_read" val="3"/>
</and_exp></or_exp>
</condition>

<Node id="19" bw="32" op_0_bw="32" op_1_bw="32">
<![CDATA[
sw.bb3:0 %sdiv_ln16 = sdiv i32 %A_read, i32 %B_read

]]></Node>
<StgValue><ssdm name="sdiv_ln16"/></StgValue>
</operation>

<operation id="95" st_id="36" stage="1" lat="1">
<core>NULL</core>
<MemPortIdVec></MemPortIdVec>
<condition id="-1">
<or_exp><and_exp><literal name="op_read" val="3"/>
</and_exp></or_exp>
</condition>

<Node id="20" bw="0" op_0_bw="0" op_1_bw="32" op_2_bw="32">
<![CDATA[
sw.bb3:1 %write_ln16 = write void @_ssdm_op_Write.ap_auto.i32P0A, i32 %C, i32 %sdiv_ln16

]]></Node>
<StgValue><ssdm name="write_ln16"/></StgValue>
</operation>

<operation id="96" st_id="36" stage="1" lat="1">
<core>NULL</core>
<MemPortIdVec></MemPortIdVec>
<condition id="-1">
<or_exp><and_exp><literal name="op_read" val="3"/>
</and_exp></or_exp>
</condition>

<Node id="21" bw="0" op_0_bw="0">
<![CDATA[
sw.bb3:2 %br_ln17 = br void %sw.epilog

]]></Node>
<StgValue><ssdm name="br_ln17"/></StgValue>
</operation>

<operation id="97" st_id="36" stage="1" lat="1">
<core>NULL</core>
<MemPortIdVec></MemPortIdVec>
<condition id="-1">
<or_exp><and_exp></and_exp></or_exp>
</condition>

<Node id="35" bw="0">
<![CDATA[
sw.epilog:0 %ret_ln21 = ret

]]></Node>
<StgValue><ssdm name="ret_ln21"/></StgValue>
</operation>
</state>
</state_list>


<ports>
<port id="138" name="A" dir="0" iftype="0">
<core>NULL</core><StgValue><ssdm name="A"/></StgValue>
</port>
<port id="139" name="B" dir="0" iftype="0">
<core>NULL</core><StgValue><ssdm name="B"/></StgValue>
</port>
<port id="140" name="op" dir="0" iftype="0">
<core>NULL</core><StgValue><ssdm name="op"/></StgValue>
</port>
<port id="141" name="C" dir="1" iftype="0">
<core>NULL</core><StgValue><ssdm name="C"/></StgValue>
</port>
</ports>


<dataflows>
<dataflow id="143" from="_ssdm_op_SpecTopModule" to="spectopmodule_ln1" fromId="142" toId="37">
</dataflow>
<dataflow id="145" from="empty_1" to="spectopmodule_ln1" fromId="144" toId="37">
</dataflow>
<dataflow id="147" from="_ssdm_op_SpecBitsMap" to="specbitsmap_ln0" fromId="146" toId="38">
</dataflow>
<dataflow id="148" from="A" to="specbitsmap_ln0" fromId="138" toId="38">
</dataflow>
<dataflow id="150" from="_ssdm_op_SpecInterface" to="specinterface_ln0" fromId="149" toId="39">
</dataflow>
<dataflow id="151" from="A" to="specinterface_ln0" fromId="138" toId="39">
</dataflow>
<dataflow id="153" from="empty" to="specinterface_ln0" fromId="152" toId="39">
</dataflow>
<dataflow id="155" from="StgValue_154" to="specinterface_ln0" fromId="154" toId="39">
</dataflow>
<dataflow id="156" from="StgValue_154" to="specinterface_ln0" fromId="154" toId="39">
</dataflow>
<dataflow id="158" from="empty_0" to="specinterface_ln0" fromId="157" toId="39">
</dataflow>
<dataflow id="159" from="StgValue_154" to="specinterface_ln0" fromId="154" toId="39">
</dataflow>
<dataflow id="160" from="StgValue_154" to="specinterface_ln0" fromId="154" toId="39">
</dataflow>
<dataflow id="161" from="empty_0" to="specinterface_ln0" fromId="157" toId="39">
</dataflow>
<dataflow id="162" from="empty_0" to="specinterface_ln0" fromId="157" toId="39">
</dataflow>
<dataflow id="163" from="empty_0" to="specinterface_ln0" fromId="157" toId="39">
</dataflow>
<dataflow id="164" from="StgValue_154" to="specinterface_ln0" fromId="154" toId="39">
</dataflow>
<dataflow id="165" from="StgValue_154" to="specinterface_ln0" fromId="154" toId="39">
</dataflow>
<dataflow id="166" from="StgValue_154" to="specinterface_ln0" fromId="154" toId="39">
</dataflow>
<dataflow id="167" from="StgValue_154" to="specinterface_ln0" fromId="154" toId="39">
</dataflow>
<dataflow id="168" from="empty_0" to="specinterface_ln0" fromId="157" toId="39">
</dataflow>
<dataflow id="169" from="empty_0" to="specinterface_ln0" fromId="157" toId="39">
</dataflow>
<dataflow id="171" from="StgValue_170" to="specinterface_ln0" fromId="170" toId="39">
</dataflow>
<dataflow id="172" from="StgValue_154" to="specinterface_ln0" fromId="154" toId="39">
</dataflow>
<dataflow id="173" from="_ssdm_op_SpecBitsMap" to="specbitsmap_ln0" fromId="146" toId="40">
</dataflow>
<dataflow id="174" from="B" to="specbitsmap_ln0" fromId="139" toId="40">
</dataflow>
<dataflow id="175" from="_ssdm_op_SpecInterface" to="specinterface_ln0" fromId="149" toId="41">
</dataflow>
<dataflow id="176" from="B" to="specinterface_ln0" fromId="139" toId="41">
</dataflow>
<dataflow id="177" from="empty" to="specinterface_ln0" fromId="152" toId="41">
</dataflow>
<dataflow id="178" from="StgValue_154" to="specinterface_ln0" fromId="154" toId="41">
</dataflow>
<dataflow id="179" from="StgValue_154" to="specinterface_ln0" fromId="154" toId="41">
</dataflow>
<dataflow id="180" from="empty_0" to="specinterface_ln0" fromId="157" toId="41">
</dataflow>
<dataflow id="181" from="StgValue_154" to="specinterface_ln0" fromId="154" toId="41">
</dataflow>
<dataflow id="182" from="StgValue_154" to="specinterface_ln0" fromId="154" toId="41">
</dataflow>
<dataflow id="183" from="empty_0" to="specinterface_ln0" fromId="157" toId="41">
</dataflow>
<dataflow id="184" from="empty_0" to="specinterface_ln0" fromId="157" toId="41">
</dataflow>
<dataflow id="185" from="empty_0" to="specinterface_ln0" fromId="157" toId="41">
</dataflow>
<dataflow id="186" from="StgValue_154" to="specinterface_ln0" fromId="154" toId="41">
</dataflow>
<dataflow id="187" from="StgValue_154" to="specinterface_ln0" fromId="154" toId="41">
</dataflow>
<dataflow id="188" from="StgValue_154" to="specinterface_ln0" fromId="154" toId="41">
</dataflow>
<dataflow id="189" from="StgValue_154" to="specinterface_ln0" fromId="154" toId="41">
</dataflow>
<dataflow id="190" from="empty_0" to="specinterface_ln0" fromId="157" toId="41">
</dataflow>
<dataflow id="191" from="empty_0" to="specinterface_ln0" fromId="157" toId="41">
</dataflow>
<dataflow id="192" from="StgValue_170" to="specinterface_ln0" fromId="170" toId="41">
</dataflow>
<dataflow id="193" from="StgValue_154" to="specinterface_ln0" fromId="154" toId="41">
</dataflow>
<dataflow id="194" from="_ssdm_op_SpecBitsMap" to="specbitsmap_ln0" fromId="146" toId="42">
</dataflow>
<dataflow id="195" from="op" to="specbitsmap_ln0" fromId="140" toId="42">
</dataflow>
<dataflow id="196" from="_ssdm_op_SpecInterface" to="specinterface_ln0" fromId="149" toId="43">
</dataflow>
<dataflow id="197" from="op" to="specinterface_ln0" fromId="140" toId="43">
</dataflow>
<dataflow id="198" from="empty" to="specinterface_ln0" fromId="152" toId="43">
</dataflow>
<dataflow id="199" from="StgValue_154" to="specinterface_ln0" fromId="154" toId="43">
</dataflow>
<dataflow id="200" from="StgValue_154" to="specinterface_ln0" fromId="154" toId="43">
</dataflow>
<dataflow id="201" from="empty_0" to="specinterface_ln0" fromId="157" toId="43">
</dataflow>
<dataflow id="202" from="StgValue_154" to="specinterface_ln0" fromId="154" toId="43">
</dataflow>
<dataflow id="203" from="StgValue_154" to="specinterface_ln0" fromId="154" toId="43">
</dataflow>
<dataflow id="204" from="empty_0" to="specinterface_ln0" fromId="157" toId="43">
</dataflow>
<dataflow id="205" from="empty_0" to="specinterface_ln0" fromId="157" toId="43">
</dataflow>
<dataflow id="206" from="empty_0" to="specinterface_ln0" fromId="157" toId="43">
</dataflow>
<dataflow id="207" from="StgValue_154" to="specinterface_ln0" fromId="154" toId="43">
</dataflow>
<dataflow id="208" from="StgValue_154" to="specinterface_ln0" fromId="154" toId="43">
</dataflow>
<dataflow id="209" from="StgValue_154" to="specinterface_ln0" fromId="154" toId="43">
</dataflow>
<dataflow id="210" from="StgValue_154" to="specinterface_ln0" fromId="154" toId="43">
</dataflow>
<dataflow id="211" from="empty_0" to="specinterface_ln0" fromId="157" toId="43">
</dataflow>
<dataflow id="212" from="empty_0" to="specinterface_ln0" fromId="157" toId="43">
</dataflow>
<dataflow id="213" from="StgValue_170" to="specinterface_ln0" fromId="170" toId="43">
</dataflow>
<dataflow id="214" from="StgValue_154" to="specinterface_ln0" fromId="154" toId="43">
</dataflow>
<dataflow id="215" from="_ssdm_op_SpecBitsMap" to="specbitsmap_ln0" fromId="146" toId="44">
</dataflow>
<dataflow id="216" from="C" to="specbitsmap_ln0" fromId="141" toId="44">
</dataflow>
<dataflow id="217" from="_ssdm_op_SpecInterface" to="specinterface_ln0" fromId="149" toId="45">
</dataflow>
<dataflow id="218" from="C" to="specinterface_ln0" fromId="141" toId="45">
</dataflow>
<dataflow id="219" from="empty" to="specinterface_ln0" fromId="152" toId="45">
</dataflow>
<dataflow id="220" from="StgValue_154" to="specinterface_ln0" fromId="154" toId="45">
</dataflow>
<dataflow id="221" from="StgValue_154" to="specinterface_ln0" fromId="154" toId="45">
</dataflow>
<dataflow id="222" from="empty_0" to="specinterface_ln0" fromId="157" toId="45">
</dataflow>
<dataflow id="223" from="StgValue_154" to="specinterface_ln0" fromId="154" toId="45">
</dataflow>
<dataflow id="224" from="StgValue_154" to="specinterface_ln0" fromId="154" toId="45">
</dataflow>
<dataflow id="225" from="empty_0" to="specinterface_ln0" fromId="157" toId="45">
</dataflow>
<dataflow id="226" from="empty_0" to="specinterface_ln0" fromId="157" toId="45">
</dataflow>
<dataflow id="227" from="empty_0" to="specinterface_ln0" fromId="157" toId="45">
</dataflow>
<dataflow id="228" from="StgValue_154" to="specinterface_ln0" fromId="154" toId="45">
</dataflow>
<dataflow id="229" from="StgValue_154" to="specinterface_ln0" fromId="154" toId="45">
</dataflow>
<dataflow id="230" from="StgValue_154" to="specinterface_ln0" fromId="154" toId="45">
</dataflow>
<dataflow id="231" from="StgValue_154" to="specinterface_ln0" fromId="154" toId="45">
</dataflow>
<dataflow id="232" from="empty_0" to="specinterface_ln0" fromId="157" toId="45">
</dataflow>
<dataflow id="233" from="empty_0" to="specinterface_ln0" fromId="157" toId="45">
</dataflow>
<dataflow id="234" from="StgValue_170" to="specinterface_ln0" fromId="170" toId="45">
</dataflow>
<dataflow id="235" from="StgValue_154" to="specinterface_ln0" fromId="154" toId="45">
</dataflow>
<dataflow id="237" from="_ssdm_op_Read.ap_auto.i32" to="op_read" fromId="236" toId="46">
</dataflow>
<dataflow id="238" from="op" to="op_read" fromId="140" toId="46">
</dataflow>
<dataflow id="239" from="_ssdm_op_Read.ap_auto.i32" to="B_read" fromId="236" toId="47">
</dataflow>
<dataflow id="240" from="B" to="B_read" fromId="139" toId="47">
</dataflow>
<dataflow id="241" from="_ssdm_op_Read.ap_auto.i32" to="A_read" fromId="236" toId="48">
</dataflow>
<dataflow id="242" from="A" to="A_read" fromId="138" toId="48">
</dataflow>
<dataflow id="243" from="op_read" to="switch_ln2" fromId="46" toId="49">
</dataflow>
<dataflow id="244" from="StgValue_154" to="switch_ln2" fromId="154" toId="49">
</dataflow>
<dataflow id="246" from="StgValue_245" to="switch_ln2" fromId="245" toId="49">
</dataflow>
<dataflow id="248" from="StgValue_247" to="switch_ln2" fromId="247" toId="49">
</dataflow>
<dataflow id="250" from="StgValue_249" to="switch_ln2" fromId="249" toId="49">
</dataflow>
<dataflow id="251" from="A_read" to="sdiv_ln16" fromId="48" toId="50">
</dataflow>
<dataflow id="252" from="B_read" to="sdiv_ln16" fromId="47" toId="50">
</dataflow>
<dataflow id="253" from="B_read" to="mul_ln12" fromId="47" toId="51">
</dataflow>
<dataflow id="254" from="A_read" to="mul_ln12" fromId="48" toId="51">
</dataflow>
<dataflow id="256" from="_ssdm_op_Write.ap_auto.i32P0A" to="write_ln12" fromId="255" toId="52">
</dataflow>
<dataflow id="257" from="C" to="write_ln12" fromId="141" toId="52">
</dataflow>
<dataflow id="258" from="mul_ln12" to="write_ln12" fromId="51" toId="52">
</dataflow>
<dataflow id="259" from="A_read" to="sub_ln8" fromId="48" toId="54">
</dataflow>
<dataflow id="260" from="B_read" to="sub_ln8" fromId="47" toId="54">
</dataflow>
<dataflow id="261" from="_ssdm_op_Write.ap_auto.i32P0A" to="write_ln8" fromId="255" toId="55">
</dataflow>
<dataflow id="262" from="C" to="write_ln8" fromId="141" toId="55">
</dataflow>
<dataflow id="263" from="sub_ln8" to="write_ln8" fromId="54" toId="55">
</dataflow>
<dataflow id="264" from="B_read" to="add_ln4" fromId="47" toId="57">
</dataflow>
<dataflow id="265" from="A_read" to="add_ln4" fromId="48" toId="57">
</dataflow>
<dataflow id="266" from="_ssdm_op_Write.ap_auto.i32P0A" to="write_ln4" fromId="255" toId="58">
</dataflow>
<dataflow id="267" from="C" to="write_ln4" fromId="141" toId="58">
</dataflow>
<dataflow id="268" from="add_ln4" to="write_ln4" fromId="57" toId="58">
</dataflow>
<dataflow id="269" from="A_read" to="sdiv_ln16" fromId="48" toId="60">
</dataflow>
<dataflow id="270" from="B_read" to="sdiv_ln16" fromId="47" toId="60">
</dataflow>
<dataflow id="271" from="A_read" to="sdiv_ln16" fromId="48" toId="61">
</dataflow>
<dataflow id="272" from="B_read" to="sdiv_ln16" fromId="47" toId="61">
</dataflow>
<dataflow id="273" from="A_read" to="sdiv_ln16" fromId="48" toId="62">
</dataflow>
<dataflow id="274" from="B_read" to="sdiv_ln16" fromId="47" toId="62">
</dataflow>
<dataflow id="275" from="A_read" to="sdiv_ln16" fromId="48" toId="63">
</dataflow>
<dataflow id="276" from="B_read" to="sdiv_ln16" fromId="47" toId="63">
</dataflow>
<dataflow id="277" from="A_read" to="sdiv_ln16" fromId="48" toId="64">
</dataflow>
<dataflow id="278" from="B_read" to="sdiv_ln16" fromId="47" toId="64">
</dataflow>
<dataflow id="279" from="A_read" to="sdiv_ln16" fromId="48" toId="65">
</dataflow>
<dataflow id="280" from="B_read" to="sdiv_ln16" fromId="47" toId="65">
</dataflow>
<dataflow id="281" from="A_read" to="sdiv_ln16" fromId="48" toId="66">
</dataflow>
<dataflow id="282" from="B_read" to="sdiv_ln16" fromId="47" toId="66">
</dataflow>
<dataflow id="283" from="A_read" to="sdiv_ln16" fromId="48" toId="67">
</dataflow>
<dataflow id="284" from="B_read" to="sdiv_ln16" fromId="47" toId="67">
</dataflow>
<dataflow id="285" from="A_read" to="sdiv_ln16" fromId="48" toId="68">
</dataflow>
<dataflow id="286" from="B_read" to="sdiv_ln16" fromId="47" toId="68">
</dataflow>
<dataflow id="287" from="A_read" to="sdiv_ln16" fromId="48" toId="69">
</dataflow>
<dataflow id="288" from="B_read" to="sdiv_ln16" fromId="47" toId="69">
</dataflow>
<dataflow id="289" from="A_read" to="sdiv_ln16" fromId="48" toId="70">
</dataflow>
<dataflow id="290" from="B_read" to="sdiv_ln16" fromId="47" toId="70">
</dataflow>
<dataflow id="291" from="A_read" to="sdiv_ln16" fromId="48" toId="71">
</dataflow>
<dataflow id="292" from="B_read" to="sdiv_ln16" fromId="47" toId="71">
</dataflow>
<dataflow id="293" from="A_read" to="sdiv_ln16" fromId="48" toId="72">
</dataflow>
<dataflow id="294" from="B_read" to="sdiv_ln16" fromId="47" toId="72">
</dataflow>
<dataflow id="295" from="A_read" to="sdiv_ln16" fromId="48" toId="73">
</dataflow>
<dataflow id="296" from="B_read" to="sdiv_ln16" fromId="47" toId="73">
</dataflow>
<dataflow id="297" from="A_read" to="sdiv_ln16" fromId="48" toId="74">
</dataflow>
<dataflow id="298" from="B_read" to="sdiv_ln16" fromId="47" toId="74">
</dataflow>
<dataflow id="299" from="A_read" to="sdiv_ln16" fromId="48" toId="75">
</dataflow>
<dataflow id="300" from="B_read" to="sdiv_ln16" fromId="47" toId="75">
</dataflow>
<dataflow id="301" from="A_read" to="sdiv_ln16" fromId="48" toId="76">
</dataflow>
<dataflow id="302" from="B_read" to="sdiv_ln16" fromId="47" toId="76">
</dataflow>
<dataflow id="303" from="A_read" to="sdiv_ln16" fromId="48" toId="77">
</dataflow>
<dataflow id="304" from="B_read" to="sdiv_ln16" fromId="47" toId="77">
</dataflow>
<dataflow id="305" from="A_read" to="sdiv_ln16" fromId="48" toId="78">
</dataflow>
<dataflow id="306" from="B_read" to="sdiv_ln16" fromId="47" toId="78">
</dataflow>
<dataflow id="307" from="A_read" to="sdiv_ln16" fromId="48" toId="79">
</dataflow>
<dataflow id="308" from="B_read" to="sdiv_ln16" fromId="47" toId="79">
</dataflow>
<dataflow id="309" from="A_read" to="sdiv_ln16" fromId="48" toId="80">
</dataflow>
<dataflow id="310" from="B_read" to="sdiv_ln16" fromId="47" toId="80">
</dataflow>
<dataflow id="311" from="A_read" to="sdiv_ln16" fromId="48" toId="81">
</dataflow>
<dataflow id="312" from="B_read" to="sdiv_ln16" fromId="47" toId="81">
</dataflow>
<dataflow id="313" from="A_read" to="sdiv_ln16" fromId="48" toId="82">
</dataflow>
<dataflow id="314" from="B_read" to="sdiv_ln16" fromId="47" toId="82">
</dataflow>
<dataflow id="315" from="A_read" to="sdiv_ln16" fromId="48" toId="83">
</dataflow>
<dataflow id="316" from="B_read" to="sdiv_ln16" fromId="47" toId="83">
</dataflow>
<dataflow id="317" from="A_read" to="sdiv_ln16" fromId="48" toId="84">
</dataflow>
<dataflow id="318" from="B_read" to="sdiv_ln16" fromId="47" toId="84">
</dataflow>
<dataflow id="319" from="A_read" to="sdiv_ln16" fromId="48" toId="85">
</dataflow>
<dataflow id="320" from="B_read" to="sdiv_ln16" fromId="47" toId="85">
</dataflow>
<dataflow id="321" from="A_read" to="sdiv_ln16" fromId="48" toId="86">
</dataflow>
<dataflow id="322" from="B_read" to="sdiv_ln16" fromId="47" toId="86">
</dataflow>
<dataflow id="323" from="A_read" to="sdiv_ln16" fromId="48" toId="87">
</dataflow>
<dataflow id="324" from="B_read" to="sdiv_ln16" fromId="47" toId="87">
</dataflow>
<dataflow id="325" from="A_read" to="sdiv_ln16" fromId="48" toId="88">
</dataflow>
<dataflow id="326" from="B_read" to="sdiv_ln16" fromId="47" toId="88">
</dataflow>
<dataflow id="327" from="A_read" to="sdiv_ln16" fromId="48" toId="89">
</dataflow>
<dataflow id="328" from="B_read" to="sdiv_ln16" fromId="47" toId="89">
</dataflow>
<dataflow id="329" from="A_read" to="sdiv_ln16" fromId="48" toId="90">
</dataflow>
<dataflow id="330" from="B_read" to="sdiv_ln16" fromId="47" toId="90">
</dataflow>
<dataflow id="331" from="A_read" to="sdiv_ln16" fromId="48" toId="91">
</dataflow>
<dataflow id="332" from="B_read" to="sdiv_ln16" fromId="47" toId="91">
</dataflow>
<dataflow id="333" from="A_read" to="sdiv_ln16" fromId="48" toId="92">
</dataflow>
<dataflow id="334" from="B_read" to="sdiv_ln16" fromId="47" toId="92">
</dataflow>
<dataflow id="335" from="A_read" to="sdiv_ln16" fromId="48" toId="93">
</dataflow>
<dataflow id="336" from="B_read" to="sdiv_ln16" fromId="47" toId="93">
</dataflow>
<dataflow id="337" from="A_read" to="sdiv_ln16" fromId="48" toId="94">
</dataflow>
<dataflow id="338" from="B_read" to="sdiv_ln16" fromId="47" toId="94">
</dataflow>
<dataflow id="339" from="_ssdm_op_Write.ap_auto.i32P0A" to="write_ln16" fromId="255" toId="95">
</dataflow>
<dataflow id="340" from="C" to="write_ln16" fromId="141" toId="95">
</dataflow>
<dataflow id="341" from="sdiv_ln16" to="write_ln16" fromId="94" toId="95">
</dataflow>
<dataflow id="342" from="op_read" to="StgValue_1" fromId="46" toId="1">
</dataflow>
<dataflow id="343" from="op_read" to="StgValue_36" fromId="46" toId="36">
</dataflow>
</dataflows>


</stg>
