{
  "Top": "simpleALU",
  "RtlTop": "simpleALU",
  "RtlPrefix": "",
  "RtlSubPrefix": "simpleALU_",
  "SourceLanguage": "cpp",
  "HostMachineBits": "64",
  "FunctionProtocol": "ap_ctrl_hs",
  "ResetStyle": "control",
  "Target": {
    "Family": "virtexuplus",
    "Device": "xcvu11p",
    "Package": "-flga2577",
    "Speed": "-1-e",
    "Triple": "fpga64-xilinx-none"
  },
  "Args": {
    "A": {
      "index": "0",
      "direction": "in",
      "srcType": "int",
      "srcSize": "32",
      "hwRefs": [{
          "type": "port",
          "interface": "A",
          "name": "A",
          "usage": "data",
          "direction": "in"
        }]
    },
    "B": {
      "index": "1",
      "direction": "in",
      "srcType": "int",
      "srcSize": "32",
      "hwRefs": [{
          "type": "port",
          "interface": "B",
          "name": "B",
          "usage": "data",
          "direction": "in"
        }]
    },
    "op": {
      "index": "2",
      "direction": "in",
      "srcType": "int",
      "srcSize": "32",
      "hwRefs": [{
          "type": "port",
          "interface": "op",
          "name": "op",
          "usage": "data",
          "direction": "in"
        }]
    },
    "C": {
      "index": "3",
      "direction": "out",
      "srcType": "int*",
      "srcSize": "32",
      "hwRefs": [
        {
          "type": "port",
          "interface": "C",
          "name": "C",
          "usage": "data",
          "direction": "out"
        },
        {
          "type": "port",
          "interface": "C_ap_vld",
          "name": "C_ap_vld",
          "usage": "control",
          "direction": "out"
        }
      ]
    }
  },
  "HlsSolution": {
    "FlowTarget": "vivado",
    "DirectiveTcl": [
      "set_directive_top simpleALU -name simpleALU",
      "set_directive_top simpleALU -name simpleALU"
    ],
    "ProfileOption": "0",
    "ProfileType": "none",
    "KernelName": "simpleALU"
  },
  "ClockInfo": {
    "ClockName": "ap_clk",
    "ClockPeriod": "10",
    "Uncertainty": "2.7",
    "IsCombinational": "0",
    "II": "2 ~ 36",
    "Latency": "1"
  },
  "Xdc": {"OocClocks": ["create_clock -name ap_clk -period 10.000 [get_ports ap_clk]"]},
  "Ipx": {
    "Vendor": "xilinx.com",
    "Library": "hls",
    "Name": "simpleALU",
    "Version": "1.0",
    "DisplayName": "Simplealu",
    "Revision": "2114368061",
    "Description": "An IP generated by Vitis HLS",
    "Taxonomy": "\/VITIS_HLS_IP",
    "AutoFamilySupport": "",
    "ZipFile": "xilinx_com_hls_simpleALU_1_0.zip"
  },
  "Files": {
    "CSource": ["..\/demo.cpp"],
    "Vhdl": [
      "impl\/vhdl\/simpleALU_mul_32s_32s_32_1_1.vhd",
      "impl\/vhdl\/simpleALU_sdiv_32s_32s_32_36_seq_1.vhd",
      "impl\/vhdl\/simpleALU.vhd"
    ],
    "Verilog": [
      "impl\/verilog\/simpleALU_mul_32s_32s_32_1_1.v",
      "impl\/verilog\/simpleALU_sdiv_32s_32s_32_36_seq_1.v",
      "impl\/verilog\/simpleALU.v"
    ],
    "IpMisc": ["impl\/misc\/logo.png"],
    "CsynthXml": "syn\/report\/csynth.xml",
    "DebugDir": ".debug",
    "KernelXml": ".autopilot\/db\/kernel.internal.xml",
    "Xo": "",
    "XoHlsDir": "",
    "ProtoInst": [".debug\/simpleALU.protoinst"]
  },
  "SubcoreInfo": {
    "HasXpmMemory": false,
    "HasClockedDsp": false,
    "Ip": []
  },
  "Interfaces": {
    "ap_clk": {
      "type": "clock",
      "busTypeName": "clock",
      "mode": "slave",
      "busParams": {"ASSOCIATED_RESET": "ap_rst"},
      "portMap": {"ap_clk": "CLK"},
      "ports": ["ap_clk"]
    },
    "ap_rst": {
      "type": "reset",
      "busTypeName": "reset",
      "mode": "slave",
      "busParams": {"POLARITY": "ACTIVE_HIGH"},
      "portMap": {"ap_rst": "RST"},
      "ports": ["ap_rst"]
    },
    "ap_ctrl": {
      "type": "ap_ctrl",
      "busTypeName": "acc_handshake",
      "mode": "slave",
      "portMap": {
        "ap_start": "start",
        "ap_done": "done",
        "ap_idle": "idle",
        "ap_ready": "ready"
      },
      "ports": [
        "ap_done",
        "ap_idle",
        "ap_ready",
        "ap_start"
      ]
    },
    "A": {
      "type": "data",
      "busTypeName": "data",
      "protocol": "ap_none",
      "mode": "slave",
      "dataWidth": "32",
      "portMap": {"A": "DATA"},
      "ports": ["A"],
      "constraints": [{
          "constraint_type": "pragma interface",
          "mode": "ap_none",
          "register_option": "0",
          "argName": "A"
        }]
    },
    "B": {
      "type": "data",
      "busTypeName": "data",
      "protocol": "ap_none",
      "mode": "slave",
      "dataWidth": "32",
      "portMap": {"B": "DATA"},
      "ports": ["B"],
      "constraints": [{
          "constraint_type": "pragma interface",
          "mode": "ap_none",
          "register_option": "0",
          "argName": "B"
        }]
    },
    "op": {
      "type": "data",
      "busTypeName": "data",
      "protocol": "ap_none",
      "mode": "slave",
      "dataWidth": "32",
      "portMap": {"op": "DATA"},
      "ports": ["op"],
      "constraints": [{
          "constraint_type": "pragma interface",
          "mode": "ap_none",
          "register_option": "0",
          "argName": "op"
        }]
    },
    "C": {
      "type": "data",
      "busTypeName": "data",
      "protocol": "ap_vld",
      "mode": "master",
      "dataWidth": "32",
      "portMap": {"C": "DATA"},
      "ports": ["C"],
      "constraints": [{
          "constraint_type": "pragma interface",
          "mode": "ap_none",
          "register_option": "0",
          "argName": "C"
        }]
    }
  },
  "RtlPorts": {
    "ap_clk": {
      "dir": "in",
      "width": "1"
    },
    "ap_rst": {
      "dir": "in",
      "width": "1"
    },
    "ap_start": {
      "dir": "in",
      "width": "1"
    },
    "ap_done": {
      "dir": "out",
      "width": "1"
    },
    "ap_idle": {
      "dir": "out",
      "width": "1"
    },
    "ap_ready": {
      "dir": "out",
      "width": "1"
    },
    "A": {
      "dir": "in",
      "width": "32"
    },
    "B": {
      "dir": "in",
      "width": "32"
    },
    "op": {
      "dir": "in",
      "width": "32"
    },
    "C": {
      "dir": "out",
      "width": "32"
    },
    "C_ap_vld": {
      "dir": "out",
      "width": "1"
    }
  },
  "ModuleInfo": {
    "Hierarchy": {"ModuleName": "simpleALU"},
    "Info": {"simpleALU": {
        "FunctionProtocol": "ap_ctrl_hs",
        "isTaskLevelControl": "0",
        "isPipelined": "0",
        "isCombinational": "0",
        "isOneStateSeq": "0"
      }},
    "Metrics": {"simpleALU": {
        "Latency": {
          "LatencyBest": "1",
          "LatencyAvg": "8",
          "LatencyWorst": "35",
          "PipelineIIMin": "2",
          "PipelineIIMax": "36",
          "PipelineII": "2 ~ 36",
          "PipelineDepth": "",
          "PipelineType": "no"
        },
        "Timing": {
          "Target": "10.00",
          "Uncertainty": "2.70",
          "Estimate": "3.900"
        },
        "Area": {
          "DSP": "3",
          "AVAIL_DSP": "9216",
          "UTIL_DSP": "~0",
          "FF": "430",
          "AVAIL_FF": "2592000",
          "UTIL_FF": "~0",
          "LUT": "527",
          "AVAIL_LUT": "1296000",
          "UTIL_LUT": "~0",
          "BRAM_18K": "0",
          "AVAIL_BRAM": "4032",
          "UTIL_BRAM": "0",
          "URAM": "0",
          "AVAIL_URAM": "960",
          "UTIL_URAM": "0"
        }
      }}
  },
  "GenerateBdFiles": "0",
  "GenData": {
    "DataVersion": "0.2",
    "Time": "2025-11-28 13:41:52 +0200",
    "ToolName": "vitis_hls",
    "ToolVersion": "2022.2"
  }
}
