{
  "Top": "image_diff_posterize",
  "RtlTop": "image_diff_posterize",
  "RtlPrefix": "",
  "RtlSubPrefix": "image_diff_posterize_",
  "SourceLanguage": "c",
  "HostMachineBits": "64",
  "FunctionProtocol": "ap_ctrl_hs",
  "ResetStyle": "control",
  "Target": {
    "Family": "virtexuplus",
    "Device": "xcu200",
    "Package": "-fsgd2104",
    "Speed": "-2-e",
    "Triple": "fpga64-xilinx-none"
  },
  "Args": {
    "A": {
      "index": "0",
      "direction": "in",
      "srcType": "unsigned char*",
      "srcSize": "8",
      "hwRefs": [
        {
          "type": "interface",
          "interface": "m_axi_gmem0",
          "name": "",
          "usage": "data",
          "direction": "in"
        },
        {
          "type": "register",
          "interface": "s_axi_control",
          "name": "A_1",
          "usage": "address",
          "direction": "in"
        },
        {
          "type": "register",
          "interface": "s_axi_control",
          "name": "A_2",
          "usage": "address",
          "direction": "in"
        }
      ]
    },
    "B": {
      "index": "1",
      "direction": "in",
      "srcType": "unsigned char*",
      "srcSize": "8",
      "hwRefs": [
        {
          "type": "interface",
          "interface": "m_axi_gmem1",
          "name": "",
          "usage": "data",
          "direction": "in"
        },
        {
          "type": "register",
          "interface": "s_axi_control",
          "name": "B_1",
          "usage": "address",
          "direction": "in"
        },
        {
          "type": "register",
          "interface": "s_axi_control",
          "name": "B_2",
          "usage": "address",
          "direction": "in"
        }
      ]
    },
    "C": {
      "index": "2",
      "direction": "out",
      "srcType": "unsigned char*",
      "srcSize": "8",
      "hwRefs": [
        {
          "type": "interface",
          "interface": "m_axi_gmem2",
          "name": "",
          "usage": "data",
          "direction": "out"
        },
        {
          "type": "register",
          "interface": "s_axi_control",
          "name": "C_1",
          "usage": "address",
          "direction": "in"
        },
        {
          "type": "register",
          "interface": "s_axi_control",
          "name": "C_2",
          "usage": "address",
          "direction": "in"
        }
      ]
    }
  },
  "HlsSolution": {
    "FlowTarget": "vivado",
    "DirectiveTcl": [
      "set_directive_top image_diff_posterize -name image_diff_posterize",
      "set_directive_top image_diff_posterize -name image_diff_posterize"
    ],
    "ProfileOption": "0",
    "ProfileType": "none",
    "KernelName": "image_diff_posterize"
  },
  "ClockInfo": {
    "ClockName": "ap_clk",
    "ClockPeriod": "10",
    "Uncertainty": "2.7",
    "IsCombinational": "0",
    "II": "69169",
    "Latency": "69168"
  },
  "Xdc": {"OocClocks": ["create_clock -name ap_clk -period 10.000 [get_ports ap_clk]"]},
  "Ipx": {
    "Vendor": "xilinx.com",
    "Library": "hls",
    "Name": "image_diff_posterize",
    "Version": "1.0",
    "DisplayName": "Image_diff_posterize",
    "Revision": "2114368358",
    "Description": "An IP generated by Vitis HLS",
    "Taxonomy": "\/VITIS_HLS_IP",
    "AutoFamilySupport": "",
    "ZipFile": "xilinx_com_hls_image_diff_posterize_1_0.zip"
  },
  "Files": {
    "CSource": ["..\/..\/image_diff_posterize.c"],
    "Vhdl": [
      "impl\/vhdl\/image_diff_posterize_Col_Loop_proc.vhd",
      "impl\/vhdl\/image_diff_posterize_control_s_axi.vhd",
      "impl\/vhdl\/image_diff_posterize_dataflow_in_loop_Row_Loop.vhd",
      "impl\/vhdl\/image_diff_posterize_dataflow_in_loop_Row_Loop_image_diff_posterize_rowA_0_RAM_AUTO_1R1W.vhd",
      "impl\/vhdl\/image_diff_posterize_dataflow_in_loop_Row_Loop_image_diff_posterize_rowA_0_RAM_AUTO_1R1W_memcore.vhd",
      "impl\/vhdl\/image_diff_posterize_entry_proc.vhd",
      "impl\/vhdl\/image_diff_posterize_fifo_w8_d3_S.vhd",
      "impl\/vhdl\/image_diff_posterize_fifo_w64_d4_S.vhd",
      "impl\/vhdl\/image_diff_posterize_flow_control_loop_pipe.vhd",
      "impl\/vhdl\/image_diff_posterize_flow_control_loop_pipe_sequential_init.vhd",
      "impl\/vhdl\/image_diff_posterize_gmem0_m_axi.vhd",
      "impl\/vhdl\/image_diff_posterize_gmem1_m_axi.vhd",
      "impl\/vhdl\/image_diff_posterize_gmem2_m_axi.vhd",
      "impl\/vhdl\/image_diff_posterize_mux_83_8_1_1.vhd",
      "impl\/vhdl\/image_diff_posterize_Read_Loop_proc.vhd",
      "impl\/vhdl\/image_diff_posterize_Read_Loop_proc_Pipeline_Read_Loop.vhd",
      "impl\/vhdl\/image_diff_posterize_Write_Loop_proc.vhd",
      "impl\/vhdl\/image_diff_posterize_Write_Loop_proc_Pipeline_Write_Loop.vhd",
      "impl\/vhdl\/image_diff_posterize.vhd"
    ],
    "Verilog": [
      "impl\/verilog\/image_diff_posterize_Col_Loop_proc.v",
      "impl\/verilog\/image_diff_posterize_control_s_axi.v",
      "impl\/verilog\/image_diff_posterize_dataflow_in_loop_Row_Loop.v",
      "impl\/verilog\/image_diff_posterize_dataflow_in_loop_Row_Loop_image_diff_posterize_rowA_0_RAM_AUTO_1R1W.v",
      "impl\/verilog\/image_diff_posterize_dataflow_in_loop_Row_Loop_image_diff_posterize_rowA_0_RAM_AUTO_1R1W_memcore.dat",
      "impl\/verilog\/image_diff_posterize_dataflow_in_loop_Row_Loop_image_diff_posterize_rowA_0_RAM_AUTO_1R1W_memcore.v",
      "impl\/verilog\/image_diff_posterize_entry_proc.v",
      "impl\/verilog\/image_diff_posterize_fifo_w8_d3_S.v",
      "impl\/verilog\/image_diff_posterize_fifo_w64_d4_S.v",
      "impl\/verilog\/image_diff_posterize_flow_control_loop_pipe.v",
      "impl\/verilog\/image_diff_posterize_flow_control_loop_pipe_sequential_init.v",
      "impl\/verilog\/image_diff_posterize_gmem0_m_axi.v",
      "impl\/verilog\/image_diff_posterize_gmem1_m_axi.v",
      "impl\/verilog\/image_diff_posterize_gmem2_m_axi.v",
      "impl\/verilog\/image_diff_posterize_mux_83_8_1_1.v",
      "impl\/verilog\/image_diff_posterize_Read_Loop_proc.v",
      "impl\/verilog\/image_diff_posterize_Read_Loop_proc_Pipeline_Read_Loop.v",
      "impl\/verilog\/image_diff_posterize_Write_Loop_proc.v",
      "impl\/verilog\/image_diff_posterize_Write_Loop_proc_Pipeline_Write_Loop.v",
      "impl\/verilog\/image_diff_posterize.v"
    ],
    "SwDriver": [
      "impl\/misc\/drivers\/image_diff_posterize_v1_0\/data\/image_diff_posterize.mdd",
      "impl\/misc\/drivers\/image_diff_posterize_v1_0\/data\/image_diff_posterize.tcl",
      "impl\/misc\/drivers\/image_diff_posterize_v1_0\/src\/Makefile",
      "impl\/misc\/drivers\/image_diff_posterize_v1_0\/src\/ximage_diff_posterize.c",
      "impl\/misc\/drivers\/image_diff_posterize_v1_0\/src\/ximage_diff_posterize.h",
      "impl\/misc\/drivers\/image_diff_posterize_v1_0\/src\/ximage_diff_posterize_hw.h",
      "impl\/misc\/drivers\/image_diff_posterize_v1_0\/src\/ximage_diff_posterize_linux.c",
      "impl\/misc\/drivers\/image_diff_posterize_v1_0\/src\/ximage_diff_posterize_sinit.c"
    ],
    "IpMisc": ["impl\/misc\/logo.png"],
    "CsynthXml": "syn\/report\/csynth.xml",
    "DebugDir": ".debug",
    "KernelXml": ".autopilot\/db\/kernel.internal.xml",
    "Xo": "",
    "XoHlsDir": "",
    "ProtoInst": [
      ".debug\/image_diff_posterize.protoinst",
      ".debug\/simpleALU.protoinst"
    ]
  },
  "SubcoreInfo": {
    "HasXpmMemory": false,
    "HasClockedDsp": false,
    "Ip": []
  },
  "Interfaces": {
    "s_axi_control": {
      "type": "axi4lite",
      "busTypeName": "aximm",
      "mode": "slave",
      "dataWidth": "32",
      "addrWidth": "6",
      "portPrefix": "s_axi_control_",
      "paramPrefix": "C_S_AXI_CONTROL_",
      "ports": [
        "s_axi_control_ARADDR",
        "s_axi_control_ARREADY",
        "s_axi_control_ARVALID",
        "s_axi_control_AWADDR",
        "s_axi_control_AWREADY",
        "s_axi_control_AWVALID",
        "s_axi_control_BREADY",
        "s_axi_control_BRESP",
        "s_axi_control_BVALID",
        "s_axi_control_RDATA",
        "s_axi_control_RREADY",
        "s_axi_control_RRESP",
        "s_axi_control_RVALID",
        "s_axi_control_WDATA",
        "s_axi_control_WREADY",
        "s_axi_control_WSTRB",
        "s_axi_control_WVALID"
      ],
      "registers": [
        {
          "offset": "0x00",
          "name": "CTRL",
          "access": "RW",
          "description": "Control signals",
          "range": "32",
          "fields": [
            {
              "offset": "0",
              "width": "1",
              "name": "AP_START",
              "access": "RW",
              "description": "Control signal Register for 'ap_start'."
            },
            {
              "offset": "1",
              "width": "1",
              "name": "AP_DONE",
              "access": "R",
              "description": "Control signal Register for 'ap_done'."
            },
            {
              "offset": "2",
              "width": "1",
              "name": "AP_IDLE",
              "access": "R",
              "description": "Control signal Register for 'ap_idle'."
            },
            {
              "offset": "3",
              "width": "1",
              "name": "AP_READY",
              "access": "R",
              "description": "Control signal Register for 'ap_ready'."
            },
            {
              "offset": "4",
              "width": "3",
              "name": "RESERVED_1",
              "access": "R",
              "description": "Reserved.  0s on read."
            },
            {
              "offset": "7",
              "width": "1",
              "name": "AUTO_RESTART",
              "access": "RW",
              "description": "Control signal Register for 'auto_restart'."
            },
            {
              "offset": "8",
              "width": "1",
              "name": "RESERVED_2",
              "access": "R",
              "description": "Reserved.  0s on read."
            },
            {
              "offset": "9",
              "width": "1",
              "name": "INTERRUPT",
              "access": "R",
              "description": "Control signal Register for 'interrupt'."
            },
            {
              "offset": "10",
              "width": "22",
              "name": "RESERVED_3",
              "access": "R",
              "description": "Reserved.  0s on read."
            }
          ]
        },
        {
          "offset": "0x04",
          "name": "GIER",
          "access": "RW",
          "description": "Global Interrupt Enable Register",
          "range": "32",
          "fields": [
            {
              "offset": "0",
              "width": "1",
              "name": "Enable",
              "access": "RW",
              "description": "Master enable for the device interrupt output to the system interrupt controller: 0 = Disabled, 1 = Enabled"
            },
            {
              "offset": "1",
              "width": "31",
              "name": "RESERVED",
              "access": "R",
              "description": "Reserved.  0s on read."
            }
          ]
        },
        {
          "offset": "0x08",
          "name": "IP_IER",
          "access": "RW",
          "description": "IP Interrupt Enable Register",
          "range": "32",
          "fields": [
            {
              "offset": "0",
              "width": "1",
              "name": "CHAN0_INT_EN",
              "access": "RW",
              "description": "Enable Channel 0 (ap_done) Interrupt.  0 = Disabled, 1 = Enabled."
            },
            {
              "offset": "1",
              "width": "1",
              "name": "CHAN1_INT_EN",
              "access": "RW",
              "description": "Enable Channel 1 (ap_ready) Interrupt.  0 = Disabled, 1 = Enabled."
            },
            {
              "offset": "2",
              "width": "30",
              "name": "RESERVED_0",
              "access": "R",
              "description": "Reserved.  0s on read."
            }
          ]
        },
        {
          "offset": "0x0c",
          "name": "IP_ISR",
          "access": "RW",
          "description": "IP Interrupt Status Register",
          "range": "32",
          "fields": [
            {
              "offset": "0",
              "width": "1",
              "name": "CHAN0_INT_ST",
              "access": "RTOW",
              "description": "Channel 0 (ap_done) Interrupt Status. 0 = No Channel 0 interrupt, 1 = Channel 0 interrupt."
            },
            {
              "offset": "1",
              "width": "1",
              "name": "CHAN1_INT_ST",
              "access": "RTOW",
              "description": "Channel 1 (ap_ready) Interrupt Status. 0 = No Channel 1 interrupt, 1 = Channel 1 interrupt."
            },
            {
              "offset": "2",
              "width": "30",
              "name": "RESERVED_0",
              "access": "R",
              "description": "Reserved.  0s on read."
            }
          ]
        },
        {
          "offset": "0x10",
          "name": "A_1",
          "access": "W",
          "description": "Data signal of A",
          "range": "32",
          "fields": [{
              "offset": "0",
              "width": "32",
              "name": "A",
              "access": "W",
              "description": "Bit 31 to 0 of A"
            }]
        },
        {
          "offset": "0x14",
          "name": "A_2",
          "access": "W",
          "description": "Data signal of A",
          "range": "32",
          "fields": [{
              "offset": "0",
              "width": "32",
              "name": "A",
              "access": "W",
              "description": "Bit 63 to 32 of A"
            }]
        },
        {
          "offset": "0x1c",
          "name": "B_1",
          "access": "W",
          "description": "Data signal of B",
          "range": "32",
          "fields": [{
              "offset": "0",
              "width": "32",
              "name": "B",
              "access": "W",
              "description": "Bit 31 to 0 of B"
            }]
        },
        {
          "offset": "0x20",
          "name": "B_2",
          "access": "W",
          "description": "Data signal of B",
          "range": "32",
          "fields": [{
              "offset": "0",
              "width": "32",
              "name": "B",
              "access": "W",
              "description": "Bit 63 to 32 of B"
            }]
        },
        {
          "offset": "0x28",
          "name": "C_1",
          "access": "W",
          "description": "Data signal of C",
          "range": "32",
          "fields": [{
              "offset": "0",
              "width": "32",
              "name": "C",
              "access": "W",
              "description": "Bit 31 to 0 of C"
            }]
        },
        {
          "offset": "0x2c",
          "name": "C_2",
          "access": "W",
          "description": "Data signal of C",
          "range": "32",
          "fields": [{
              "offset": "0",
              "width": "32",
              "name": "C",
              "access": "W",
              "description": "Bit 63 to 32 of C"
            }]
        }
      ],
      "constraints": [
        {
          "constraint_type": "pragma interface",
          "mode": "s_axilite",
          "register_option": "0",
          "offset": "16",
          "argName": "A"
        },
        {
          "constraint_type": "pragma interface",
          "mode": "s_axilite",
          "register_option": "0",
          "offset": "28",
          "argName": "B"
        },
        {
          "constraint_type": "pragma interface",
          "mode": "s_axilite",
          "register_option": "0",
          "offset": "40",
          "argName": "C"
        }
      ]
    },
    "ap_clk": {
      "type": "clock",
      "busTypeName": "clock",
      "mode": "slave",
      "busParams": {
        "ASSOCIATED_BUSIF": "s_axi_control:m_axi_gmem0:m_axi_gmem1:m_axi_gmem2",
        "ASSOCIATED_RESET": "ap_rst_n"
      },
      "portMap": {"ap_clk": "CLK"},
      "ports": ["ap_clk"]
    },
    "ap_rst_n": {
      "type": "reset",
      "busTypeName": "reset",
      "mode": "slave",
      "busParams": {"POLARITY": "ACTIVE_LOW"},
      "portMap": {"ap_rst_n": "RST"},
      "ports": ["ap_rst_n"]
    },
    "interrupt": {
      "type": "interrupt",
      "busTypeName": "interrupt",
      "mode": "master",
      "dataWidth": "1",
      "busParams": {"SENSITIVITY": "LEVEL_HIGH"},
      "portMap": {"interrupt": "INTERRUPT"},
      "ports": ["interrupt"]
    },
    "m_axi_gmem0": {
      "type": "axi4full",
      "busTypeName": "aximm",
      "mode": "master",
      "dataWidth": "32",
      "addrWidth": "64",
      "portPrefix": "m_axi_gmem0_",
      "paramPrefix": "C_M_AXI_GMEM0_",
      "preferredUsageValue": "MEMORY",
      "busParams": {
        "NUM_READ_OUTSTANDING": "16",
        "NUM_WRITE_OUTSTANDING": "16",
        "MAX_READ_BURST_LENGTH": "16",
        "MAX_WRITE_BURST_LENGTH": "16",
        "MAX_BURST_LENGTH": "256",
        "PROTOCOL": "AXI4",
        "READ_WRITE_MODE": "READ_ONLY",
        "HAS_BURST": "0",
        "SUPPORTS_NARROW_BURST": "0"
      },
      "ports": [
        "m_axi_gmem0_ARADDR",
        "m_axi_gmem0_ARBURST",
        "m_axi_gmem0_ARCACHE",
        "m_axi_gmem0_ARID",
        "m_axi_gmem0_ARLEN",
        "m_axi_gmem0_ARLOCK",
        "m_axi_gmem0_ARPROT",
        "m_axi_gmem0_ARQOS",
        "m_axi_gmem0_ARREADY",
        "m_axi_gmem0_ARREGION",
        "m_axi_gmem0_ARSIZE",
        "m_axi_gmem0_ARUSER",
        "m_axi_gmem0_ARVALID",
        "m_axi_gmem0_AWADDR",
        "m_axi_gmem0_AWBURST",
        "m_axi_gmem0_AWCACHE",
        "m_axi_gmem0_AWID",
        "m_axi_gmem0_AWLEN",
        "m_axi_gmem0_AWLOCK",
        "m_axi_gmem0_AWPROT",
        "m_axi_gmem0_AWQOS",
        "m_axi_gmem0_AWREADY",
        "m_axi_gmem0_AWREGION",
        "m_axi_gmem0_AWSIZE",
        "m_axi_gmem0_AWUSER",
        "m_axi_gmem0_AWVALID",
        "m_axi_gmem0_BID",
        "m_axi_gmem0_BREADY",
        "m_axi_gmem0_BRESP",
        "m_axi_gmem0_BUSER",
        "m_axi_gmem0_BVALID",
        "m_axi_gmem0_RDATA",
        "m_axi_gmem0_RID",
        "m_axi_gmem0_RLAST",
        "m_axi_gmem0_RREADY",
        "m_axi_gmem0_RRESP",
        "m_axi_gmem0_RUSER",
        "m_axi_gmem0_RVALID",
        "m_axi_gmem0_WDATA",
        "m_axi_gmem0_WID",
        "m_axi_gmem0_WLAST",
        "m_axi_gmem0_WREADY",
        "m_axi_gmem0_WSTRB",
        "m_axi_gmem0_WUSER",
        "m_axi_gmem0_WVALID"
      ],
      "constraints": [
        {
          "constraint_type": "pragma interface",
          "mode": "m_axi",
          "register_option": "0",
          "offset": "slave",
          "latency": "0",
          "num_read_outstanding": "16",
          "num_write_outstanding": "16",
          "max_read_burst_length": "16",
          "max_write_burst_length": "16",
          "max_widen_bitwidth": "0",
          "argName": "A"
        },
        {
          "constraint_type": "bitwidth",
          "orig_bitwidth": "8",
          "final_bitwidth": "8",
          "argName": "A"
        }
      ]
    },
    "m_axi_gmem1": {
      "type": "axi4full",
      "busTypeName": "aximm",
      "mode": "master",
      "dataWidth": "32",
      "addrWidth": "64",
      "portPrefix": "m_axi_gmem1_",
      "paramPrefix": "C_M_AXI_GMEM1_",
      "preferredUsageValue": "MEMORY",
      "busParams": {
        "NUM_READ_OUTSTANDING": "16",
        "NUM_WRITE_OUTSTANDING": "16",
        "MAX_READ_BURST_LENGTH": "16",
        "MAX_WRITE_BURST_LENGTH": "16",
        "MAX_BURST_LENGTH": "256",
        "PROTOCOL": "AXI4",
        "READ_WRITE_MODE": "READ_ONLY",
        "HAS_BURST": "0",
        "SUPPORTS_NARROW_BURST": "0"
      },
      "ports": [
        "m_axi_gmem1_ARADDR",
        "m_axi_gmem1_ARBURST",
        "m_axi_gmem1_ARCACHE",
        "m_axi_gmem1_ARID",
        "m_axi_gmem1_ARLEN",
        "m_axi_gmem1_ARLOCK",
        "m_axi_gmem1_ARPROT",
        "m_axi_gmem1_ARQOS",
        "m_axi_gmem1_ARREADY",
        "m_axi_gmem1_ARREGION",
        "m_axi_gmem1_ARSIZE",
        "m_axi_gmem1_ARUSER",
        "m_axi_gmem1_ARVALID",
        "m_axi_gmem1_AWADDR",
        "m_axi_gmem1_AWBURST",
        "m_axi_gmem1_AWCACHE",
        "m_axi_gmem1_AWID",
        "m_axi_gmem1_AWLEN",
        "m_axi_gmem1_AWLOCK",
        "m_axi_gmem1_AWPROT",
        "m_axi_gmem1_AWQOS",
        "m_axi_gmem1_AWREADY",
        "m_axi_gmem1_AWREGION",
        "m_axi_gmem1_AWSIZE",
        "m_axi_gmem1_AWUSER",
        "m_axi_gmem1_AWVALID",
        "m_axi_gmem1_BID",
        "m_axi_gmem1_BREADY",
        "m_axi_gmem1_BRESP",
        "m_axi_gmem1_BUSER",
        "m_axi_gmem1_BVALID",
        "m_axi_gmem1_RDATA",
        "m_axi_gmem1_RID",
        "m_axi_gmem1_RLAST",
        "m_axi_gmem1_RREADY",
        "m_axi_gmem1_RRESP",
        "m_axi_gmem1_RUSER",
        "m_axi_gmem1_RVALID",
        "m_axi_gmem1_WDATA",
        "m_axi_gmem1_WID",
        "m_axi_gmem1_WLAST",
        "m_axi_gmem1_WREADY",
        "m_axi_gmem1_WSTRB",
        "m_axi_gmem1_WUSER",
        "m_axi_gmem1_WVALID"
      ],
      "constraints": [
        {
          "constraint_type": "pragma interface",
          "mode": "m_axi",
          "register_option": "0",
          "offset": "slave",
          "latency": "0",
          "num_read_outstanding": "16",
          "num_write_outstanding": "16",
          "max_read_burst_length": "16",
          "max_write_burst_length": "16",
          "max_widen_bitwidth": "0",
          "argName": "B"
        },
        {
          "constraint_type": "bitwidth",
          "orig_bitwidth": "8",
          "final_bitwidth": "8",
          "argName": "B"
        }
      ]
    },
    "m_axi_gmem2": {
      "type": "axi4full",
      "busTypeName": "aximm",
      "mode": "master",
      "dataWidth": "32",
      "addrWidth": "64",
      "portPrefix": "m_axi_gmem2_",
      "paramPrefix": "C_M_AXI_GMEM2_",
      "preferredUsageValue": "MEMORY",
      "busParams": {
        "NUM_READ_OUTSTANDING": "16",
        "NUM_WRITE_OUTSTANDING": "16",
        "MAX_READ_BURST_LENGTH": "16",
        "MAX_WRITE_BURST_LENGTH": "16",
        "MAX_BURST_LENGTH": "256",
        "PROTOCOL": "AXI4",
        "READ_WRITE_MODE": "WRITE_ONLY",
        "HAS_BURST": "0",
        "SUPPORTS_NARROW_BURST": "0"
      },
      "ports": [
        "m_axi_gmem2_ARADDR",
        "m_axi_gmem2_ARBURST",
        "m_axi_gmem2_ARCACHE",
        "m_axi_gmem2_ARID",
        "m_axi_gmem2_ARLEN",
        "m_axi_gmem2_ARLOCK",
        "m_axi_gmem2_ARPROT",
        "m_axi_gmem2_ARQOS",
        "m_axi_gmem2_ARREADY",
        "m_axi_gmem2_ARREGION",
        "m_axi_gmem2_ARSIZE",
        "m_axi_gmem2_ARUSER",
        "m_axi_gmem2_ARVALID",
        "m_axi_gmem2_AWADDR",
        "m_axi_gmem2_AWBURST",
        "m_axi_gmem2_AWCACHE",
        "m_axi_gmem2_AWID",
        "m_axi_gmem2_AWLEN",
        "m_axi_gmem2_AWLOCK",
        "m_axi_gmem2_AWPROT",
        "m_axi_gmem2_AWQOS",
        "m_axi_gmem2_AWREADY",
        "m_axi_gmem2_AWREGION",
        "m_axi_gmem2_AWSIZE",
        "m_axi_gmem2_AWUSER",
        "m_axi_gmem2_AWVALID",
        "m_axi_gmem2_BID",
        "m_axi_gmem2_BREADY",
        "m_axi_gmem2_BRESP",
        "m_axi_gmem2_BUSER",
        "m_axi_gmem2_BVALID",
        "m_axi_gmem2_RDATA",
        "m_axi_gmem2_RID",
        "m_axi_gmem2_RLAST",
        "m_axi_gmem2_RREADY",
        "m_axi_gmem2_RRESP",
        "m_axi_gmem2_RUSER",
        "m_axi_gmem2_RVALID",
        "m_axi_gmem2_WDATA",
        "m_axi_gmem2_WID",
        "m_axi_gmem2_WLAST",
        "m_axi_gmem2_WREADY",
        "m_axi_gmem2_WSTRB",
        "m_axi_gmem2_WUSER",
        "m_axi_gmem2_WVALID"
      ],
      "constraints": [
        {
          "constraint_type": "pragma interface",
          "mode": "m_axi",
          "register_option": "0",
          "offset": "slave",
          "latency": "0",
          "num_read_outstanding": "16",
          "num_write_outstanding": "16",
          "max_read_burst_length": "16",
          "max_write_burst_length": "16",
          "max_widen_bitwidth": "0",
          "argName": "C"
        },
        {
          "constraint_type": "bitwidth",
          "orig_bitwidth": "8",
          "final_bitwidth": "8",
          "argName": "C"
        }
      ]
    }
  },
  "RtlPorts": {
    "s_axi_control_AWVALID": {
      "dir": "in",
      "width": "1"
    },
    "s_axi_control_AWREADY": {
      "dir": "out",
      "width": "1"
    },
    "s_axi_control_AWADDR": {
      "dir": "in",
      "width": "6"
    },
    "s_axi_control_WVALID": {
      "dir": "in",
      "width": "1"
    },
    "s_axi_control_WREADY": {
      "dir": "out",
      "width": "1"
    },
    "s_axi_control_WDATA": {
      "dir": "in",
      "width": "32"
    },
    "s_axi_control_WSTRB": {
      "dir": "in",
      "width": "4"
    },
    "s_axi_control_ARVALID": {
      "dir": "in",
      "width": "1"
    },
    "s_axi_control_ARREADY": {
      "dir": "out",
      "width": "1"
    },
    "s_axi_control_ARADDR": {
      "dir": "in",
      "width": "6"
    },
    "s_axi_control_RVALID": {
      "dir": "out",
      "width": "1"
    },
    "s_axi_control_RREADY": {
      "dir": "in",
      "width": "1"
    },
    "s_axi_control_RDATA": {
      "dir": "out",
      "width": "32"
    },
    "s_axi_control_RRESP": {
      "dir": "out",
      "width": "2"
    },
    "s_axi_control_BVALID": {
      "dir": "out",
      "width": "1"
    },
    "s_axi_control_BREADY": {
      "dir": "in",
      "width": "1"
    },
    "s_axi_control_BRESP": {
      "dir": "out",
      "width": "2"
    },
    "ap_clk": {
      "dir": "in",
      "width": "1"
    },
    "ap_rst_n": {
      "dir": "in",
      "width": "1"
    },
    "interrupt": {
      "dir": "out",
      "width": "1"
    },
    "m_axi_gmem0_AWVALID": {
      "dir": "out",
      "width": "1"
    },
    "m_axi_gmem0_AWREADY": {
      "dir": "in",
      "width": "1"
    },
    "m_axi_gmem0_AWADDR": {
      "dir": "out",
      "width": "64"
    },
    "m_axi_gmem0_AWID": {
      "dir": "out",
      "width": "1",
      "isVector": "true"
    },
    "m_axi_gmem0_AWLEN": {
      "dir": "out",
      "width": "8"
    },
    "m_axi_gmem0_AWSIZE": {
      "dir": "out",
      "width": "3"
    },
    "m_axi_gmem0_AWBURST": {
      "dir": "out",
      "width": "2"
    },
    "m_axi_gmem0_AWLOCK": {
      "dir": "out",
      "width": "2"
    },
    "m_axi_gmem0_AWCACHE": {
      "dir": "out",
      "width": "4"
    },
    "m_axi_gmem0_AWPROT": {
      "dir": "out",
      "width": "3"
    },
    "m_axi_gmem0_AWQOS": {
      "dir": "out",
      "width": "4"
    },
    "m_axi_gmem0_AWREGION": {
      "dir": "out",
      "width": "4"
    },
    "m_axi_gmem0_AWUSER": {
      "dir": "out",
      "width": "1",
      "isVector": "true"
    },
    "m_axi_gmem0_WVALID": {
      "dir": "out",
      "width": "1"
    },
    "m_axi_gmem0_WREADY": {
      "dir": "in",
      "width": "1"
    },
    "m_axi_gmem0_WDATA": {
      "dir": "out",
      "width": "32"
    },
    "m_axi_gmem0_WSTRB": {
      "dir": "out",
      "width": "4"
    },
    "m_axi_gmem0_WLAST": {
      "dir": "out",
      "width": "1"
    },
    "m_axi_gmem0_WID": {
      "dir": "out",
      "width": "1",
      "isVector": "true"
    },
    "m_axi_gmem0_WUSER": {
      "dir": "out",
      "width": "1",
      "isVector": "true"
    },
    "m_axi_gmem0_ARVALID": {
      "dir": "out",
      "width": "1"
    },
    "m_axi_gmem0_ARREADY": {
      "dir": "in",
      "width": "1"
    },
    "m_axi_gmem0_ARADDR": {
      "dir": "out",
      "width": "64"
    },
    "m_axi_gmem0_ARID": {
      "dir": "out",
      "width": "1",
      "isVector": "true"
    },
    "m_axi_gmem0_ARLEN": {
      "dir": "out",
      "width": "8"
    },
    "m_axi_gmem0_ARSIZE": {
      "dir": "out",
      "width": "3"
    },
    "m_axi_gmem0_ARBURST": {
      "dir": "out",
      "width": "2"
    },
    "m_axi_gmem0_ARLOCK": {
      "dir": "out",
      "width": "2"
    },
    "m_axi_gmem0_ARCACHE": {
      "dir": "out",
      "width": "4"
    },
    "m_axi_gmem0_ARPROT": {
      "dir": "out",
      "width": "3"
    },
    "m_axi_gmem0_ARQOS": {
      "dir": "out",
      "width": "4"
    },
    "m_axi_gmem0_ARREGION": {
      "dir": "out",
      "width": "4"
    },
    "m_axi_gmem0_ARUSER": {
      "dir": "out",
      "width": "1",
      "isVector": "true"
    },
    "m_axi_gmem0_RVALID": {
      "dir": "in",
      "width": "1"
    },
    "m_axi_gmem0_RREADY": {
      "dir": "out",
      "width": "1"
    },
    "m_axi_gmem0_RDATA": {
      "dir": "in",
      "width": "32"
    },
    "m_axi_gmem0_RLAST": {
      "dir": "in",
      "width": "1"
    },
    "m_axi_gmem0_RID": {
      "dir": "in",
      "width": "1",
      "isVector": "true"
    },
    "m_axi_gmem0_RUSER": {
      "dir": "in",
      "width": "1",
      "isVector": "true"
    },
    "m_axi_gmem0_RRESP": {
      "dir": "in",
      "width": "2"
    },
    "m_axi_gmem0_BVALID": {
      "dir": "in",
      "width": "1"
    },
    "m_axi_gmem0_BREADY": {
      "dir": "out",
      "width": "1"
    },
    "m_axi_gmem0_BRESP": {
      "dir": "in",
      "width": "2"
    },
    "m_axi_gmem0_BID": {
      "dir": "in",
      "width": "1",
      "isVector": "true"
    },
    "m_axi_gmem0_BUSER": {
      "dir": "in",
      "width": "1",
      "isVector": "true"
    },
    "m_axi_gmem1_AWVALID": {
      "dir": "out",
      "width": "1"
    },
    "m_axi_gmem1_AWREADY": {
      "dir": "in",
      "width": "1"
    },
    "m_axi_gmem1_AWADDR": {
      "dir": "out",
      "width": "64"
    },
    "m_axi_gmem1_AWID": {
      "dir": "out",
      "width": "1",
      "isVector": "true"
    },
    "m_axi_gmem1_AWLEN": {
      "dir": "out",
      "width": "8"
    },
    "m_axi_gmem1_AWSIZE": {
      "dir": "out",
      "width": "3"
    },
    "m_axi_gmem1_AWBURST": {
      "dir": "out",
      "width": "2"
    },
    "m_axi_gmem1_AWLOCK": {
      "dir": "out",
      "width": "2"
    },
    "m_axi_gmem1_AWCACHE": {
      "dir": "out",
      "width": "4"
    },
    "m_axi_gmem1_AWPROT": {
      "dir": "out",
      "width": "3"
    },
    "m_axi_gmem1_AWQOS": {
      "dir": "out",
      "width": "4"
    },
    "m_axi_gmem1_AWREGION": {
      "dir": "out",
      "width": "4"
    },
    "m_axi_gmem1_AWUSER": {
      "dir": "out",
      "width": "1",
      "isVector": "true"
    },
    "m_axi_gmem1_WVALID": {
      "dir": "out",
      "width": "1"
    },
    "m_axi_gmem1_WREADY": {
      "dir": "in",
      "width": "1"
    },
    "m_axi_gmem1_WDATA": {
      "dir": "out",
      "width": "32"
    },
    "m_axi_gmem1_WSTRB": {
      "dir": "out",
      "width": "4"
    },
    "m_axi_gmem1_WLAST": {
      "dir": "out",
      "width": "1"
    },
    "m_axi_gmem1_WID": {
      "dir": "out",
      "width": "1",
      "isVector": "true"
    },
    "m_axi_gmem1_WUSER": {
      "dir": "out",
      "width": "1",
      "isVector": "true"
    },
    "m_axi_gmem1_ARVALID": {
      "dir": "out",
      "width": "1"
    },
    "m_axi_gmem1_ARREADY": {
      "dir": "in",
      "width": "1"
    },
    "m_axi_gmem1_ARADDR": {
      "dir": "out",
      "width": "64"
    },
    "m_axi_gmem1_ARID": {
      "dir": "out",
      "width": "1",
      "isVector": "true"
    },
    "m_axi_gmem1_ARLEN": {
      "dir": "out",
      "width": "8"
    },
    "m_axi_gmem1_ARSIZE": {
      "dir": "out",
      "width": "3"
    },
    "m_axi_gmem1_ARBURST": {
      "dir": "out",
      "width": "2"
    },
    "m_axi_gmem1_ARLOCK": {
      "dir": "out",
      "width": "2"
    },
    "m_axi_gmem1_ARCACHE": {
      "dir": "out",
      "width": "4"
    },
    "m_axi_gmem1_ARPROT": {
      "dir": "out",
      "width": "3"
    },
    "m_axi_gmem1_ARQOS": {
      "dir": "out",
      "width": "4"
    },
    "m_axi_gmem1_ARREGION": {
      "dir": "out",
      "width": "4"
    },
    "m_axi_gmem1_ARUSER": {
      "dir": "out",
      "width": "1",
      "isVector": "true"
    },
    "m_axi_gmem1_RVALID": {
      "dir": "in",
      "width": "1"
    },
    "m_axi_gmem1_RREADY": {
      "dir": "out",
      "width": "1"
    },
    "m_axi_gmem1_RDATA": {
      "dir": "in",
      "width": "32"
    },
    "m_axi_gmem1_RLAST": {
      "dir": "in",
      "width": "1"
    },
    "m_axi_gmem1_RID": {
      "dir": "in",
      "width": "1",
      "isVector": "true"
    },
    "m_axi_gmem1_RUSER": {
      "dir": "in",
      "width": "1",
      "isVector": "true"
    },
    "m_axi_gmem1_RRESP": {
      "dir": "in",
      "width": "2"
    },
    "m_axi_gmem1_BVALID": {
      "dir": "in",
      "width": "1"
    },
    "m_axi_gmem1_BREADY": {
      "dir": "out",
      "width": "1"
    },
    "m_axi_gmem1_BRESP": {
      "dir": "in",
      "width": "2"
    },
    "m_axi_gmem1_BID": {
      "dir": "in",
      "width": "1",
      "isVector": "true"
    },
    "m_axi_gmem1_BUSER": {
      "dir": "in",
      "width": "1",
      "isVector": "true"
    },
    "m_axi_gmem2_AWVALID": {
      "dir": "out",
      "width": "1"
    },
    "m_axi_gmem2_AWREADY": {
      "dir": "in",
      "width": "1"
    },
    "m_axi_gmem2_AWADDR": {
      "dir": "out",
      "width": "64"
    },
    "m_axi_gmem2_AWID": {
      "dir": "out",
      "width": "1",
      "isVector": "true"
    },
    "m_axi_gmem2_AWLEN": {
      "dir": "out",
      "width": "8"
    },
    "m_axi_gmem2_AWSIZE": {
      "dir": "out",
      "width": "3"
    },
    "m_axi_gmem2_AWBURST": {
      "dir": "out",
      "width": "2"
    },
    "m_axi_gmem2_AWLOCK": {
      "dir": "out",
      "width": "2"
    },
    "m_axi_gmem2_AWCACHE": {
      "dir": "out",
      "width": "4"
    },
    "m_axi_gmem2_AWPROT": {
      "dir": "out",
      "width": "3"
    },
    "m_axi_gmem2_AWQOS": {
      "dir": "out",
      "width": "4"
    },
    "m_axi_gmem2_AWREGION": {
      "dir": "out",
      "width": "4"
    },
    "m_axi_gmem2_AWUSER": {
      "dir": "out",
      "width": "1",
      "isVector": "true"
    },
    "m_axi_gmem2_WVALID": {
      "dir": "out",
      "width": "1"
    },
    "m_axi_gmem2_WREADY": {
      "dir": "in",
      "width": "1"
    },
    "m_axi_gmem2_WDATA": {
      "dir": "out",
      "width": "32"
    },
    "m_axi_gmem2_WSTRB": {
      "dir": "out",
      "width": "4"
    },
    "m_axi_gmem2_WLAST": {
      "dir": "out",
      "width": "1"
    },
    "m_axi_gmem2_WID": {
      "dir": "out",
      "width": "1",
      "isVector": "true"
    },
    "m_axi_gmem2_WUSER": {
      "dir": "out",
      "width": "1",
      "isVector": "true"
    },
    "m_axi_gmem2_ARVALID": {
      "dir": "out",
      "width": "1"
    },
    "m_axi_gmem2_ARREADY": {
      "dir": "in",
      "width": "1"
    },
    "m_axi_gmem2_ARADDR": {
      "dir": "out",
      "width": "64"
    },
    "m_axi_gmem2_ARID": {
      "dir": "out",
      "width": "1",
      "isVector": "true"
    },
    "m_axi_gmem2_ARLEN": {
      "dir": "out",
      "width": "8"
    },
    "m_axi_gmem2_ARSIZE": {
      "dir": "out",
      "width": "3"
    },
    "m_axi_gmem2_ARBURST": {
      "dir": "out",
      "width": "2"
    },
    "m_axi_gmem2_ARLOCK": {
      "dir": "out",
      "width": "2"
    },
    "m_axi_gmem2_ARCACHE": {
      "dir": "out",
      "width": "4"
    },
    "m_axi_gmem2_ARPROT": {
      "dir": "out",
      "width": "3"
    },
    "m_axi_gmem2_ARQOS": {
      "dir": "out",
      "width": "4"
    },
    "m_axi_gmem2_ARREGION": {
      "dir": "out",
      "width": "4"
    },
    "m_axi_gmem2_ARUSER": {
      "dir": "out",
      "width": "1",
      "isVector": "true"
    },
    "m_axi_gmem2_RVALID": {
      "dir": "in",
      "width": "1"
    },
    "m_axi_gmem2_RREADY": {
      "dir": "out",
      "width": "1"
    },
    "m_axi_gmem2_RDATA": {
      "dir": "in",
      "width": "32"
    },
    "m_axi_gmem2_RLAST": {
      "dir": "in",
      "width": "1"
    },
    "m_axi_gmem2_RID": {
      "dir": "in",
      "width": "1",
      "isVector": "true"
    },
    "m_axi_gmem2_RUSER": {
      "dir": "in",
      "width": "1",
      "isVector": "true"
    },
    "m_axi_gmem2_RRESP": {
      "dir": "in",
      "width": "2"
    },
    "m_axi_gmem2_BVALID": {
      "dir": "in",
      "width": "1"
    },
    "m_axi_gmem2_BREADY": {
      "dir": "out",
      "width": "1"
    },
    "m_axi_gmem2_BRESP": {
      "dir": "in",
      "width": "2"
    },
    "m_axi_gmem2_BID": {
      "dir": "in",
      "width": "1",
      "isVector": "true"
    },
    "m_axi_gmem2_BUSER": {
      "dir": "in",
      "width": "1",
      "isVector": "true"
    }
  },
  "ModuleInfo": {
    "Hierarchy": {
      "ModuleName": "image_diff_posterize",
      "Instances": [{
          "ModuleName": "dataflow_in_loop_Row_Loop",
          "InstanceName": "dataflow_in_loop_Row_Loop_U0",
          "Instances": [
            {
              "ModuleName": "entry_proc",
              "InstanceName": "entry_proc_U0"
            },
            {
              "ModuleName": "Read_Loop_proc",
              "InstanceName": "Read_Loop_proc_U0",
              "Instances": [{
                  "ModuleName": "Read_Loop_proc_Pipeline_Read_Loop",
                  "InstanceName": "grp_Read_Loop_proc_Pipeline_Read_Loop_fu_106"
                }]
            },
            {
              "ModuleName": "Col_Loop_proc",
              "InstanceName": "Col_Loop_proc_U0"
            },
            {
              "ModuleName": "Write_Loop_proc",
              "InstanceName": "Write_Loop_proc_U0",
              "Instances": [{
                  "ModuleName": "Write_Loop_proc_Pipeline_Write_Loop",
                  "InstanceName": "grp_Write_Loop_proc_Pipeline_Write_Loop_fu_82"
                }]
            }
          ]
        }]
    },
    "Info": {
      "entry_proc": {
        "FunctionProtocol": "ap_ctrl_hs",
        "isTaskLevelControl": "0",
        "isPipelined": "0",
        "isCombinational": "0",
        "isOneStateSeq": "1"
      },
      "Read_Loop_proc_Pipeline_Read_Loop": {
        "FunctionProtocol": "ap_ctrl_hs",
        "isTaskLevelControl": "0",
        "isPipelined": "1",
        "isCombinational": "0",
        "isOneStateSeq": "0"
      },
      "Read_Loop_proc": {
        "FunctionProtocol": "ap_ctrl_hs",
        "isTaskLevelControl": "0",
        "isPipelined": "0",
        "isCombinational": "0",
        "isOneStateSeq": "0"
      },
      "Col_Loop_proc": {
        "FunctionProtocol": "ap_ctrl_hs",
        "isTaskLevelControl": "0",
        "isPipelined": "1",
        "isCombinational": "0",
        "isOneStateSeq": "0"
      },
      "Write_Loop_proc_Pipeline_Write_Loop": {
        "FunctionProtocol": "ap_ctrl_hs",
        "isTaskLevelControl": "0",
        "isPipelined": "1",
        "isCombinational": "0",
        "isOneStateSeq": "0"
      },
      "Write_Loop_proc": {
        "FunctionProtocol": "ap_ctrl_hs",
        "isTaskLevelControl": "0",
        "isPipelined": "0",
        "isCombinational": "0",
        "isOneStateSeq": "0"
      },
      "dataflow_in_loop_Row_Loop": {
        "FunctionProtocol": "ap_ctrl_hs",
        "isTaskLevelControl": "0",
        "isPipelined": "1",
        "isCombinational": "0",
        "isOneStateSeq": "0"
      },
      "image_diff_posterize": {
        "FunctionProtocol": "ap_ctrl_hs",
        "isTaskLevelControl": "0",
        "isPipelined": "1",
        "isCombinational": "0",
        "isOneStateSeq": "0"
      }
    },
    "Metrics": {
      "entry_proc": {
        "Latency": {
          "LatencyBest": "0",
          "LatencyAvg": "0",
          "LatencyWorst": "0",
          "PipelineII": "0",
          "PipelineDepth": "",
          "PipelineType": "no"
        },
        "Timing": {
          "Target": "10.00",
          "Uncertainty": "2.70",
          "Estimate": "1.410"
        },
        "Area": {
          "FF": "2",
          "AVAIL_FF": "2364480",
          "UTIL_FF": "~0",
          "LUT": "20",
          "AVAIL_LUT": "1182240",
          "UTIL_LUT": "~0",
          "BRAM_18K": "0",
          "AVAIL_BRAM": "4320",
          "UTIL_BRAM": "0",
          "DSP": "0",
          "AVAIL_DSP": "6840",
          "UTIL_DSP": "0",
          "URAM": "0",
          "AVAIL_URAM": "960",
          "UTIL_URAM": "0"
        }
      },
      "Read_Loop_proc_Pipeline_Read_Loop": {
        "Latency": {
          "LatencyBest": "259",
          "LatencyAvg": "259",
          "LatencyWorst": "259",
          "PipelineII": "259",
          "PipelineDepth": "",
          "PipelineType": "no"
        },
        "Timing": {
          "Target": "10.00",
          "Uncertainty": "2.70",
          "Estimate": "7.300"
        },
        "Loops": [{
            "Name": "Read_Loop",
            "TripCount": "256",
            "Latency": "257",
            "PipelineII": "1",
            "PipelineDepth": "3"
          }],
        "Area": {
          "FF": "46",
          "AVAIL_FF": "2364480",
          "UTIL_FF": "~0",
          "LUT": "87",
          "AVAIL_LUT": "1182240",
          "UTIL_LUT": "~0",
          "BRAM_18K": "0",
          "AVAIL_BRAM": "4320",
          "UTIL_BRAM": "0",
          "DSP": "0",
          "AVAIL_DSP": "6840",
          "UTIL_DSP": "0",
          "URAM": "0",
          "AVAIL_URAM": "960",
          "UTIL_URAM": "0"
        }
      },
      "Read_Loop_proc": {
        "Latency": {
          "LatencyBest": "268",
          "LatencyAvg": "268",
          "LatencyWorst": "268",
          "PipelineII": "268",
          "PipelineDepth": "",
          "PipelineType": "no"
        },
        "Timing": {
          "Target": "10.00",
          "Uncertainty": "2.70",
          "Estimate": "7.300"
        },
        "Area": {
          "FF": "194",
          "AVAIL_FF": "2364480",
          "UTIL_FF": "~0",
          "LUT": "592",
          "AVAIL_LUT": "1182240",
          "UTIL_LUT": "~0",
          "BRAM_18K": "0",
          "AVAIL_BRAM": "4320",
          "UTIL_BRAM": "0",
          "DSP": "0",
          "AVAIL_DSP": "6840",
          "UTIL_DSP": "0",
          "URAM": "0",
          "AVAIL_URAM": "960",
          "UTIL_URAM": "0"
        }
      },
      "Col_Loop_proc": {
        "Latency": {
          "LatencyBest": "34",
          "LatencyAvg": "34",
          "LatencyWorst": "34",
          "PipelineII": "34",
          "PipelineDepth": "",
          "PipelineType": "no"
        },
        "Timing": {
          "Target": "10.00",
          "Uncertainty": "2.70",
          "Estimate": "3.931"
        },
        "Loops": [{
            "Name": "Col_Loop",
            "TripCount": "32",
            "Latency": "32",
            "PipelineII": "1",
            "PipelineDepth": "2"
          }],
        "Area": {
          "FF": "17",
          "AVAIL_FF": "2364480",
          "UTIL_FF": "~0",
          "LUT": "658",
          "AVAIL_LUT": "1182240",
          "UTIL_LUT": "~0",
          "BRAM_18K": "0",
          "AVAIL_BRAM": "4320",
          "UTIL_BRAM": "0",
          "DSP": "0",
          "AVAIL_DSP": "6840",
          "UTIL_DSP": "0",
          "URAM": "0",
          "AVAIL_URAM": "960",
          "UTIL_URAM": "0"
        }
      },
      "Write_Loop_proc_Pipeline_Write_Loop": {
        "Latency": {
          "LatencyBest": "259",
          "LatencyAvg": "259",
          "LatencyWorst": "259",
          "PipelineII": "259",
          "PipelineDepth": "",
          "PipelineType": "no"
        },
        "Timing": {
          "Target": "10.00",
          "Uncertainty": "2.70",
          "Estimate": "7.300"
        },
        "Loops": [{
            "Name": "Write_Loop",
            "TripCount": "256",
            "Latency": "257",
            "PipelineII": "1",
            "PipelineDepth": "3"
          }],
        "Area": {
          "FF": "25",
          "AVAIL_FF": "2364480",
          "UTIL_FF": "~0",
          "LUT": "119",
          "AVAIL_LUT": "1182240",
          "UTIL_LUT": "~0",
          "BRAM_18K": "0",
          "AVAIL_BRAM": "4320",
          "UTIL_BRAM": "0",
          "DSP": "0",
          "AVAIL_DSP": "6840",
          "UTIL_DSP": "0",
          "URAM": "0",
          "AVAIL_URAM": "960",
          "UTIL_URAM": "0"
        }
      },
      "Write_Loop_proc": {
        "Latency": {
          "LatencyBest": "267",
          "LatencyAvg": "267",
          "LatencyWorst": "267",
          "PipelineII": "267",
          "PipelineDepth": "",
          "PipelineType": "no"
        },
        "Timing": {
          "Target": "10.00",
          "Uncertainty": "2.70",
          "Estimate": "7.300"
        },
        "Area": {
          "FF": "100",
          "AVAIL_FF": "2364480",
          "UTIL_FF": "~0",
          "LUT": "428",
          "AVAIL_LUT": "1182240",
          "UTIL_LUT": "~0",
          "BRAM_18K": "0",
          "AVAIL_BRAM": "4320",
          "UTIL_BRAM": "0",
          "DSP": "0",
          "AVAIL_DSP": "6840",
          "UTIL_DSP": "0",
          "URAM": "0",
          "AVAIL_URAM": "960",
          "UTIL_URAM": "0"
        }
      },
      "dataflow_in_loop_Row_Loop": {
        "Latency": {
          "LatencyBest": "571",
          "LatencyAvg": "571",
          "LatencyWorst": "571",
          "PipelineII": "269",
          "PipelineDepth": "",
          "PipelineType": "dataflow"
        },
        "Timing": {
          "Target": "10.00",
          "Uncertainty": "2.70",
          "Estimate": "7.300"
        },
        "Area": {
          "BRAM_18K": "0",
          "AVAIL_BRAM": "4320",
          "UTIL_BRAM": "0",
          "FF": "542",
          "AVAIL_FF": "2364480",
          "UTIL_FF": "~0",
          "LUT": "2338",
          "AVAIL_LUT": "1182240",
          "UTIL_LUT": "~0",
          "URAM": "0",
          "AVAIL_URAM": "960",
          "UTIL_URAM": "0",
          "DSP": "0",
          "AVAIL_DSP": "6840",
          "UTIL_DSP": "0"
        }
      },
      "image_diff_posterize": {
        "Latency": {
          "LatencyBest": "69168",
          "LatencyAvg": "69168",
          "LatencyWorst": "69168",
          "PipelineII": "69169",
          "PipelineDepth": "",
          "PipelineType": "no"
        },
        "Timing": {
          "Target": "10.00",
          "Uncertainty": "2.70",
          "Estimate": "7.300"
        },
        "Loops": [{
            "Name": "Row_Loop",
            "TripCount": "256",
            "Latency": "69167",
            "PipelineII": "",
            "PipelineDepth": "69167"
          }],
        "Area": {
          "BRAM_18K": "0",
          "AVAIL_BRAM": "4320",
          "UTIL_BRAM": "0",
          "FF": "2899",
          "AVAIL_FF": "2364480",
          "UTIL_FF": "~0",
          "LUT": "5502",
          "AVAIL_LUT": "1182240",
          "UTIL_LUT": "~0",
          "URAM": "0",
          "AVAIL_URAM": "960",
          "UTIL_URAM": "0",
          "DSP": "0",
          "AVAIL_DSP": "6840",
          "UTIL_DSP": "0"
        }
      }
    }
  },
  "GenerateBdFiles": "0",
  "GenData": {
    "DataVersion": "0.2",
    "Time": "2025-11-28 18:38:52 +0200",
    "ToolName": "vitis_hls",
    "ToolVersion": "2022.2"
  }
}
