<?xml version="1.0" encoding="utf-8"?>
<Messages>
	<Message severity="INFO" prefix="[HLS 200-111]" key="HLS_111_966" tag="RUNTIME" content="Finished File checks and directory preparation: CPU user time: 0 seconds. CPU system time: 0 seconds. Elapsed time: 10.16 seconds; current allocated memory: 93.133 MB." resolution=""/>
	<Message severity="INFO" prefix="[HLS 200-10]" key="HLS_10_1312" tag="" content="Analyzing design file &apos;image_diff_posterize.c&apos; ..." resolution=""/>
	<Message severity="WARNING" prefix="[HLS 214-114]" key="HLS 214-114" tag="DATAFLOW,VITIS_THROUGHPUT" content="Since the only kind of statements allowed in a canonical dataflow region are variable declarations and function calls, the compiler may not be able to correctly handle the region (image_diff_posterize.c:44:9)" resolution="http://www.xilinx.com/cgi-bin/docs/rdoc?v=2022.2;t=hls+guidance;d=214-114.html"/>
	<Message severity="WARNING" prefix="[HLS 200-471]" key="HLS 200-471" tag="DATAFLOW,VITIS_THROUGHPUT" content="Dataflow form checks found 1 issue(s) in file image_diff_posterize.c" resolution="http://www.xilinx.com/cgi-bin/docs/rdoc?v=2022.2;t=hls+guidance;d=200-471.html"/>
	<Message severity="INFO" prefix="[HLS 200-111]" key="HLS_111_966" tag="RUNTIME" content="Finished Source Code Analysis and Preprocessing: CPU user time: 0 seconds. CPU system time: 0 seconds. Elapsed time: 2.701 seconds; current allocated memory: 94.414 MB." resolution=""/>
	<Message severity="INFO" prefix="[HLS 200-777]" key="HLS 200-777" tag="" content="Using interface defaults for &apos;Vivado&apos; flow target." resolution=""/>
	<Message severity="INFO" prefix="[HLS 214-188]" key="HLS 214-188" tag="" content="Unrolling loop &apos;Col_Loop&apos; (image_diff_posterize.c:76:15) in function &apos;image_diff_posterize&apos; partially with a factor of 8 (image_diff_posterize.c:18:0)" resolution=""/>
	<Message severity="INFO" prefix="[HLS 214-248]" key="HLS 214-248" tag="" content="Applying array_partition to &apos;image_diff_posterize.rowC&apos;: Cyclic partitioning with factor 8 on dimension 1. (image_diff_posterize.c:28:0)" resolution=""/>
	<Message severity="INFO" prefix="[HLS 214-248]" key="HLS 214-248" tag="" content="Applying array_partition to &apos;image_diff_posterize.rowB&apos;: Cyclic partitioning with factor 8 on dimension 1. (image_diff_posterize.c:27:0)" resolution=""/>
	<Message severity="INFO" prefix="[HLS 214-248]" key="HLS 214-248" tag="" content="Applying array_partition to &apos;image_diff_posterize.rowA&apos;: Cyclic partitioning with factor 8 on dimension 1. (image_diff_posterize.c:26:0)" resolution=""/>
	<Message severity="INFO" prefix="[HLS 214-115]" key="HLS 214-115" tag="VITIS_INTERFACE" content="Multiple burst reads of length 256 and bit width 8 in loop &apos;Read_Loop&apos;(image_diff_posterize.c:47:13) has been inferred on bundle &apos;gmem0&apos;. These burst requests might be further partitioned into multiple requests during RTL generation, based on max_read_burst_length or max_write_burst_length settings. (image_diff_posterize.c:47:18)" resolution=""/>
	<Message severity="INFO" prefix="[HLS 214-115]" key="HLS 214-115" tag="VITIS_INTERFACE" content="Multiple burst reads of length 256 and bit width 8 in loop &apos;Read_Loop&apos;(image_diff_posterize.c:47:13) has been inferred on bundle &apos;gmem1&apos;. These burst requests might be further partitioned into multiple requests during RTL generation, based on max_read_burst_length or max_write_burst_length settings. (image_diff_posterize.c:47:18)" resolution=""/>
	<Message severity="INFO" prefix="[HLS 214-115]" key="HLS 214-115" tag="VITIS_INTERFACE" content="Multiple burst writes of length 256 and bit width 8 in loop &apos;Write_Loop&apos;(image_diff_posterize.c:92:25) has been inferred on bundle &apos;gmem2&apos;. These burst requests might be further partitioned into multiple requests during RTL generation, based on max_read_burst_length or max_write_burst_length settings. (image_diff_posterize.c:92:30)" resolution=""/>
	<Message severity="INFO" prefix="[HLS 200-111]" key="HLS_111_966" tag="RUNTIME" content="Finished Compiling Optimization and Transform: CPU user time: 0 seconds. CPU system time: 0 seconds. Elapsed time: 7.037 seconds; current allocated memory: 95.465 MB." resolution=""/>
	<Message severity="INFO" prefix="[HLS 200-111]" key="HLS_111_966" tag="RUNTIME" content="Finished Checking Pragmas: CPU user time: 0 seconds. CPU system time: 0 seconds. Elapsed time: 0.004 seconds; current allocated memory: 95.465 MB." resolution=""/>
	<Message severity="INFO" prefix="[HLS 200-10]" key="HLS_10_1467" tag="" content="Starting code transformations ..." resolution=""/>
	<Message severity="INFO" prefix="[HLS 200-111]" key="HLS_111_966" tag="RUNTIME" content="Finished Standard Transforms: CPU user time: 0 seconds. CPU system time: 0 seconds. Elapsed time: 0.146 seconds; current allocated memory: 102.289 MB." resolution=""/>
	<Message severity="INFO" prefix="[HLS 200-10]" key="HLS_10_1472" tag="" content="Checking synthesizability ..." resolution=""/>
	<Message severity="INFO" prefix="[HLS 200-111]" key="HLS_111_966" tag="RUNTIME" content="Finished Checking Synthesizability: CPU user time: 0 seconds. CPU system time: 0 seconds. Elapsed time: 0.074 seconds; current allocated memory: 103.844 MB." resolution=""/>
	<Message severity="INFO" prefix="[XFORM 203-721]" key="XFORM_LOOP_STREAM_STATUS_621" tag="DATAFLOW" content="Changing loop &apos;Read_Loop&apos; (image_diff_posterize.c:50)  to a process function for dataflow in function &apos;image_diff_posterize&apos;." resolution=""/>
	<Message severity="INFO" prefix="[XFORM 203-721]" key="XFORM_LOOP_STREAM_STATUS_621" tag="DATAFLOW" content="Changing loop &apos;Col_Loop&apos; (image_diff_posterize.c:40)  to a process function for dataflow in function &apos;image_diff_posterize&apos;." resolution=""/>
	<Message severity="INFO" prefix="[XFORM 203-721]" key="XFORM_LOOP_STREAM_STATUS_621" tag="DATAFLOW" content="Changing loop &apos;Write_Loop&apos; (image_diff_posterize.c:95)  to a process function for dataflow in function &apos;image_diff_posterize&apos;." resolution=""/>
	<Message severity="INFO" prefix="[XFORM 203-721]" key="XFORM_LOOP_STREAM_STATUS_620" tag="DATAFLOW" content="Extract dataflow region from loop Row_Loop (image_diff_posterize.c:40)  of function &apos;image_diff_posterize&apos;." resolution=""/>
	<Message severity="INFO" prefix="[XFORM 203-712]" key="XFORM_DATAFLOW_TRANSFORM_230" tag="DATAFLOW" content="Applying dataflow to function &apos;dataflow_in_loop_Row_Loop&apos; (image_diff_posterize.c:44:9), detected/extracted 4 process function(s): 
	 &apos;entry_proc&apos;
	 &apos;Read_Loop_proc&apos;
	 &apos;Col_Loop_proc&apos;
	 &apos;Write_Loop_proc&apos;." resolution=""/>
	<Message severity="INFO" prefix="[XFORM 203-401]" key="XFORM_IFCONV_STATUS_239" tag="" content="Performing if-conversion on hyperblock from (image_diff_posterize.c:77:9) to (image_diff_posterize.c:76:15) in function &apos;Col_Loop_proc&apos;... converting 17 basic blocks." resolution=""/>
	<Message severity="INFO" prefix="[HLS 200-111]" key="HLS_111_966" tag="RUNTIME" content="Finished Loop, function and other optimizations: CPU user time: 1 seconds. CPU system time: 0 seconds. Elapsed time: 0.33 seconds; current allocated memory: 126.969 MB." resolution=""/>
	<Message severity="INFO" prefix="[HLS 200-472]" key="HLS 200-472" tag="" content="Inferring partial write operation for &apos;image_diff_posterize.rowC_0&apos; (image_diff_posterize.c:86:36)" resolution=""/>
	<Message severity="INFO" prefix="[HLS 200-472]" key="HLS 200-472" tag="" content="Inferring partial write operation for &apos;image_diff_posterize.rowA_0&apos; (image_diff_posterize.c:50:10)" resolution=""/>
	<Message severity="INFO" prefix="[HLS 200-472]" key="HLS 200-472" tag="" content="Inferring partial write operation for &apos;image_diff_posterize.rowB_0&apos; (image_diff_posterize.c:51:26)" resolution=""/>
	<Message severity="WARNING" prefix="[HLS 200-1449]" key="HLS 200-1449" tag="" content="Process dataflow_in_loop_Row_Loop has both a predecessor and reads an input from its caller (see the GUI dataflow viewer). This may lead to lower throughput. Consider copying this input via a predecessor process." resolution=""/>
	<Message severity="INFO" prefix="[HLS 200-111]" key="HLS_111_966" tag="RUNTIME" content="Finished Architecture Synthesis: CPU user time: 0 seconds. CPU system time: 0 seconds. Elapsed time: 0.206 seconds; current allocated memory: 181.840 MB." resolution=""/>
	<Message severity="INFO" prefix="[HLS 200-10]" key="HLS_10_1317" tag="" content="Starting hardware synthesis ..." resolution=""/>
	<Message severity="INFO" prefix="[HLS 200-10]" key="HLS_10_1385" tag="" content="Synthesizing &apos;image_diff_posterize&apos; ..." resolution=""/>
	<Message severity="INFO" prefix="[HLS 200-10]" key="HLS_10_1477" tag="" content="----------------------------------------------------------------" resolution=""/>
	<Message severity="INFO" prefix="[HLS 200-42]" key="HLS_42_1438" tag="" content="-- Implementing module &apos;entry_proc&apos;" resolution=""/>
	<Message severity="INFO" prefix="[HLS 200-10]" key="HLS_10_1478" tag="" content="----------------------------------------------------------------" resolution=""/>
	<Message severity="INFO" prefix="[SCHED 204-11]" key="SCHED_SCHED_STATUS_597" tag="" content="Starting scheduling ..." resolution=""/>
	<Message severity="INFO" prefix="[SCHED 204-11]" key="SCHED_SCHED_STATUS_596" tag="" content="Finished scheduling." resolution=""/>
	<Message severity="INFO" prefix="[HLS 200-111]" key="HLS_111_966" tag="RUNTIME" content="Finished Scheduling: CPU user time: 0 seconds. CPU system time: 0 seconds. Elapsed time: 0.206 seconds; current allocated memory: 184.809 MB." resolution=""/>
	<Message severity="INFO" prefix="[BIND 205-100]" key="BIND_100_926" tag="" content="Starting micro-architecture generation ..." resolution=""/>
	<Message severity="INFO" prefix="[BIND 205-101]" key="BIND_101_698" tag="" content="Performing variable lifetime analysis." resolution=""/>
	<Message severity="INFO" prefix="[BIND 205-101]" key="BIND_101_697" tag="" content="Exploring resource sharing." resolution=""/>
	<Message severity="INFO" prefix="[BIND 205-101]" key="BIND_101_693" tag="" content="Binding ..." resolution=""/>
	<Message severity="INFO" prefix="[BIND 205-100]" key="BIND_100_925" tag="" content="Finished micro-architecture generation." resolution=""/>
	<Message severity="INFO" prefix="[HLS 200-111]" key="HLS_111_966" tag="RUNTIME" content="Finished Binding: CPU user time: 0 seconds. CPU system time: 0 seconds. Elapsed time: 0.064 seconds; current allocated memory: 185.941 MB." resolution=""/>
	<Message severity="INFO" prefix="[HLS 200-10]" key="HLS_10_1477" tag="" content="----------------------------------------------------------------" resolution=""/>
	<Message severity="INFO" prefix="[HLS 200-42]" key="HLS_42_1438" tag="" content="-- Implementing module &apos;Read_Loop_proc_Pipeline_Read_Loop&apos;" resolution=""/>
	<Message severity="INFO" prefix="[HLS 200-10]" key="HLS_10_1478" tag="" content="----------------------------------------------------------------" resolution=""/>
	<Message severity="INFO" prefix="[SCHED 204-11]" key="SCHED_SCHED_STATUS_597" tag="" content="Starting scheduling ..." resolution=""/>
	<Message severity="INFO" prefix="[SCHED 204-61]" key="SCHED_PIPELINING_STATUS_41" tag="" content="Pipelining loop &apos;Read_Loop&apos;." resolution=""/>
	<Message severity="INFO" prefix="[HLS 200-1470]" key="HLS 200-1470" tag="SCHEDULE,VITIS_THROUGHPUT" content="Pipelining result : Target II = 1, Final II = 1, Depth = 3, loop &apos;Read_Loop&apos;" resolution=""/>
	<Message severity="INFO" prefix="[SCHED 204-11]" key="SCHED_SCHED_STATUS_596" tag="" content="Finished scheduling." resolution=""/>
	<Message severity="INFO" prefix="[HLS 200-111]" key="HLS_111_966" tag="RUNTIME" content="Finished Scheduling: CPU user time: 0 seconds. CPU system time: 0 seconds. Elapsed time: 0.369 seconds; current allocated memory: 187.750 MB." resolution=""/>
	<Message severity="INFO" prefix="[BIND 205-100]" key="BIND_100_926" tag="" content="Starting micro-architecture generation ..." resolution=""/>
	<Message severity="INFO" prefix="[BIND 205-101]" key="BIND_101_698" tag="" content="Performing variable lifetime analysis." resolution=""/>
	<Message severity="INFO" prefix="[BIND 205-101]" key="BIND_101_697" tag="" content="Exploring resource sharing." resolution=""/>
	<Message severity="INFO" prefix="[BIND 205-101]" key="BIND_101_693" tag="" content="Binding ..." resolution=""/>
	<Message severity="INFO" prefix="[BIND 205-100]" key="BIND_100_925" tag="" content="Finished micro-architecture generation." resolution=""/>
	<Message severity="INFO" prefix="[HLS 200-111]" key="HLS_111_966" tag="RUNTIME" content="Finished Binding: CPU user time: 0 seconds. CPU system time: 0 seconds. Elapsed time: 0.126 seconds; current allocated memory: 187.988 MB." resolution=""/>
	<Message severity="INFO" prefix="[HLS 200-10]" key="HLS_10_1477" tag="" content="----------------------------------------------------------------" resolution=""/>
	<Message severity="INFO" prefix="[HLS 200-42]" key="HLS_42_1438" tag="" content="-- Implementing module &apos;Read_Loop_proc&apos;" resolution=""/>
	<Message severity="INFO" prefix="[HLS 200-10]" key="HLS_10_1478" tag="" content="----------------------------------------------------------------" resolution=""/>
	<Message severity="INFO" prefix="[SCHED 204-11]" key="SCHED_SCHED_STATUS_597" tag="" content="Starting scheduling ..." resolution=""/>
	<Message severity="INFO" prefix="[SCHED 204-11]" key="SCHED_SCHED_STATUS_596" tag="" content="Finished scheduling." resolution=""/>
	<Message severity="INFO" prefix="[HLS 200-111]" key="HLS_111_966" tag="RUNTIME" content="Finished Scheduling: CPU user time: 0 seconds. CPU system time: 0 seconds. Elapsed time: 0.139 seconds; current allocated memory: 188.168 MB." resolution=""/>
	<Message severity="INFO" prefix="[BIND 205-100]" key="BIND_100_926" tag="" content="Starting micro-architecture generation ..." resolution=""/>
	<Message severity="INFO" prefix="[BIND 205-101]" key="BIND_101_698" tag="" content="Performing variable lifetime analysis." resolution=""/>
	<Message severity="INFO" prefix="[BIND 205-101]" key="BIND_101_697" tag="" content="Exploring resource sharing." resolution=""/>
	<Message severity="INFO" prefix="[BIND 205-101]" key="BIND_101_693" tag="" content="Binding ..." resolution=""/>
	<Message severity="INFO" prefix="[BIND 205-100]" key="BIND_100_925" tag="" content="Finished micro-architecture generation." resolution=""/>
	<Message severity="INFO" prefix="[HLS 200-111]" key="HLS_111_966" tag="RUNTIME" content="Finished Binding: CPU user time: 0 seconds. CPU system time: 0 seconds. Elapsed time: 0.132 seconds; current allocated memory: 188.355 MB." resolution=""/>
	<Message severity="INFO" prefix="[HLS 200-10]" key="HLS_10_1477" tag="" content="----------------------------------------------------------------" resolution=""/>
	<Message severity="INFO" prefix="[HLS 200-42]" key="HLS_42_1438" tag="" content="-- Implementing module &apos;Col_Loop_proc&apos;" resolution=""/>
	<Message severity="INFO" prefix="[HLS 200-10]" key="HLS_10_1478" tag="" content="----------------------------------------------------------------" resolution=""/>
	<Message severity="INFO" prefix="[SCHED 204-11]" key="SCHED_SCHED_STATUS_597" tag="" content="Starting scheduling ..." resolution=""/>
	<Message severity="INFO" prefix="[SCHED 204-61]" key="SCHED_PIPELINING_STATUS_41" tag="" content="Pipelining loop &apos;Col_Loop&apos;." resolution=""/>
	<Message severity="INFO" prefix="[HLS 200-1470]" key="HLS 200-1470" tag="SCHEDULE,VITIS_THROUGHPUT" content="Pipelining result : Target II = 1, Final II = 1, Depth = 2, loop &apos;Col_Loop&apos;" resolution=""/>
	<Message severity="INFO" prefix="[SCHED 204-11]" key="SCHED_SCHED_STATUS_596" tag="" content="Finished scheduling." resolution=""/>
	<Message severity="INFO" prefix="[HLS 200-111]" key="HLS_111_966" tag="RUNTIME" content="Finished Scheduling: CPU user time: 1 seconds. CPU system time: 0 seconds. Elapsed time: 0.318 seconds; current allocated memory: 189.742 MB." resolution=""/>
	<Message severity="INFO" prefix="[BIND 205-100]" key="BIND_100_926" tag="" content="Starting micro-architecture generation ..." resolution=""/>
	<Message severity="INFO" prefix="[BIND 205-101]" key="BIND_101_698" tag="" content="Performing variable lifetime analysis." resolution=""/>
	<Message severity="INFO" prefix="[BIND 205-101]" key="BIND_101_697" tag="" content="Exploring resource sharing." resolution=""/>
	<Message severity="INFO" prefix="[BIND 205-101]" key="BIND_101_693" tag="" content="Binding ..." resolution=""/>
	<Message severity="INFO" prefix="[BIND 205-100]" key="BIND_100_925" tag="" content="Finished micro-architecture generation." resolution=""/>
	<Message severity="INFO" prefix="[HLS 200-111]" key="HLS_111_966" tag="RUNTIME" content="Finished Binding: CPU user time: 0 seconds. CPU system time: 0 seconds. Elapsed time: 0.332 seconds; current allocated memory: 190.051 MB." resolution=""/>
	<Message severity="INFO" prefix="[HLS 200-10]" key="HLS_10_1477" tag="" content="----------------------------------------------------------------" resolution=""/>
	<Message severity="INFO" prefix="[HLS 200-42]" key="HLS_42_1438" tag="" content="-- Implementing module &apos;Write_Loop_proc_Pipeline_Write_Loop&apos;" resolution=""/>
	<Message severity="INFO" prefix="[HLS 200-10]" key="HLS_10_1478" tag="" content="----------------------------------------------------------------" resolution=""/>
	<Message severity="INFO" prefix="[SCHED 204-11]" key="SCHED_SCHED_STATUS_597" tag="" content="Starting scheduling ..." resolution=""/>
	<Message severity="INFO" prefix="[SCHED 204-61]" key="SCHED_PIPELINING_STATUS_41" tag="" content="Pipelining loop &apos;Write_Loop&apos;." resolution=""/>
	<Message severity="INFO" prefix="[HLS 200-1470]" key="HLS 200-1470" tag="SCHEDULE,VITIS_THROUGHPUT" content="Pipelining result : Target II = 1, Final II = 1, Depth = 3, loop &apos;Write_Loop&apos;" resolution=""/>
	<Message severity="INFO" prefix="[SCHED 204-11]" key="SCHED_SCHED_STATUS_596" tag="" content="Finished scheduling." resolution=""/>
	<Message severity="INFO" prefix="[HLS 200-111]" key="HLS_111_966" tag="RUNTIME" content="Finished Scheduling: CPU user time: 1 seconds. CPU system time: 0 seconds. Elapsed time: 0.477 seconds; current allocated memory: 190.383 MB." resolution=""/>
	<Message severity="INFO" prefix="[BIND 205-100]" key="BIND_100_926" tag="" content="Starting micro-architecture generation ..." resolution=""/>
	<Message severity="INFO" prefix="[BIND 205-101]" key="BIND_101_698" tag="" content="Performing variable lifetime analysis." resolution=""/>
	<Message severity="INFO" prefix="[BIND 205-101]" key="BIND_101_697" tag="" content="Exploring resource sharing." resolution=""/>
	<Message severity="INFO" prefix="[BIND 205-101]" key="BIND_101_693" tag="" content="Binding ..." resolution=""/>
	<Message severity="INFO" prefix="[BIND 205-100]" key="BIND_100_925" tag="" content="Finished micro-architecture generation." resolution=""/>
	<Message severity="INFO" prefix="[HLS 200-111]" key="HLS_111_966" tag="RUNTIME" content="Finished Binding: CPU user time: 0 seconds. CPU system time: 0 seconds. Elapsed time: 0.12 seconds; current allocated memory: 190.551 MB." resolution=""/>
	<Message severity="INFO" prefix="[HLS 200-10]" key="HLS_10_1477" tag="" content="----------------------------------------------------------------" resolution=""/>
	<Message severity="INFO" prefix="[HLS 200-42]" key="HLS_42_1438" tag="" content="-- Implementing module &apos;Write_Loop_proc&apos;" resolution=""/>
	<Message severity="INFO" prefix="[HLS 200-10]" key="HLS_10_1478" tag="" content="----------------------------------------------------------------" resolution=""/>
	<Message severity="INFO" prefix="[SCHED 204-11]" key="SCHED_SCHED_STATUS_597" tag="" content="Starting scheduling ..." resolution=""/>
	<Message severity="INFO" prefix="[SCHED 204-11]" key="SCHED_SCHED_STATUS_596" tag="" content="Finished scheduling." resolution=""/>
	<Message severity="INFO" prefix="[HLS 200-111]" key="HLS_111_966" tag="RUNTIME" content="Finished Scheduling: CPU user time: 0 seconds. CPU system time: 0 seconds. Elapsed time: 0.161 seconds; current allocated memory: 190.898 MB." resolution=""/>
	<Message severity="INFO" prefix="[BIND 205-100]" key="BIND_100_926" tag="" content="Starting micro-architecture generation ..." resolution=""/>
	<Message severity="INFO" prefix="[BIND 205-101]" key="BIND_101_698" tag="" content="Performing variable lifetime analysis." resolution=""/>
	<Message severity="INFO" prefix="[BIND 205-101]" key="BIND_101_697" tag="" content="Exploring resource sharing." resolution=""/>
	<Message severity="INFO" prefix="[BIND 205-101]" key="BIND_101_693" tag="" content="Binding ..." resolution=""/>
	<Message severity="INFO" prefix="[BIND 205-100]" key="BIND_100_925" tag="" content="Finished micro-architecture generation." resolution=""/>
	<Message severity="INFO" prefix="[HLS 200-111]" key="HLS_111_966" tag="RUNTIME" content="Finished Binding: CPU user time: 0 seconds. CPU system time: 0 seconds. Elapsed time: 0.142 seconds; current allocated memory: 190.949 MB." resolution=""/>
	<Message severity="INFO" prefix="[HLS 200-10]" key="HLS_10_1477" tag="" content="----------------------------------------------------------------" resolution=""/>
	<Message severity="INFO" prefix="[HLS 200-42]" key="HLS_42_1438" tag="" content="-- Implementing module &apos;dataflow_in_loop_Row_Loop&apos;" resolution=""/>
	<Message severity="INFO" prefix="[HLS 200-10]" key="HLS_10_1478" tag="" content="----------------------------------------------------------------" resolution=""/>
	<Message severity="INFO" prefix="[SCHED 204-11]" key="SCHED_SCHED_STATUS_597" tag="" content="Starting scheduling ..." resolution=""/>
	<Message severity="INFO" prefix="[SCHED 204-11]" key="SCHED_SCHED_STATUS_596" tag="" content="Finished scheduling." resolution=""/>
	<Message severity="WARNING" prefix="[HLS 200-1020]" key="HLS 200-1020" tag="" content="Increasing the depth of FIFO tmp (from Read_Loop_proc_U0 to Write_Loop_proc_U0) to 3 to improve performance and/or avoid deadlocks." resolution=""/>
	<Message severity="INFO" prefix="[HLS 200-111]" key="HLS_111_966" tag="RUNTIME" content="Finished Scheduling: CPU user time: 0 seconds. CPU system time: 0 seconds. Elapsed time: 0.1 seconds; current allocated memory: 191.082 MB." resolution=""/>
	<Message severity="INFO" prefix="[BIND 205-100]" key="BIND_100_926" tag="" content="Starting micro-architecture generation ..." resolution=""/>
	<Message severity="INFO" prefix="[BIND 205-101]" key="BIND_101_698" tag="" content="Performing variable lifetime analysis." resolution=""/>
	<Message severity="INFO" prefix="[BIND 205-101]" key="BIND_101_697" tag="" content="Exploring resource sharing." resolution=""/>
	<Message severity="INFO" prefix="[BIND 205-101]" key="BIND_101_693" tag="" content="Binding ..." resolution=""/>
	<Message severity="INFO" prefix="[BIND 205-100]" key="BIND_100_925" tag="" content="Finished micro-architecture generation." resolution=""/>
	<Message severity="INFO" prefix="[HLS 200-111]" key="HLS_111_966" tag="RUNTIME" content="Finished Binding: CPU user time: 0 seconds. CPU system time: 0 seconds. Elapsed time: 0.286 seconds; current allocated memory: 191.367 MB." resolution=""/>
	<Message severity="INFO" prefix="[HLS 200-10]" key="HLS_10_1477" tag="" content="----------------------------------------------------------------" resolution=""/>
	<Message severity="INFO" prefix="[HLS 200-42]" key="HLS_42_1438" tag="" content="-- Implementing module &apos;image_diff_posterize&apos;" resolution=""/>
	<Message severity="INFO" prefix="[HLS 200-10]" key="HLS_10_1478" tag="" content="----------------------------------------------------------------" resolution=""/>
	<Message severity="INFO" prefix="[SCHED 204-11]" key="SCHED_SCHED_STATUS_597" tag="" content="Starting scheduling ..." resolution=""/>
	<Message severity="INFO" prefix="[SCHED 204-11]" key="SCHED_SCHED_STATUS_596" tag="" content="Finished scheduling." resolution=""/>
	<Message severity="INFO" prefix="[HLS 200-111]" key="HLS_111_966" tag="RUNTIME" content="Finished Scheduling: CPU user time: 1 seconds. CPU system time: 0 seconds. Elapsed time: 0.309 seconds; current allocated memory: 191.660 MB." resolution=""/>
	<Message severity="INFO" prefix="[BIND 205-100]" key="BIND_100_926" tag="" content="Starting micro-architecture generation ..." resolution=""/>
	<Message severity="INFO" prefix="[BIND 205-101]" key="BIND_101_698" tag="" content="Performing variable lifetime analysis." resolution=""/>
	<Message severity="INFO" prefix="[BIND 205-101]" key="BIND_101_697" tag="" content="Exploring resource sharing." resolution=""/>
	<Message severity="INFO" prefix="[BIND 205-101]" key="BIND_101_693" tag="" content="Binding ..." resolution=""/>
	<Message severity="INFO" prefix="[BIND 205-100]" key="BIND_100_925" tag="" content="Finished micro-architecture generation." resolution=""/>
	<Message severity="INFO" prefix="[HLS 200-111]" key="HLS_111_966" tag="RUNTIME" content="Finished Binding: CPU user time: 0 seconds. CPU system time: 1 seconds. Elapsed time: 0.379 seconds; current allocated memory: 191.773 MB." resolution=""/>
	<Message severity="INFO" prefix="[HLS 200-10]" key="HLS_10_1483" tag="" content="----------------------------------------------------------------" resolution=""/>
	<Message severity="INFO" prefix="[HLS 200-10]" key="HLS_10_1484" tag="" content="-- Generating RTL for module &apos;entry_proc&apos;" resolution=""/>
	<Message severity="INFO" prefix="[HLS 200-10]" key="HLS_10_1485" tag="" content="----------------------------------------------------------------" resolution=""/>
	<Message severity="INFO" prefix="[RTGEN 206-100]" key="RTGEN_100_856" tag="" content="Finished creating RTL model for &apos;entry_proc&apos;." resolution=""/>
	<Message severity="INFO" prefix="[HLS 200-111]" key="HLS_111_966" tag="RUNTIME" content="Finished Creating RTL model: CPU user time: 0 seconds. CPU system time: 0 seconds. Elapsed time: 0.508 seconds; current allocated memory: 193.043 MB." resolution=""/>
	<Message severity="INFO" prefix="[HLS 200-10]" key="HLS_10_1483" tag="" content="----------------------------------------------------------------" resolution=""/>
	<Message severity="INFO" prefix="[HLS 200-10]" key="HLS_10_1484" tag="" content="-- Generating RTL for module &apos;Read_Loop_proc_Pipeline_Read_Loop&apos;" resolution=""/>
	<Message severity="INFO" prefix="[HLS 200-10]" key="HLS_10_1485" tag="" content="----------------------------------------------------------------" resolution=""/>
	<Message severity="INFO" prefix="[HLS 200-1030]" key="HLS 200-1030" tag="" content="Apply Unified Pipeline Control on module &apos;Read_Loop_proc_Pipeline_Read_Loop&apos; pipeline &apos;Read_Loop&apos; pipeline type &apos;loop pipeline&apos;" resolution=""/>
	<Message severity="WARNING" prefix="[RTGEN 206-101]" key="RTGEN_101_739" tag="" content="Setting dangling out port &apos;Read_Loop_proc_Pipeline_Read_Loop/m_axi_gmem0_ARVALID&apos; to 0." resolution=""/>
	<Message severity="WARNING" prefix="[RTGEN 206-101]" key="RTGEN_101_739" tag="" content="Setting dangling out port &apos;Read_Loop_proc_Pipeline_Read_Loop/m_axi_gmem0_ARADDR&apos; to 0." resolution=""/>
	<Message severity="WARNING" prefix="[RTGEN 206-101]" key="RTGEN_101_739" tag="" content="Setting dangling out port &apos;Read_Loop_proc_Pipeline_Read_Loop/m_axi_gmem0_ARID&apos; to 0." resolution=""/>
	<Message severity="WARNING" prefix="[RTGEN 206-101]" key="RTGEN_101_739" tag="" content="Setting dangling out port &apos;Read_Loop_proc_Pipeline_Read_Loop/m_axi_gmem0_ARLEN&apos; to 0." resolution=""/>
	<Message severity="WARNING" prefix="[RTGEN 206-101]" key="RTGEN_101_739" tag="" content="Setting dangling out port &apos;Read_Loop_proc_Pipeline_Read_Loop/m_axi_gmem0_ARSIZE&apos; to 0." resolution=""/>
	<Message severity="WARNING" prefix="[RTGEN 206-101]" key="RTGEN_101_739" tag="" content="Setting dangling out port &apos;Read_Loop_proc_Pipeline_Read_Loop/m_axi_gmem0_ARBURST&apos; to 0." resolution=""/>
	<Message severity="WARNING" prefix="[RTGEN 206-101]" key="RTGEN_101_739" tag="" content="Setting dangling out port &apos;Read_Loop_proc_Pipeline_Read_Loop/m_axi_gmem0_ARLOCK&apos; to 0." resolution=""/>
	<Message severity="WARNING" prefix="[RTGEN 206-101]" key="RTGEN_101_739" tag="" content="Setting dangling out port &apos;Read_Loop_proc_Pipeline_Read_Loop/m_axi_gmem0_ARCACHE&apos; to 0." resolution=""/>
	<Message severity="WARNING" prefix="[RTGEN 206-101]" key="RTGEN_101_739" tag="" content="Setting dangling out port &apos;Read_Loop_proc_Pipeline_Read_Loop/m_axi_gmem0_ARPROT&apos; to 0." resolution=""/>
	<Message severity="WARNING" prefix="[RTGEN 206-101]" key="RTGEN_101_739" tag="" content="Setting dangling out port &apos;Read_Loop_proc_Pipeline_Read_Loop/m_axi_gmem0_ARQOS&apos; to 0." resolution=""/>
	<Message severity="WARNING" prefix="[RTGEN 206-101]" key="RTGEN_101_739" tag="" content="Setting dangling out port &apos;Read_Loop_proc_Pipeline_Read_Loop/m_axi_gmem0_ARREGION&apos; to 0." resolution=""/>
	<Message severity="WARNING" prefix="[RTGEN 206-101]" key="RTGEN_101_739" tag="" content="Setting dangling out port &apos;Read_Loop_proc_Pipeline_Read_Loop/m_axi_gmem0_ARUSER&apos; to 0." resolution=""/>
	<Message severity="WARNING" prefix="[RTGEN 206-101]" key="RTGEN_101_739" tag="" content="Setting dangling out port &apos;Read_Loop_proc_Pipeline_Read_Loop/m_axi_gmem1_ARVALID&apos; to 0." resolution=""/>
	<Message severity="WARNING" prefix="[RTGEN 206-101]" key="RTGEN_101_739" tag="" content="Setting dangling out port &apos;Read_Loop_proc_Pipeline_Read_Loop/m_axi_gmem1_ARADDR&apos; to 0." resolution=""/>
	<Message severity="WARNING" prefix="[RTGEN 206-101]" key="RTGEN_101_739" tag="" content="Setting dangling out port &apos;Read_Loop_proc_Pipeline_Read_Loop/m_axi_gmem1_ARID&apos; to 0." resolution=""/>
	<Message severity="WARNING" prefix="[RTGEN 206-101]" key="RTGEN_101_739" tag="" content="Setting dangling out port &apos;Read_Loop_proc_Pipeline_Read_Loop/m_axi_gmem1_ARLEN&apos; to 0." resolution=""/>
	<Message severity="WARNING" prefix="[RTGEN 206-101]" key="RTGEN_101_739" tag="" content="Setting dangling out port &apos;Read_Loop_proc_Pipeline_Read_Loop/m_axi_gmem1_ARSIZE&apos; to 0." resolution=""/>
	<Message severity="WARNING" prefix="[RTGEN 206-101]" key="RTGEN_101_739" tag="" content="Setting dangling out port &apos;Read_Loop_proc_Pipeline_Read_Loop/m_axi_gmem1_ARBURST&apos; to 0." resolution=""/>
	<Message severity="WARNING" prefix="[RTGEN 206-101]" key="RTGEN_101_739" tag="" content="Setting dangling out port &apos;Read_Loop_proc_Pipeline_Read_Loop/m_axi_gmem1_ARLOCK&apos; to 0." resolution=""/>
	<Message severity="WARNING" prefix="[RTGEN 206-101]" key="RTGEN_101_739" tag="" content="Setting dangling out port &apos;Read_Loop_proc_Pipeline_Read_Loop/m_axi_gmem1_ARCACHE&apos; to 0." resolution=""/>
	<Message severity="WARNING" prefix="[RTGEN 206-101]" key="RTGEN_101_739" tag="" content="Setting dangling out port &apos;Read_Loop_proc_Pipeline_Read_Loop/m_axi_gmem1_ARPROT&apos; to 0." resolution=""/>
	<Message severity="WARNING" prefix="[RTGEN 206-101]" key="RTGEN_101_739" tag="" content="Setting dangling out port &apos;Read_Loop_proc_Pipeline_Read_Loop/m_axi_gmem1_ARQOS&apos; to 0." resolution=""/>
	<Message severity="WARNING" prefix="[RTGEN 206-101]" key="RTGEN_101_739" tag="" content="Setting dangling out port &apos;Read_Loop_proc_Pipeline_Read_Loop/m_axi_gmem1_ARREGION&apos; to 0." resolution=""/>
	<Message severity="WARNING" prefix="[RTGEN 206-101]" key="RTGEN_101_739" tag="" content="Setting dangling out port &apos;Read_Loop_proc_Pipeline_Read_Loop/m_axi_gmem1_ARUSER&apos; to 0." resolution=""/>
	<Message severity="INFO" prefix="[RTGEN 206-100]" key="RTGEN_100_856" tag="" content="Finished creating RTL model for &apos;Read_Loop_proc_Pipeline_Read_Loop&apos;." resolution=""/>
	<Message severity="INFO" prefix="[HLS 200-111]" key="HLS_111_966" tag="RUNTIME" content="Finished Creating RTL model: CPU user time: 1 seconds. CPU system time: 0 seconds. Elapsed time: 0.727 seconds; current allocated memory: 195.141 MB." resolution=""/>
	<Message severity="INFO" prefix="[HLS 200-10]" key="HLS_10_1483" tag="" content="----------------------------------------------------------------" resolution=""/>
	<Message severity="INFO" prefix="[HLS 200-10]" key="HLS_10_1484" tag="" content="-- Generating RTL for module &apos;Read_Loop_proc&apos;" resolution=""/>
	<Message severity="INFO" prefix="[HLS 200-10]" key="HLS_10_1485" tag="" content="----------------------------------------------------------------" resolution=""/>
	<Message severity="INFO" prefix="[RTGEN 206-100]" key="RTGEN_100_856" tag="" content="Finished creating RTL model for &apos;Read_Loop_proc&apos;." resolution=""/>
	<Message severity="INFO" prefix="[HLS 200-111]" key="HLS_111_966" tag="RUNTIME" content="Finished Creating RTL model: CPU user time: 0 seconds. CPU system time: 0 seconds. Elapsed time: 0.49 seconds; current allocated memory: 197.922 MB." resolution=""/>
	<Message severity="INFO" prefix="[HLS 200-10]" key="HLS_10_1483" tag="" content="----------------------------------------------------------------" resolution=""/>
	<Message severity="INFO" prefix="[HLS 200-10]" key="HLS_10_1484" tag="" content="-- Generating RTL for module &apos;Col_Loop_proc&apos;" resolution=""/>
	<Message severity="INFO" prefix="[HLS 200-10]" key="HLS_10_1485" tag="" content="----------------------------------------------------------------" resolution=""/>
	<Message severity="INFO" prefix="[HLS 200-1030]" key="HLS 200-1030" tag="" content="Apply Unified Pipeline Control on module &apos;Col_Loop_proc&apos; pipeline &apos;Col_Loop&apos; pipeline type &apos;loop pipeline&apos;" resolution=""/>
	<Message severity="INFO" prefix="[RTGEN 206-100]" key="RTGEN_100_856" tag="" content="Finished creating RTL model for &apos;Col_Loop_proc&apos;." resolution=""/>
	<Message severity="INFO" prefix="[HLS 200-111]" key="HLS_111_966" tag="RUNTIME" content="Finished Creating RTL model: CPU user time: 0 seconds. CPU system time: 0 seconds. Elapsed time: 0.257 seconds; current allocated memory: 200.039 MB." resolution=""/>
	<Message severity="INFO" prefix="[HLS 200-10]" key="HLS_10_1483" tag="" content="----------------------------------------------------------------" resolution=""/>
	<Message severity="INFO" prefix="[HLS 200-10]" key="HLS_10_1484" tag="" content="-- Generating RTL for module &apos;Write_Loop_proc_Pipeline_Write_Loop&apos;" resolution=""/>
	<Message severity="INFO" prefix="[HLS 200-10]" key="HLS_10_1485" tag="" content="----------------------------------------------------------------" resolution=""/>
	<Message severity="INFO" prefix="[HLS 200-1030]" key="HLS 200-1030" tag="" content="Apply Unified Pipeline Control on module &apos;Write_Loop_proc_Pipeline_Write_Loop&apos; pipeline &apos;Write_Loop&apos; pipeline type &apos;loop pipeline&apos;" resolution=""/>
	<Message severity="WARNING" prefix="[RTGEN 206-101]" key="RTGEN_101_739" tag="" content="Setting dangling out port &apos;Write_Loop_proc_Pipeline_Write_Loop/m_axi_gmem2_AWVALID&apos; to 0." resolution=""/>
	<Message severity="WARNING" prefix="[RTGEN 206-101]" key="RTGEN_101_739" tag="" content="Setting dangling out port &apos;Write_Loop_proc_Pipeline_Write_Loop/m_axi_gmem2_AWADDR&apos; to 0." resolution=""/>
	<Message severity="WARNING" prefix="[RTGEN 206-101]" key="RTGEN_101_739" tag="" content="Setting dangling out port &apos;Write_Loop_proc_Pipeline_Write_Loop/m_axi_gmem2_AWID&apos; to 0." resolution=""/>
	<Message severity="WARNING" prefix="[RTGEN 206-101]" key="RTGEN_101_739" tag="" content="Setting dangling out port &apos;Write_Loop_proc_Pipeline_Write_Loop/m_axi_gmem2_AWLEN&apos; to 0." resolution=""/>
	<Message severity="WARNING" prefix="[RTGEN 206-101]" key="RTGEN_101_739" tag="" content="Setting dangling out port &apos;Write_Loop_proc_Pipeline_Write_Loop/m_axi_gmem2_AWSIZE&apos; to 0." resolution=""/>
	<Message severity="WARNING" prefix="[RTGEN 206-101]" key="RTGEN_101_739" tag="" content="Setting dangling out port &apos;Write_Loop_proc_Pipeline_Write_Loop/m_axi_gmem2_AWBURST&apos; to 0." resolution=""/>
	<Message severity="WARNING" prefix="[RTGEN 206-101]" key="RTGEN_101_739" tag="" content="Setting dangling out port &apos;Write_Loop_proc_Pipeline_Write_Loop/m_axi_gmem2_AWLOCK&apos; to 0." resolution=""/>
	<Message severity="WARNING" prefix="[RTGEN 206-101]" key="RTGEN_101_739" tag="" content="Setting dangling out port &apos;Write_Loop_proc_Pipeline_Write_Loop/m_axi_gmem2_AWCACHE&apos; to 0." resolution=""/>
	<Message severity="WARNING" prefix="[RTGEN 206-101]" key="RTGEN_101_739" tag="" content="Setting dangling out port &apos;Write_Loop_proc_Pipeline_Write_Loop/m_axi_gmem2_AWPROT&apos; to 0." resolution=""/>
	<Message severity="WARNING" prefix="[RTGEN 206-101]" key="RTGEN_101_739" tag="" content="Setting dangling out port &apos;Write_Loop_proc_Pipeline_Write_Loop/m_axi_gmem2_AWQOS&apos; to 0." resolution=""/>
	<Message severity="WARNING" prefix="[RTGEN 206-101]" key="RTGEN_101_739" tag="" content="Setting dangling out port &apos;Write_Loop_proc_Pipeline_Write_Loop/m_axi_gmem2_AWREGION&apos; to 0." resolution=""/>
	<Message severity="WARNING" prefix="[RTGEN 206-101]" key="RTGEN_101_739" tag="" content="Setting dangling out port &apos;Write_Loop_proc_Pipeline_Write_Loop/m_axi_gmem2_AWUSER&apos; to 0." resolution=""/>
	<Message severity="WARNING" prefix="[RTGEN 206-101]" key="RTGEN_101_739" tag="" content="Setting dangling out port &apos;Write_Loop_proc_Pipeline_Write_Loop/m_axi_gmem2_BREADY&apos; to 0." resolution=""/>
	<Message severity="INFO" prefix="[RTGEN 206-100]" key="RTGEN_100_855" tag="" content="Generating core module &apos;mux_83_8_1_1&apos;: 1 instance(s)." resolution=""/>
	<Message severity="INFO" prefix="[RTGEN 206-100]" key="RTGEN_100_856" tag="" content="Finished creating RTL model for &apos;Write_Loop_proc_Pipeline_Write_Loop&apos;." resolution=""/>
	<Message severity="INFO" prefix="[HLS 200-111]" key="HLS_111_966" tag="RUNTIME" content="Finished Creating RTL model: CPU user time: 1 seconds. CPU system time: 0 seconds. Elapsed time: 1.373 seconds; current allocated memory: 203.250 MB." resolution=""/>
	<Message severity="INFO" prefix="[HLS 200-10]" key="HLS_10_1483" tag="" content="----------------------------------------------------------------" resolution=""/>
	<Message severity="INFO" prefix="[HLS 200-10]" key="HLS_10_1484" tag="" content="-- Generating RTL for module &apos;Write_Loop_proc&apos;" resolution=""/>
	<Message severity="INFO" prefix="[HLS 200-10]" key="HLS_10_1485" tag="" content="----------------------------------------------------------------" resolution=""/>
	<Message severity="INFO" prefix="[RTGEN 206-100]" key="RTGEN_100_856" tag="" content="Finished creating RTL model for &apos;Write_Loop_proc&apos;." resolution=""/>
	<Message severity="INFO" prefix="[HLS 200-111]" key="HLS_111_966" tag="RUNTIME" content="Finished Creating RTL model: CPU user time: 0 seconds. CPU system time: 0 seconds. Elapsed time: 0.407 seconds; current allocated memory: 204.352 MB." resolution=""/>
	<Message severity="INFO" prefix="[HLS 200-10]" key="HLS_10_1483" tag="" content="----------------------------------------------------------------" resolution=""/>
	<Message severity="INFO" prefix="[HLS 200-10]" key="HLS_10_1484" tag="" content="-- Generating RTL for module &apos;dataflow_in_loop_Row_Loop&apos;" resolution=""/>
	<Message severity="INFO" prefix="[HLS 200-10]" key="HLS_10_1485" tag="" content="----------------------------------------------------------------" resolution=""/>
	<Message severity="WARNING" prefix="[RTGEN 206-101]" key="RTGEN_101_739" tag="" content="Setting dangling out port &apos;dataflow_in_loop_Row_Loop/m_axi_gmem0_AWVALID&apos; to 0." resolution=""/>
	<Message severity="WARNING" prefix="[RTGEN 206-101]" key="RTGEN_101_739" tag="" content="Setting dangling out port &apos;dataflow_in_loop_Row_Loop/m_axi_gmem0_AWADDR&apos; to 0." resolution=""/>
	<Message severity="WARNING" prefix="[RTGEN 206-101]" key="RTGEN_101_739" tag="" content="Setting dangling out port &apos;dataflow_in_loop_Row_Loop/m_axi_gmem0_AWID&apos; to 0." resolution=""/>
	<Message severity="WARNING" prefix="[RTGEN 206-101]" key="RTGEN_101_739" tag="" content="Setting dangling out port &apos;dataflow_in_loop_Row_Loop/m_axi_gmem0_AWLEN&apos; to 0." resolution=""/>
	<Message severity="WARNING" prefix="[RTGEN 206-101]" key="RTGEN_101_739" tag="" content="Setting dangling out port &apos;dataflow_in_loop_Row_Loop/m_axi_gmem0_AWSIZE&apos; to 0." resolution=""/>
	<Message severity="WARNING" prefix="[RTGEN 206-101]" key="RTGEN_101_739" tag="" content="Setting dangling out port &apos;dataflow_in_loop_Row_Loop/m_axi_gmem0_AWBURST&apos; to 0." resolution=""/>
	<Message severity="WARNING" prefix="[RTGEN 206-101]" key="RTGEN_101_739" tag="" content="Setting dangling out port &apos;dataflow_in_loop_Row_Loop/m_axi_gmem0_AWLOCK&apos; to 0." resolution=""/>
	<Message severity="WARNING" prefix="[RTGEN 206-101]" key="RTGEN_101_739" tag="" content="Setting dangling out port &apos;dataflow_in_loop_Row_Loop/m_axi_gmem0_AWCACHE&apos; to 0." resolution=""/>
	<Message severity="WARNING" prefix="[RTGEN 206-101]" key="RTGEN_101_739" tag="" content="Setting dangling out port &apos;dataflow_in_loop_Row_Loop/m_axi_gmem0_AWPROT&apos; to 0." resolution=""/>
	<Message severity="WARNING" prefix="[RTGEN 206-101]" key="RTGEN_101_739" tag="" content="Setting dangling out port &apos;dataflow_in_loop_Row_Loop/m_axi_gmem0_AWQOS&apos; to 0." resolution=""/>
	<Message severity="WARNING" prefix="[RTGEN 206-101]" key="RTGEN_101_739" tag="" content="Setting dangling out port &apos;dataflow_in_loop_Row_Loop/m_axi_gmem0_AWREGION&apos; to 0." resolution=""/>
	<Message severity="WARNING" prefix="[RTGEN 206-101]" key="RTGEN_101_739" tag="" content="Setting dangling out port &apos;dataflow_in_loop_Row_Loop/m_axi_gmem0_AWUSER&apos; to 0." resolution=""/>
	<Message severity="WARNING" prefix="[RTGEN 206-101]" key="RTGEN_101_739" tag="" content="Setting dangling out port &apos;dataflow_in_loop_Row_Loop/m_axi_gmem0_WVALID&apos; to 0." resolution=""/>
	<Message severity="WARNING" prefix="[RTGEN 206-101]" key="RTGEN_101_739" tag="" content="Setting dangling out port &apos;dataflow_in_loop_Row_Loop/m_axi_gmem0_WDATA&apos; to 0." resolution=""/>
	<Message severity="WARNING" prefix="[RTGEN 206-101]" key="RTGEN_101_739" tag="" content="Setting dangling out port &apos;dataflow_in_loop_Row_Loop/m_axi_gmem0_WSTRB&apos; to 0." resolution=""/>
	<Message severity="WARNING" prefix="[RTGEN 206-101]" key="RTGEN_101_739" tag="" content="Setting dangling out port &apos;dataflow_in_loop_Row_Loop/m_axi_gmem0_WLAST&apos; to 0." resolution=""/>
	<Message severity="WARNING" prefix="[RTGEN 206-101]" key="RTGEN_101_739" tag="" content="Setting dangling out port &apos;dataflow_in_loop_Row_Loop/m_axi_gmem0_WID&apos; to 0." resolution=""/>
	<Message severity="WARNING" prefix="[RTGEN 206-101]" key="RTGEN_101_739" tag="" content="Setting dangling out port &apos;dataflow_in_loop_Row_Loop/m_axi_gmem0_WUSER&apos; to 0." resolution=""/>
	<Message severity="WARNING" prefix="[RTGEN 206-101]" key="RTGEN_101_739" tag="" content="Setting dangling out port &apos;dataflow_in_loop_Row_Loop/m_axi_gmem0_BREADY&apos; to 0." resolution=""/>
	<Message severity="WARNING" prefix="[RTGEN 206-101]" key="RTGEN_101_739" tag="" content="Setting dangling out port &apos;dataflow_in_loop_Row_Loop/m_axi_gmem1_AWVALID&apos; to 0." resolution=""/>
	<Message severity="WARNING" prefix="[RTGEN 206-101]" key="RTGEN_101_739" tag="" content="Setting dangling out port &apos;dataflow_in_loop_Row_Loop/m_axi_gmem1_AWADDR&apos; to 0." resolution=""/>
	<Message severity="WARNING" prefix="[RTGEN 206-101]" key="RTGEN_101_739" tag="" content="Setting dangling out port &apos;dataflow_in_loop_Row_Loop/m_axi_gmem1_AWID&apos; to 0." resolution=""/>
	<Message severity="WARNING" prefix="[RTGEN 206-101]" key="RTGEN_101_739" tag="" content="Setting dangling out port &apos;dataflow_in_loop_Row_Loop/m_axi_gmem1_AWLEN&apos; to 0." resolution=""/>
	<Message severity="WARNING" prefix="[RTGEN 206-101]" key="RTGEN_101_739" tag="" content="Setting dangling out port &apos;dataflow_in_loop_Row_Loop/m_axi_gmem1_AWSIZE&apos; to 0." resolution=""/>
	<Message severity="WARNING" prefix="[RTGEN 206-101]" key="RTGEN_101_739" tag="" content="Setting dangling out port &apos;dataflow_in_loop_Row_Loop/m_axi_gmem1_AWBURST&apos; to 0." resolution=""/>
	<Message severity="WARNING" prefix="[RTGEN 206-101]" key="RTGEN_101_739" tag="" content="Setting dangling out port &apos;dataflow_in_loop_Row_Loop/m_axi_gmem1_AWLOCK&apos; to 0." resolution=""/>
	<Message severity="WARNING" prefix="[RTGEN 206-101]" key="RTGEN_101_739" tag="" content="Setting dangling out port &apos;dataflow_in_loop_Row_Loop/m_axi_gmem1_AWCACHE&apos; to 0." resolution=""/>
	<Message severity="WARNING" prefix="[RTGEN 206-101]" key="RTGEN_101_739" tag="" content="Setting dangling out port &apos;dataflow_in_loop_Row_Loop/m_axi_gmem1_AWPROT&apos; to 0." resolution=""/>
	<Message severity="WARNING" prefix="[RTGEN 206-101]" key="RTGEN_101_739" tag="" content="Setting dangling out port &apos;dataflow_in_loop_Row_Loop/m_axi_gmem1_AWQOS&apos; to 0." resolution=""/>
	<Message severity="WARNING" prefix="[RTGEN 206-101]" key="RTGEN_101_739" tag="" content="Setting dangling out port &apos;dataflow_in_loop_Row_Loop/m_axi_gmem1_AWREGION&apos; to 0." resolution=""/>
	<Message severity="WARNING" prefix="[RTGEN 206-101]" key="RTGEN_101_739" tag="" content="Setting dangling out port &apos;dataflow_in_loop_Row_Loop/m_axi_gmem1_AWUSER&apos; to 0." resolution=""/>
	<Message severity="WARNING" prefix="[RTGEN 206-101]" key="RTGEN_101_739" tag="" content="Setting dangling out port &apos;dataflow_in_loop_Row_Loop/m_axi_gmem1_WVALID&apos; to 0." resolution=""/>
	<Message severity="WARNING" prefix="[RTGEN 206-101]" key="RTGEN_101_739" tag="" content="Setting dangling out port &apos;dataflow_in_loop_Row_Loop/m_axi_gmem1_WDATA&apos; to 0." resolution=""/>
	<Message severity="WARNING" prefix="[RTGEN 206-101]" key="RTGEN_101_739" tag="" content="Setting dangling out port &apos;dataflow_in_loop_Row_Loop/m_axi_gmem1_WSTRB&apos; to 0." resolution=""/>
	<Message severity="WARNING" prefix="[RTGEN 206-101]" key="RTGEN_101_739" tag="" content="Setting dangling out port &apos;dataflow_in_loop_Row_Loop/m_axi_gmem1_WLAST&apos; to 0." resolution=""/>
	<Message severity="WARNING" prefix="[RTGEN 206-101]" key="RTGEN_101_739" tag="" content="Setting dangling out port &apos;dataflow_in_loop_Row_Loop/m_axi_gmem1_WID&apos; to 0." resolution=""/>
	<Message severity="WARNING" prefix="[RTGEN 206-101]" key="RTGEN_101_739" tag="" content="Setting dangling out port &apos;dataflow_in_loop_Row_Loop/m_axi_gmem1_WUSER&apos; to 0." resolution=""/>
	<Message severity="WARNING" prefix="[RTGEN 206-101]" key="RTGEN_101_739" tag="" content="Setting dangling out port &apos;dataflow_in_loop_Row_Loop/m_axi_gmem1_BREADY&apos; to 0." resolution=""/>
	<Message severity="WARNING" prefix="[RTGEN 206-101]" key="RTGEN_101_739" tag="" content="Setting dangling out port &apos;dataflow_in_loop_Row_Loop/m_axi_gmem2_ARVALID&apos; to 0." resolution=""/>
	<Message severity="WARNING" prefix="[RTGEN 206-101]" key="RTGEN_101_739" tag="" content="Setting dangling out port &apos;dataflow_in_loop_Row_Loop/m_axi_gmem2_ARADDR&apos; to 0." resolution=""/>
	<Message severity="WARNING" prefix="[RTGEN 206-101]" key="RTGEN_101_739" tag="" content="Setting dangling out port &apos;dataflow_in_loop_Row_Loop/m_axi_gmem2_ARID&apos; to 0." resolution=""/>
	<Message severity="WARNING" prefix="[RTGEN 206-101]" key="RTGEN_101_739" tag="" content="Setting dangling out port &apos;dataflow_in_loop_Row_Loop/m_axi_gmem2_ARLEN&apos; to 0." resolution=""/>
	<Message severity="WARNING" prefix="[RTGEN 206-101]" key="RTGEN_101_739" tag="" content="Setting dangling out port &apos;dataflow_in_loop_Row_Loop/m_axi_gmem2_ARSIZE&apos; to 0." resolution=""/>
	<Message severity="WARNING" prefix="[RTGEN 206-101]" key="RTGEN_101_739" tag="" content="Setting dangling out port &apos;dataflow_in_loop_Row_Loop/m_axi_gmem2_ARBURST&apos; to 0." resolution=""/>
	<Message severity="WARNING" prefix="[RTGEN 206-101]" key="RTGEN_101_739" tag="" content="Setting dangling out port &apos;dataflow_in_loop_Row_Loop/m_axi_gmem2_ARLOCK&apos; to 0." resolution=""/>
	<Message severity="WARNING" prefix="[RTGEN 206-101]" key="RTGEN_101_739" tag="" content="Setting dangling out port &apos;dataflow_in_loop_Row_Loop/m_axi_gmem2_ARCACHE&apos; to 0." resolution=""/>
	<Message severity="WARNING" prefix="[RTGEN 206-101]" key="RTGEN_101_739" tag="" content="Setting dangling out port &apos;dataflow_in_loop_Row_Loop/m_axi_gmem2_ARPROT&apos; to 0." resolution=""/>
	<Message severity="WARNING" prefix="[RTGEN 206-101]" key="RTGEN_101_739" tag="" content="Setting dangling out port &apos;dataflow_in_loop_Row_Loop/m_axi_gmem2_ARQOS&apos; to 0." resolution=""/>
	<Message severity="WARNING" prefix="[RTGEN 206-101]" key="RTGEN_101_739" tag="" content="Setting dangling out port &apos;dataflow_in_loop_Row_Loop/m_axi_gmem2_ARREGION&apos; to 0." resolution=""/>
	<Message severity="WARNING" prefix="[RTGEN 206-101]" key="RTGEN_101_739" tag="" content="Setting dangling out port &apos;dataflow_in_loop_Row_Loop/m_axi_gmem2_ARUSER&apos; to 0." resolution=""/>
	<Message severity="WARNING" prefix="[RTGEN 206-101]" key="RTGEN_101_739" tag="" content="Setting dangling out port &apos;dataflow_in_loop_Row_Loop/m_axi_gmem2_RREADY&apos; to 0." resolution=""/>
	<Message severity="INFO" prefix="[RTGEN 206-100]" key="RTGEN_100_856" tag="" content="Finished creating RTL model for &apos;dataflow_in_loop_Row_Loop&apos;." resolution=""/>
	<Message severity="INFO" prefix="[HLS 200-741]" key="HLS 200-741" tag="" content="Implementing PIPO image_diff_posterize_dataflow_in_loop_Row_Loop_image_diff_posterize_rowA_0_RAM_AUTO_1R1W using a single memory for all blocks" resolution=""/>
	<Message severity="INFO" prefix="[RTMG 210-278]" key="RTMG_278_1790" tag="" content="Implementing memory &apos;image_diff_posterize_dataflow_in_loop_Row_Loop_image_diff_posterize_rowA_0_RAM_AUTO_1R1W_memcore&apos; using auto RAMs." resolution=""/>
	<Message severity="INFO" prefix="[RTMG 210-285]" key="RTMG_285_1799" tag="" content="Implementing FIFO &apos;C_c_U(image_diff_posterize_fifo_w64_d4_S)&apos; using Shift Registers." resolution=""/>
	<Message severity="INFO" prefix="[RTMG 210-285]" key="RTMG_285_1799" tag="" content="Implementing FIFO &apos;tmp_U(image_diff_posterize_fifo_w8_d3_S)&apos; using Shift Registers." resolution=""/>
	<Message severity="INFO" prefix="[HLS 200-111]" key="HLS_111_966" tag="RUNTIME" content="Finished Creating RTL model: CPU user time: 1 seconds. CPU system time: 0 seconds. Elapsed time: 2.358 seconds; current allocated memory: 209.977 MB." resolution=""/>
	<Message severity="INFO" prefix="[HLS 200-10]" key="HLS_10_1483" tag="" content="----------------------------------------------------------------" resolution=""/>
	<Message severity="INFO" prefix="[HLS 200-10]" key="HLS_10_1484" tag="" content="-- Generating RTL for module &apos;image_diff_posterize&apos;" resolution=""/>
	<Message severity="INFO" prefix="[HLS 200-10]" key="HLS_10_1485" tag="" content="----------------------------------------------------------------" resolution=""/>
	<Message severity="WARNING" prefix="[RTGEN 206-101]" key="RTGEN_101_918" tag="" content="Design contains AXI ports. Reset is fixed to synchronous and active low." resolution=""/>
	<Message severity="INFO" prefix="[RTGEN 206-500]" key="PREPROC_IO_COMP_CONFLICT_1950" tag="" content="Setting interface mode on port &apos;image_diff_posterize/gmem0&apos; to &apos;m_axi&apos;." resolution=""/>
	<Message severity="INFO" prefix="[RTGEN 206-500]" key="PREPROC_IO_COMP_CONFLICT_1950" tag="" content="Setting interface mode on port &apos;image_diff_posterize/gmem1&apos; to &apos;m_axi&apos;." resolution=""/>
	<Message severity="INFO" prefix="[RTGEN 206-500]" key="PREPROC_IO_COMP_CONFLICT_1950" tag="" content="Setting interface mode on port &apos;image_diff_posterize/gmem2&apos; to &apos;m_axi&apos;." resolution=""/>
	<Message severity="INFO" prefix="[RTGEN 206-500]" key="PREPROC_IO_COMP_CONFLICT_1950" tag="" content="Setting interface mode on port &apos;image_diff_posterize/A&apos; to &apos;s_axilite &amp; ap_none&apos;." resolution=""/>
	<Message severity="INFO" prefix="[RTGEN 206-500]" key="PREPROC_IO_COMP_CONFLICT_1950" tag="" content="Setting interface mode on port &apos;image_diff_posterize/B&apos; to &apos;s_axilite &amp; ap_none&apos;." resolution=""/>
	<Message severity="INFO" prefix="[RTGEN 206-500]" key="PREPROC_IO_COMP_CONFLICT_1950" tag="" content="Setting interface mode on port &apos;image_diff_posterize/C&apos; to &apos;s_axilite &amp; ap_none&apos;." resolution=""/>
	<Message severity="INFO" prefix="[RTGEN 206-500]" key="PREPROC_IO_COMP_CONFLICT_1950" tag="" content="Setting interface mode on function &apos;image_diff_posterize&apos; to &apos;s_axilite &amp; ap_ctrl_hs&apos;." resolution=""/>
	<Message severity="INFO" prefix="[RTGEN 206-100]" key="RTGEN_100_851" tag="" content="Bundling port &apos;A&apos;, &apos;B&apos;, &apos;C&apos; and &apos;return&apos; to AXI-Lite port control." resolution=""/>
	<Message severity="INFO" prefix="[RTGEN 206-100]" key="RTGEN_100_856" tag="" content="Finished creating RTL model for &apos;image_diff_posterize&apos;." resolution=""/>
	<Message severity="INFO" prefix="[HLS 200-111]" key="HLS_111_966" tag="RUNTIME" content="Finished Creating RTL model: CPU user time: 2 seconds. CPU system time: 1 seconds. Elapsed time: 2.745 seconds; current allocated memory: 212.742 MB." resolution=""/>
	<Message severity="INFO" prefix="[HLS 200-111]" key="HLS_111_966" tag="RUNTIME" content="Finished Generating all RTL models: CPU user time: 2 seconds. CPU system time: 0 seconds. Elapsed time: 2.15 seconds; current allocated memory: 217.609 MB." resolution=""/>
	<Message severity="INFO" prefix="[HLS 200-1603]" key="HLS 200-1603" tag="VITIS_INTERFACE" content="Design has inferred MAXI bursts and missed bursts, see Vitis HLS GUI synthesis summary report for detailed information." resolution=""/>
	<Message severity="INFO" prefix="[HLS 200-111]" key="HLS_111_966" tag="RUNTIME" content="Finished Updating report files: CPU user time: 1 seconds. CPU system time: 0 seconds. Elapsed time: 1.713 seconds; current allocated memory: 227.168 MB." resolution=""/>
	<Message severity="INFO" prefix="[VHDL 208-304]" key="VHDL_304_1066" tag="" content="Generating VHDL RTL for image_diff_posterize." resolution=""/>
	<Message severity="INFO" prefix="[VLOG 209-307]" key="VLOG_307_1067" tag="" content="Generating Verilog RTL for image_diff_posterize." resolution=""/>
	<Message severity="INFO" prefix="[HLS 200-790]" key="HLS 200-790" tag="LOOP,VITIS_KERNEL" content="**** Loop Constraint Status: All loop constraints were satisfied." resolution=""/>
	<Message severity="INFO" prefix="[HLS 200-789]" key="HLS 200-789" tag="THROUGHPUT,VITIS_KERNEL" content="**** Estimated Fmax: 136.99 MHz" resolution=""/>
	<Message severity="INFO" prefix="[HLS 200-111]" key="HLS_111_966" tag="RUNTIME" content="Finished Command csynth_design CPU user time: 12 seconds. CPU system time: 2 seconds. Elapsed time: 27.125 seconds; current allocated memory: 134.418 MB." resolution=""/>
</Messages>
