<VitisHLS:BurstInfo>
    <burst group="BURST_VERBOSE_PASSED" fe_name="BurstInferredPassed" src_info="image_diff_posterize.c:47:13" msg_id="214-116" msg_severity="INFO" msg_body="Sequential read of length 256 has been inferred" OldID="for.inc.load.2," ID="scevgepseq" BundleName="gmem0" VarName="A" LoopLoc="image_diff_posterize.c:47:13" LoopName="Read_Loop" ParentFunc="image_diff_posterize" Length="256" Direction="read"/>
    <burst group="BURST_VERBOSE_PASSED" fe_name="BurstInferredPassed" src_info="image_diff_posterize.c:47:13" msg_id="214-116" msg_severity="INFO" msg_body="Sequential read of length 256 has been inferred" OldID="for.inc.load.16," ID="scevgep150seq" BundleName="gmem1" VarName="B" LoopLoc="image_diff_posterize.c:47:13" LoopName="Read_Loop" ParentFunc="image_diff_posterize" Length="256" Direction="read"/>
    <burst group="BURST_VERBOSE_PASSED" fe_name="BurstInferredPassed" src_info="image_diff_posterize.c:92:25" msg_id="214-116" msg_severity="INFO" msg_body="Sequential write of length 256 has been inferred" OldID="for.inc60.store.22," ID="scevgep151seq" BundleName="gmem2" VarName="C" LoopLoc="image_diff_posterize.c:92:25" LoopName="Write_Loop" ParentFunc="image_diff_posterize" Length="256" Direction="write"/>
    <burst group="BURST_VERBOSE_MISSED" fe_name="MayExposeInDataFlowRegionMissed" src_info="image_diff_posterize.c:47:18" msg_id="214-117" msg_severity="INFO" msg_body="Skip burst inference for loop 'Row_Loop' since access may be exposed into dataflow region" ID="scevgepseq" BundleName="gmem0" VarName="A" LoopName="Row_Loop" ParentFunc="image_diff_posterize"/>
    <burst group="BURST_VERBOSE_MISSED" fe_name="MayExposeInDataFlowRegionMissed" src_info="image_diff_posterize.c:47:18" msg_id="214-117" msg_severity="INFO" msg_body="Skip burst inference for loop 'Row_Loop' since access may be exposed into dataflow region" ID="scevgep150seq" BundleName="gmem1" VarName="B" LoopName="Row_Loop" ParentFunc="image_diff_posterize"/>
    <burst group="BURST_VERBOSE_MISSED" fe_name="MayExposeInDataFlowRegionMissed" src_info="image_diff_posterize.c:92:30" msg_id="214-117" msg_severity="INFO" msg_body="Skip burst inference for loop 'Row_Loop' since access may be exposed into dataflow region" ID="scevgep151seq" BundleName="gmem2" VarName="C" LoopName="Row_Loop" ParentFunc="image_diff_posterize"/>
    <burst group="BURST_SUMMARY" fe_name="BurstInferredSummaryPassed" src_info="image_diff_posterize.c:47:13" msg_id="214-115" msg_severity="INFO" msg_body="Multiple burst reads of length 256 and bit width 8 in loop 'Read_Loop'(image_diff_posterize.c:47:13) has been inferred on bundle 'gmem0'. These burst requests might be further partitioned into multiple requests during RTL generation, based on max_read_burst_length or max_write_burst_length settings." BundleName="gmem0" LoopLoc="image_diff_posterize.c:47:13" LoopName="Read_Loop" Length="256" Width="8" Direction="read"/>
    <burst group="BURST_SUMMARY" fe_name="BurstInferredSummaryPassed" src_info="image_diff_posterize.c:47:13" msg_id="214-115" msg_severity="INFO" msg_body="Multiple burst reads of length 256 and bit width 8 in loop 'Read_Loop'(image_diff_posterize.c:47:13) has been inferred on bundle 'gmem1'. These burst requests might be further partitioned into multiple requests during RTL generation, based on max_read_burst_length or max_write_burst_length settings." BundleName="gmem1" LoopLoc="image_diff_posterize.c:47:13" LoopName="Read_Loop" Length="256" Width="8" Direction="read"/>
    <burst group="BURST_SUMMARY" fe_name="BurstInferredSummaryPassed" src_info="image_diff_posterize.c:92:25" msg_id="214-115" msg_severity="INFO" msg_body="Multiple burst writes of length 256 and bit width 8 in loop 'Write_Loop'(image_diff_posterize.c:92:25) has been inferred on bundle 'gmem2'. These burst requests might be further partitioned into multiple requests during RTL generation, based on max_read_burst_length or max_write_burst_length settings." BundleName="gmem2" LoopLoc="image_diff_posterize.c:92:25" LoopName="Write_Loop" Length="256" Width="8" Direction="write"/>
</VitisHLS:BurstInfo>

