<profile>

<section name = "Vitis HLS Report for 'Col_Loop_proc'" level="0">
<item name = "Date">Fri Nov 28 18:38:42 2025
</item>
<item name = "Version">2022.2 (Build 3670227 on Oct 13 2022)</item>
<item name = "Project">Lab1</item>
<item name = "Solution">solution1 (Vivado IP Flow Target)</item>
<item name = "Product family">virtexuplus</item>
<item name = "Target device">xcu200-fsgd2104-2-e</item>
</section>

<section name = "Performance Estimates" level="0">
<item name = "Timing">
<section name = "" level="1">
<item name = "Summary"><table name="" hasTotal="0">
<keys size="4">Clock, Target, Estimated, Uncertainty</keys>
<column name="ap_clk">10.00 ns, 3.931 ns, 2.70 ns</column>
</table>
</item>
</section>
</item>
<item name = "Latency">
<section name = "" level="1">
<item name = "Summary"><table name="" hasTotal="0">
<keys size="8">, min, max, min, max, min, max, Type</keys>
<column name="">34, 34, 0.340 us, 0.340 us, 34, 34, no</column>
</table>
</item>
<item name = "Detail">
<section name = "" level="1">
<item name = "Instance"><table name="" hasTotal="0">
<keys size="9">Instance, Module, min, max, min, max, min, max, Type</keys>
</table>
</item>
<item name = "Loop"><table name="" hasTotal="0">
<keys size="8">Loop Name, min, max, Latency, achieved, target, Count, Pipelined</keys>
<column name="- Col_Loop">32, 32, 2, 1, 1, 32, yes</column>
</table>
</item>
</section>
</item>
</section>
</item>
</section>

<section name = "Utilization Estimates" level="0">
<item name = "Summary"><table name="" hasTotal="1">
<keys size="6">Name, BRAM_18K, DSP, FF, LUT, URAM</keys>
<column name="DSP">-, -, -, -, -</column>
<column name="Expression">-, -, 0, 622, -</column>
<column name="FIFO">-, -, -, -, -</column>
<column name="Instance">-, -, -, -, -</column>
<column name="Memory">-, -, -, -, -</column>
<column name="Multiplexer">-, -, -, 36, -</column>
<column name="Register">-, -, 17, -, -</column>
<specialColumn name="Available SLR">1440, 2280, 788160, 394080, 320</specialColumn>
<specialColumn name="Utilization SLR (%)">0, 0, ~0, ~0, 0</specialColumn>
<specialColumn name="Available">4320, 6840, 2364480, 1182240, 960</specialColumn>
<specialColumn name="Utilization (%)">0, 0, ~0, ~0, 0</specialColumn>
</table>
</item>
<item name = "Detail">
<section name = "" level="1">
<item name = "Instance"><table name="" hasTotal="1">
<keys size="7">Instance, Module, BRAM_18K, DSP, FF, LUT, URAM</keys>
</table>
</item>
<item name = "DSP"><table name="" hasTotal="0">
<keys size="3">Instance, Module, Expression</keys>
</table>
</item>
<item name = "Memory"><table name="" hasTotal="1">
<keys size="10">Memory, Module, BRAM_18K, FF, LUT, URAM, Words, Bits, Banks, W*Bits*Banks</keys>
</table>
</item>
<item name = "FIFO"><table name="" hasTotal="1">
<keys size="8">Name, BRAM_18K, FF, LUT, URAM, Depth, Bits, Size:D*B</keys>
</table>
</item>
<item name = "Expression"><table name="" hasTotal="1">
<keys size="7">Variable Name, Operation, DSP, FF, LUT, Bitwidth P0, Bitwidth P1</keys>
<column name="add_ln76_fu_456_p2">+, 0, 0, 16, 9, 4</column>
<column name="diff_temp_1_fu_554_p2">-, 0, 0, 16, 9, 9</column>
<column name="diff_temp_2_fu_633_p2">-, 0, 0, 16, 9, 9</column>
<column name="diff_temp_3_fu_712_p2">-, 0, 0, 16, 9, 9</column>
<column name="diff_temp_4_fu_791_p2">-, 0, 0, 16, 9, 9</column>
<column name="diff_temp_5_fu_870_p2">-, 0, 0, 16, 9, 9</column>
<column name="diff_temp_6_fu_949_p2">-, 0, 0, 16, 9, 9</column>
<column name="diff_temp_7_fu_1028_p2">-, 0, 0, 16, 9, 9</column>
<column name="diff_temp_fu_475_p2">-, 0, 0, 16, 9, 9</column>
<column name="sub_ln84_1_fu_572_p2">-, 0, 0, 15, 1, 8</column>
<column name="sub_ln84_2_fu_651_p2">-, 0, 0, 15, 1, 8</column>
<column name="sub_ln84_3_fu_730_p2">-, 0, 0, 15, 1, 8</column>
<column name="sub_ln84_4_fu_809_p2">-, 0, 0, 15, 1, 8</column>
<column name="sub_ln84_5_fu_888_p2">-, 0, 0, 15, 1, 8</column>
<column name="sub_ln84_6_fu_967_p2">-, 0, 0, 15, 1, 8</column>
<column name="sub_ln84_7_fu_1046_p2">-, 0, 0, 15, 1, 8</column>
<column name="sub_ln84_fu_493_p2">-, 0, 0, 15, 1, 8</column>
<column name="ap_condition_268">and, 0, 0, 2, 1, 1</column>
<column name="icmp_ln86_1_fu_596_p2">icmp, 0, 0, 8, 3, 1</column>
<column name="icmp_ln86_2_fu_675_p2">icmp, 0, 0, 8, 3, 1</column>
<column name="icmp_ln86_3_fu_754_p2">icmp, 0, 0, 8, 3, 1</column>
<column name="icmp_ln86_4_fu_833_p2">icmp, 0, 0, 8, 3, 1</column>
<column name="icmp_ln86_5_fu_912_p2">icmp, 0, 0, 8, 3, 1</column>
<column name="icmp_ln86_6_fu_991_p2">icmp, 0, 0, 8, 3, 1</column>
<column name="icmp_ln86_7_fu_1070_p2">icmp, 0, 0, 8, 3, 1</column>
<column name="icmp_ln86_fu_517_p2">icmp, 0, 0, 8, 3, 1</column>
<column name="icmp_ln87_1_fu_602_p2">icmp, 0, 0, 11, 8, 7</column>
<column name="icmp_ln87_2_fu_681_p2">icmp, 0, 0, 11, 8, 7</column>
<column name="icmp_ln87_3_fu_760_p2">icmp, 0, 0, 11, 8, 7</column>
<column name="icmp_ln87_4_fu_839_p2">icmp, 0, 0, 11, 8, 7</column>
<column name="icmp_ln87_5_fu_918_p2">icmp, 0, 0, 11, 8, 7</column>
<column name="icmp_ln87_6_fu_997_p2">icmp, 0, 0, 11, 8, 7</column>
<column name="icmp_ln87_7_fu_1076_p2">icmp, 0, 0, 11, 8, 7</column>
<column name="icmp_ln87_fu_523_p2">icmp, 0, 0, 11, 8, 7</column>
<column name="ap_block_pp0_stage0_11001">or, 0, 0, 2, 1, 1</column>
<column name="diff_1_fu_578_p3">select, 0, 0, 8, 1, 8</column>
<column name="diff_2_fu_657_p3">select, 0, 0, 8, 1, 8</column>
<column name="diff_3_fu_736_p3">select, 0, 0, 8, 1, 8</column>
<column name="diff_4_fu_815_p3">select, 0, 0, 8, 1, 8</column>
<column name="diff_5_fu_894_p3">select, 0, 0, 8, 1, 8</column>
<column name="diff_6_fu_973_p3">select, 0, 0, 8, 1, 8</column>
<column name="diff_7_fu_1052_p3">select, 0, 0, 8, 1, 8</column>
<column name="diff_fu_499_p3">select, 0, 0, 8, 1, 8</column>
<column name="image_diff_posterize_rowC_0_d0">select, 0, 0, 8, 1, 8</column>
<column name="image_diff_posterize_rowC_1_d0">select, 0, 0, 8, 1, 8</column>
<column name="image_diff_posterize_rowC_2_d0">select, 0, 0, 8, 1, 8</column>
<column name="image_diff_posterize_rowC_3_d0">select, 0, 0, 8, 1, 8</column>
<column name="image_diff_posterize_rowC_4_d0">select, 0, 0, 8, 1, 8</column>
<column name="image_diff_posterize_rowC_5_d0">select, 0, 0, 8, 1, 8</column>
<column name="image_diff_posterize_rowC_6_d0">select, 0, 0, 8, 1, 8</column>
<column name="image_diff_posterize_rowC_7_d0">select, 0, 0, 8, 1, 8</column>
<column name="select_ln86_10_fu_924_p3">select, 0, 0, 9, 1, 1</column>
<column name="select_ln86_12_fu_1003_p3">select, 0, 0, 9, 1, 1</column>
<column name="select_ln86_14_fu_1082_p3">select, 0, 0, 9, 1, 1</column>
<column name="select_ln86_2_fu_608_p3">select, 0, 0, 9, 1, 1</column>
<column name="select_ln86_4_fu_687_p3">select, 0, 0, 9, 1, 1</column>
<column name="select_ln86_6_fu_766_p3">select, 0, 0, 9, 1, 1</column>
<column name="select_ln86_8_fu_845_p3">select, 0, 0, 9, 1, 1</column>
<column name="select_ln86_fu_529_p3">select, 0, 0, 9, 1, 1</column>
<column name="ap_enable_pp0">xor, 0, 0, 2, 1, 2</column>
</table>
</item>
<item name = "Multiplexer"><table name="" hasTotal="1">
<keys size="5">Name, LUT, Input Size, Bits, Total Bits</keys>
<column name="ap_done_int">9, 2, 1, 2</column>
<column name="ap_enable_reg_pp0_iter1">9, 2, 1, 2</column>
<column name="ap_sig_allocacmp_j_3">9, 2, 9, 18</column>
<column name="j_fu_94">9, 2, 9, 18</column>
</table>
</item>
<item name = "Register"><table name="" hasTotal="1">
<keys size="5">Name, FF, LUT, Bits, Const Bits</keys>
<column name="ap_CS_fsm">1, 0, 1, 0</column>
<column name="ap_done_reg">1, 0, 1, 0</column>
<column name="ap_enable_reg_pp0_iter1">1, 0, 1, 0</column>
<column name="j_fu_94">9, 0, 9, 0</column>
<column name="zext_ln81_reg_1109">5, 0, 64, 59</column>
</table>
</item>
</section>
</item>
</section>

<section name = "Interface" level="0">
<item name = "Summary"><table name="" hasTotal="0">
<keys size="6">RTL Ports, Dir, Bits, Protocol, Source Object, C Type</keys>
<column name="ap_clk">in, 1, ap_ctrl_hs, Col_Loop_proc, return value</column>
<column name="ap_rst">in, 1, ap_ctrl_hs, Col_Loop_proc, return value</column>
<column name="ap_start">in, 1, ap_ctrl_hs, Col_Loop_proc, return value</column>
<column name="ap_done">out, 1, ap_ctrl_hs, Col_Loop_proc, return value</column>
<column name="ap_continue">in, 1, ap_ctrl_hs, Col_Loop_proc, return value</column>
<column name="ap_idle">out, 1, ap_ctrl_hs, Col_Loop_proc, return value</column>
<column name="ap_ready">out, 1, ap_ctrl_hs, Col_Loop_proc, return value</column>
<column name="image_diff_posterize_rowA_0_address0">out, 5, ap_memory, image_diff_posterize_rowA_0, array</column>
<column name="image_diff_posterize_rowA_0_ce0">out, 1, ap_memory, image_diff_posterize_rowA_0, array</column>
<column name="image_diff_posterize_rowA_0_q0">in, 8, ap_memory, image_diff_posterize_rowA_0, array</column>
<column name="image_diff_posterize_rowA_1_address0">out, 5, ap_memory, image_diff_posterize_rowA_1, array</column>
<column name="image_diff_posterize_rowA_1_ce0">out, 1, ap_memory, image_diff_posterize_rowA_1, array</column>
<column name="image_diff_posterize_rowA_1_q0">in, 8, ap_memory, image_diff_posterize_rowA_1, array</column>
<column name="image_diff_posterize_rowA_2_address0">out, 5, ap_memory, image_diff_posterize_rowA_2, array</column>
<column name="image_diff_posterize_rowA_2_ce0">out, 1, ap_memory, image_diff_posterize_rowA_2, array</column>
<column name="image_diff_posterize_rowA_2_q0">in, 8, ap_memory, image_diff_posterize_rowA_2, array</column>
<column name="image_diff_posterize_rowA_3_address0">out, 5, ap_memory, image_diff_posterize_rowA_3, array</column>
<column name="image_diff_posterize_rowA_3_ce0">out, 1, ap_memory, image_diff_posterize_rowA_3, array</column>
<column name="image_diff_posterize_rowA_3_q0">in, 8, ap_memory, image_diff_posterize_rowA_3, array</column>
<column name="image_diff_posterize_rowA_4_address0">out, 5, ap_memory, image_diff_posterize_rowA_4, array</column>
<column name="image_diff_posterize_rowA_4_ce0">out, 1, ap_memory, image_diff_posterize_rowA_4, array</column>
<column name="image_diff_posterize_rowA_4_q0">in, 8, ap_memory, image_diff_posterize_rowA_4, array</column>
<column name="image_diff_posterize_rowA_5_address0">out, 5, ap_memory, image_diff_posterize_rowA_5, array</column>
<column name="image_diff_posterize_rowA_5_ce0">out, 1, ap_memory, image_diff_posterize_rowA_5, array</column>
<column name="image_diff_posterize_rowA_5_q0">in, 8, ap_memory, image_diff_posterize_rowA_5, array</column>
<column name="image_diff_posterize_rowA_6_address0">out, 5, ap_memory, image_diff_posterize_rowA_6, array</column>
<column name="image_diff_posterize_rowA_6_ce0">out, 1, ap_memory, image_diff_posterize_rowA_6, array</column>
<column name="image_diff_posterize_rowA_6_q0">in, 8, ap_memory, image_diff_posterize_rowA_6, array</column>
<column name="image_diff_posterize_rowA_7_address0">out, 5, ap_memory, image_diff_posterize_rowA_7, array</column>
<column name="image_diff_posterize_rowA_7_ce0">out, 1, ap_memory, image_diff_posterize_rowA_7, array</column>
<column name="image_diff_posterize_rowA_7_q0">in, 8, ap_memory, image_diff_posterize_rowA_7, array</column>
<column name="image_diff_posterize_rowB_0_address0">out, 5, ap_memory, image_diff_posterize_rowB_0, array</column>
<column name="image_diff_posterize_rowB_0_ce0">out, 1, ap_memory, image_diff_posterize_rowB_0, array</column>
<column name="image_diff_posterize_rowB_0_q0">in, 8, ap_memory, image_diff_posterize_rowB_0, array</column>
<column name="image_diff_posterize_rowB_1_address0">out, 5, ap_memory, image_diff_posterize_rowB_1, array</column>
<column name="image_diff_posterize_rowB_1_ce0">out, 1, ap_memory, image_diff_posterize_rowB_1, array</column>
<column name="image_diff_posterize_rowB_1_q0">in, 8, ap_memory, image_diff_posterize_rowB_1, array</column>
<column name="image_diff_posterize_rowB_2_address0">out, 5, ap_memory, image_diff_posterize_rowB_2, array</column>
<column name="image_diff_posterize_rowB_2_ce0">out, 1, ap_memory, image_diff_posterize_rowB_2, array</column>
<column name="image_diff_posterize_rowB_2_q0">in, 8, ap_memory, image_diff_posterize_rowB_2, array</column>
<column name="image_diff_posterize_rowB_3_address0">out, 5, ap_memory, image_diff_posterize_rowB_3, array</column>
<column name="image_diff_posterize_rowB_3_ce0">out, 1, ap_memory, image_diff_posterize_rowB_3, array</column>
<column name="image_diff_posterize_rowB_3_q0">in, 8, ap_memory, image_diff_posterize_rowB_3, array</column>
<column name="image_diff_posterize_rowB_4_address0">out, 5, ap_memory, image_diff_posterize_rowB_4, array</column>
<column name="image_diff_posterize_rowB_4_ce0">out, 1, ap_memory, image_diff_posterize_rowB_4, array</column>
<column name="image_diff_posterize_rowB_4_q0">in, 8, ap_memory, image_diff_posterize_rowB_4, array</column>
<column name="image_diff_posterize_rowB_5_address0">out, 5, ap_memory, image_diff_posterize_rowB_5, array</column>
<column name="image_diff_posterize_rowB_5_ce0">out, 1, ap_memory, image_diff_posterize_rowB_5, array</column>
<column name="image_diff_posterize_rowB_5_q0">in, 8, ap_memory, image_diff_posterize_rowB_5, array</column>
<column name="image_diff_posterize_rowB_6_address0">out, 5, ap_memory, image_diff_posterize_rowB_6, array</column>
<column name="image_diff_posterize_rowB_6_ce0">out, 1, ap_memory, image_diff_posterize_rowB_6, array</column>
<column name="image_diff_posterize_rowB_6_q0">in, 8, ap_memory, image_diff_posterize_rowB_6, array</column>
<column name="image_diff_posterize_rowB_7_address0">out, 5, ap_memory, image_diff_posterize_rowB_7, array</column>
<column name="image_diff_posterize_rowB_7_ce0">out, 1, ap_memory, image_diff_posterize_rowB_7, array</column>
<column name="image_diff_posterize_rowB_7_q0">in, 8, ap_memory, image_diff_posterize_rowB_7, array</column>
<column name="image_diff_posterize_rowC_0_address0">out, 5, ap_memory, image_diff_posterize_rowC_0, array</column>
<column name="image_diff_posterize_rowC_0_ce0">out, 1, ap_memory, image_diff_posterize_rowC_0, array</column>
<column name="image_diff_posterize_rowC_0_we0">out, 1, ap_memory, image_diff_posterize_rowC_0, array</column>
<column name="image_diff_posterize_rowC_0_d0">out, 8, ap_memory, image_diff_posterize_rowC_0, array</column>
<column name="image_diff_posterize_rowC_1_address0">out, 5, ap_memory, image_diff_posterize_rowC_1, array</column>
<column name="image_diff_posterize_rowC_1_ce0">out, 1, ap_memory, image_diff_posterize_rowC_1, array</column>
<column name="image_diff_posterize_rowC_1_we0">out, 1, ap_memory, image_diff_posterize_rowC_1, array</column>
<column name="image_diff_posterize_rowC_1_d0">out, 8, ap_memory, image_diff_posterize_rowC_1, array</column>
<column name="image_diff_posterize_rowC_2_address0">out, 5, ap_memory, image_diff_posterize_rowC_2, array</column>
<column name="image_diff_posterize_rowC_2_ce0">out, 1, ap_memory, image_diff_posterize_rowC_2, array</column>
<column name="image_diff_posterize_rowC_2_we0">out, 1, ap_memory, image_diff_posterize_rowC_2, array</column>
<column name="image_diff_posterize_rowC_2_d0">out, 8, ap_memory, image_diff_posterize_rowC_2, array</column>
<column name="image_diff_posterize_rowC_3_address0">out, 5, ap_memory, image_diff_posterize_rowC_3, array</column>
<column name="image_diff_posterize_rowC_3_ce0">out, 1, ap_memory, image_diff_posterize_rowC_3, array</column>
<column name="image_diff_posterize_rowC_3_we0">out, 1, ap_memory, image_diff_posterize_rowC_3, array</column>
<column name="image_diff_posterize_rowC_3_d0">out, 8, ap_memory, image_diff_posterize_rowC_3, array</column>
<column name="image_diff_posterize_rowC_4_address0">out, 5, ap_memory, image_diff_posterize_rowC_4, array</column>
<column name="image_diff_posterize_rowC_4_ce0">out, 1, ap_memory, image_diff_posterize_rowC_4, array</column>
<column name="image_diff_posterize_rowC_4_we0">out, 1, ap_memory, image_diff_posterize_rowC_4, array</column>
<column name="image_diff_posterize_rowC_4_d0">out, 8, ap_memory, image_diff_posterize_rowC_4, array</column>
<column name="image_diff_posterize_rowC_5_address0">out, 5, ap_memory, image_diff_posterize_rowC_5, array</column>
<column name="image_diff_posterize_rowC_5_ce0">out, 1, ap_memory, image_diff_posterize_rowC_5, array</column>
<column name="image_diff_posterize_rowC_5_we0">out, 1, ap_memory, image_diff_posterize_rowC_5, array</column>
<column name="image_diff_posterize_rowC_5_d0">out, 8, ap_memory, image_diff_posterize_rowC_5, array</column>
<column name="image_diff_posterize_rowC_6_address0">out, 5, ap_memory, image_diff_posterize_rowC_6, array</column>
<column name="image_diff_posterize_rowC_6_ce0">out, 1, ap_memory, image_diff_posterize_rowC_6, array</column>
<column name="image_diff_posterize_rowC_6_we0">out, 1, ap_memory, image_diff_posterize_rowC_6, array</column>
<column name="image_diff_posterize_rowC_6_d0">out, 8, ap_memory, image_diff_posterize_rowC_6, array</column>
<column name="image_diff_posterize_rowC_7_address0">out, 5, ap_memory, image_diff_posterize_rowC_7, array</column>
<column name="image_diff_posterize_rowC_7_ce0">out, 1, ap_memory, image_diff_posterize_rowC_7, array</column>
<column name="image_diff_posterize_rowC_7_we0">out, 1, ap_memory, image_diff_posterize_rowC_7, array</column>
<column name="image_diff_posterize_rowC_7_d0">out, 8, ap_memory, image_diff_posterize_rowC_7, array</column>
</table>
</item>
</section>
</profile>
