<profile>

<section name = "Vitis HLS Report for 'dataflow_in_loop_Row_Loop'" level="0">
<item name = "Date">Fri Nov 28 18:38:39 2025
</item>
<item name = "Version">2022.2 (Build 3670227 on Oct 13 2022)</item>
<item name = "Project">Lab1</item>
<item name = "Solution">solution1 (Vivado IP Flow Target)</item>
<item name = "Product family">virtexuplus</item>
<item name = "Target device">xcu200-fsgd2104-2-e</item>
</section>

<section name = "Performance Estimates" level="0">
<item name = "Timing">
<section name = "" level="1">
<item name = "Summary"><table name="" hasTotal="0">
<keys size="4">Clock, Target, Estimated, Uncertainty</keys>
<column name="ap_clk">10.00 ns, 7.300 ns, 2.70 ns</column>
</table>
</item>
</section>
</item>
<item name = "Latency">
<section name = "" level="1">
<item name = "Summary"><table name="" hasTotal="0">
<keys size="8">, min, max, min, max, min, max, Type</keys>
<column name="">571, 571, 5.710 us, 5.710 us, 269, 269, dataflow</column>
</table>
</item>
<item name = "Detail">
<section name = "" level="1">
<item name = "Instance"><table name="" hasTotal="0">
<keys size="9">Instance, Module, min, max, min, max, min, max, Type</keys>
<column name="call_ln0_entry_proc_fu_140">entry_proc, 0, 0, 0 ns, 0 ns, 0, 0, no</column>
<column name="grp_Read_Loop_proc_fu_147">Read_Loop_proc, 268, 268, 2.680 us, 2.680 us, 268, 268, no</column>
<column name="grp_Col_Loop_proc_fu_192">Col_Loop_proc, 34, 34, 0.340 us, 0.340 us, 34, 34, no</column>
<column name="grp_Write_Loop_proc_fu_244">Write_Loop_proc, 267, 267, 2.670 us, 2.670 us, 267, 267, no</column>
</table>
</item>
<item name = "Loop"><table name="" hasTotal="0">
<keys size="8">Loop Name, min, max, Latency, achieved, target, Count, Pipelined</keys>
</table>
</item>
</section>
</item>
</section>
</item>
</section>
</profile>
