<stg><name>dataflow_in_loop_Row_Loop</name>


<trans_list>

<trans id="27" from="1" to="2">
<condition id="-1">
<or_exp><and_exp></and_exp></or_exp>
</condition>
</trans>

<trans id="28" from="2" to="3">
<condition id="-1">
<or_exp><and_exp></and_exp></or_exp>
</condition>
</trans>

<trans id="29" from="3" to="4">
<condition id="-1">
<or_exp><and_exp></and_exp></or_exp>
</condition>
</trans>

<trans id="30" from="4" to="5">
<condition id="-1">
<or_exp><and_exp></and_exp></or_exp>
</condition>
</trans>

<trans id="31" from="5" to="6">
<condition id="-1">
<or_exp><and_exp></and_exp></or_exp>
</condition>
</trans>
</trans_list>



<state_list>

<state id="1" st_id="1">

<operation id="7" st_id="1" stage="1" lat="1">
<core>NULL</core>
<MemPortIdVec></MemPortIdVec>
<condition id="-1">
<or_exp><and_exp></and_exp></or_exp>
</condition>

<Node id="32" bw="64" op_0_bw="64" op_1_bw="64">
<![CDATA[
entry:0 %C_read = read i64 @_ssdm_op_Read.ap_auto.i64, i64 %C

]]></Node>
<StgValue><ssdm name="C_read"/></StgValue>
</operation>

<operation id="8" st_id="1" stage="1" lat="1">
<core>NULL</core>
<MemPortIdVec></MemPortIdVec>
<condition id="-1">
<or_exp><and_exp></and_exp></or_exp>
</condition>

<Node id="33" bw="64" op_0_bw="64" op_1_bw="64">
<![CDATA[
entry:1 %B_read = read i64 @_ssdm_op_Read.ap_auto.i64, i64 %B

]]></Node>
<StgValue><ssdm name="B_read"/></StgValue>
</operation>

<operation id="9" st_id="1" stage="1" lat="1">
<core>NULL</core>
<MemPortIdVec></MemPortIdVec>
<condition id="-1">
<or_exp><and_exp></and_exp></or_exp>
</condition>

<Node id="34" bw="64" op_0_bw="64" op_1_bw="64">
<![CDATA[
entry:2 %A_read = read i64 @_ssdm_op_Read.ap_auto.i64, i64 %A

]]></Node>
<StgValue><ssdm name="A_read"/></StgValue>
</operation>

<operation id="10" st_id="1" stage="1" lat="1">
<core>NULL</core>
<MemPortIdVec></MemPortIdVec>
<condition id="-1">
<or_exp><and_exp></and_exp></or_exp>
</condition>

<Node id="35" bw="9" op_0_bw="9" op_1_bw="9">
<![CDATA[
entry:3 %i_read = read i9 @_ssdm_op_Read.ap_auto.i9, i9 %i

]]></Node>
<StgValue><ssdm name="i_read"/></StgValue>
</operation>

<operation id="11" st_id="1" stage="1" lat="1">
<core>NULL</core>
<MemPortIdVec></MemPortIdVec>
<condition id="-1">
<or_exp><and_exp></and_exp></or_exp>
</condition>

<Node id="36" bw="8" op_0_bw="9">
<![CDATA[
entry:4 %empty = trunc i9 %i_read

]]></Node>
<StgValue><ssdm name="empty"/></StgValue>
</operation>

<operation id="12" st_id="1" stage="1" lat="1">
<core>FIFO_SRL</core>
<MemPortIdVec></MemPortIdVec>
<condition id="-1">
<or_exp><and_exp></and_exp></or_exp>
</condition>

<Node id="37" bw="64" op_0_bw="64">
<![CDATA[
entry:5 %C_c = alloca i64 1

]]></Node>
<StgValue><ssdm name="C_c"/></StgValue>
</operation>

<operation id="13" st_id="1" stage="1" lat="1">
<core></core>
<MemPortIdVec></MemPortIdVec>
<condition id="-1">
<or_exp><and_exp></and_exp></or_exp>
</condition>

<Node id="44" bw="0" op_0_bw="0" op_1_bw="64" op_2_bw="64">
<![CDATA[
entry:12 %call_ln0 = call void @entry_proc, i64 %C_read, i64 %C_c

]]></Node>
<StgValue><ssdm name="call_ln0"/></StgValue>
</operation>

<operation id="14" st_id="1" stage="2" lat="2">
<core>FIFO_SRL</core>
<MemPortIdVec></MemPortIdVec>
<condition id="-1">
<or_exp><and_exp></and_exp></or_exp>
</condition>

<Node id="45" bw="8" op_0_bw="8" op_1_bw="8" op_2_bw="8" op_3_bw="64" op_4_bw="8" op_5_bw="64" op_6_bw="8" op_7_bw="8" op_8_bw="8" op_9_bw="8" op_10_bw="8" op_11_bw="8" op_12_bw="8" op_13_bw="8" op_14_bw="8" op_15_bw="8" op_16_bw="8" op_17_bw="8" op_18_bw="8" op_19_bw="8" op_20_bw="8" op_21_bw="8">
<![CDATA[
entry:13 %tmp = call i8 @Read_Loop_proc, i8 %gmem0, i8 %empty, i64 %A_read, i8 %gmem1, i64 %B_read, i8 %image_diff_posterize_rowA_0, i8 %image_diff_posterize_rowB_0, i8 %image_diff_posterize_rowA_1, i8 %image_diff_posterize_rowB_1, i8 %image_diff_posterize_rowA_2, i8 %image_diff_posterize_rowB_2, i8 %image_diff_posterize_rowA_3, i8 %image_diff_posterize_rowB_3, i8 %image_diff_posterize_rowA_4, i8 %image_diff_posterize_rowB_4, i8 %image_diff_posterize_rowA_5, i8 %image_diff_posterize_rowB_5, i8 %image_diff_posterize_rowA_6, i8 %image_diff_posterize_rowB_6, i8 %image_diff_posterize_rowA_7, i8 %image_diff_posterize_rowB_7

]]></Node>
<StgValue><ssdm name="tmp"/></StgValue>
</operation>
</state>

<state id="2" st_id="2">

<operation id="15" st_id="2" stage="1" lat="2">
<core>FIFO_SRL</core>
<MemPortIdVec></MemPortIdVec>
<condition id="-1">
<or_exp><and_exp></and_exp></or_exp>
</condition>

<Node id="45" bw="8" op_0_bw="8" op_1_bw="8" op_2_bw="8" op_3_bw="64" op_4_bw="8" op_5_bw="64" op_6_bw="8" op_7_bw="8" op_8_bw="8" op_9_bw="8" op_10_bw="8" op_11_bw="8" op_12_bw="8" op_13_bw="8" op_14_bw="8" op_15_bw="8" op_16_bw="8" op_17_bw="8" op_18_bw="8" op_19_bw="8" op_20_bw="8" op_21_bw="8">
<![CDATA[
entry:13 %tmp = call i8 @Read_Loop_proc, i8 %gmem0, i8 %empty, i64 %A_read, i8 %gmem1, i64 %B_read, i8 %image_diff_posterize_rowA_0, i8 %image_diff_posterize_rowB_0, i8 %image_diff_posterize_rowA_1, i8 %image_diff_posterize_rowB_1, i8 %image_diff_posterize_rowA_2, i8 %image_diff_posterize_rowB_2, i8 %image_diff_posterize_rowA_3, i8 %image_diff_posterize_rowB_3, i8 %image_diff_posterize_rowA_4, i8 %image_diff_posterize_rowB_4, i8 %image_diff_posterize_rowA_5, i8 %image_diff_posterize_rowB_5, i8 %image_diff_posterize_rowA_6, i8 %image_diff_posterize_rowB_6, i8 %image_diff_posterize_rowA_7, i8 %image_diff_posterize_rowB_7

]]></Node>
<StgValue><ssdm name="tmp"/></StgValue>
</operation>
</state>

<state id="3" st_id="3">

<operation id="16" st_id="3" stage="2" lat="2">
<core></core>
<MemPortIdVec></MemPortIdVec>
<condition id="-1">
<or_exp><and_exp></and_exp></or_exp>
</condition>

<Node id="46" bw="0" op_0_bw="0" op_1_bw="8" op_2_bw="8" op_3_bw="8" op_4_bw="8" op_5_bw="8" op_6_bw="8" op_7_bw="8" op_8_bw="8" op_9_bw="8" op_10_bw="8" op_11_bw="8" op_12_bw="8" op_13_bw="8" op_14_bw="8" op_15_bw="8" op_16_bw="8" op_17_bw="8" op_18_bw="8" op_19_bw="8" op_20_bw="8" op_21_bw="8" op_22_bw="8" op_23_bw="8" op_24_bw="8" op_25_bw="0">
<![CDATA[
entry:14 %call_ln0 = call void @Col_Loop_proc, i8 %image_diff_posterize_rowA_0, i8 %image_diff_posterize_rowA_1, i8 %image_diff_posterize_rowA_2, i8 %image_diff_posterize_rowA_3, i8 %image_diff_posterize_rowA_4, i8 %image_diff_posterize_rowA_5, i8 %image_diff_posterize_rowA_6, i8 %image_diff_posterize_rowA_7, i8 %image_diff_posterize_rowB_0, i8 %image_diff_posterize_rowB_1, i8 %image_diff_posterize_rowB_2, i8 %image_diff_posterize_rowB_3, i8 %image_diff_posterize_rowB_4, i8 %image_diff_posterize_rowB_5, i8 %image_diff_posterize_rowB_6, i8 %image_diff_posterize_rowB_7, i8 %image_diff_posterize_rowC_0, i8 %image_diff_posterize_rowC_1, i8 %image_diff_posterize_rowC_2, i8 %image_diff_posterize_rowC_3, i8 %image_diff_posterize_rowC_4, i8 %image_diff_posterize_rowC_5, i8 %image_diff_posterize_rowC_6, i8 %image_diff_posterize_rowC_7

]]></Node>
<StgValue><ssdm name="call_ln0"/></StgValue>
</operation>
</state>

<state id="4" st_id="4">

<operation id="17" st_id="4" stage="1" lat="2">
<core></core>
<MemPortIdVec></MemPortIdVec>
<condition id="-1">
<or_exp><and_exp></and_exp></or_exp>
</condition>

<Node id="46" bw="0" op_0_bw="0" op_1_bw="8" op_2_bw="8" op_3_bw="8" op_4_bw="8" op_5_bw="8" op_6_bw="8" op_7_bw="8" op_8_bw="8" op_9_bw="8" op_10_bw="8" op_11_bw="8" op_12_bw="8" op_13_bw="8" op_14_bw="8" op_15_bw="8" op_16_bw="8" op_17_bw="8" op_18_bw="8" op_19_bw="8" op_20_bw="8" op_21_bw="8" op_22_bw="8" op_23_bw="8" op_24_bw="8" op_25_bw="0">
<![CDATA[
entry:14 %call_ln0 = call void @Col_Loop_proc, i8 %image_diff_posterize_rowA_0, i8 %image_diff_posterize_rowA_1, i8 %image_diff_posterize_rowA_2, i8 %image_diff_posterize_rowA_3, i8 %image_diff_posterize_rowA_4, i8 %image_diff_posterize_rowA_5, i8 %image_diff_posterize_rowA_6, i8 %image_diff_posterize_rowA_7, i8 %image_diff_posterize_rowB_0, i8 %image_diff_posterize_rowB_1, i8 %image_diff_posterize_rowB_2, i8 %image_diff_posterize_rowB_3, i8 %image_diff_posterize_rowB_4, i8 %image_diff_posterize_rowB_5, i8 %image_diff_posterize_rowB_6, i8 %image_diff_posterize_rowB_7, i8 %image_diff_posterize_rowC_0, i8 %image_diff_posterize_rowC_1, i8 %image_diff_posterize_rowC_2, i8 %image_diff_posterize_rowC_3, i8 %image_diff_posterize_rowC_4, i8 %image_diff_posterize_rowC_5, i8 %image_diff_posterize_rowC_6, i8 %image_diff_posterize_rowC_7

]]></Node>
<StgValue><ssdm name="call_ln0"/></StgValue>
</operation>
</state>

<state id="5" st_id="5">

<operation id="18" st_id="5" stage="2" lat="2">
<core></core>
<MemPortIdVec></MemPortIdVec>
<condition id="-1">
<or_exp><and_exp></and_exp></or_exp>
</condition>

<Node id="47" bw="0" op_0_bw="0" op_1_bw="8" op_2_bw="8" op_3_bw="64" op_4_bw="8" op_5_bw="8" op_6_bw="8" op_7_bw="8" op_8_bw="8" op_9_bw="8" op_10_bw="8" op_11_bw="8" op_12_bw="0" op_13_bw="0" op_14_bw="0">
<![CDATA[
entry:15 %call_ln0 = call void @Write_Loop_proc, i8 %gmem2, i8 %tmp, i64 %C_c, i8 %image_diff_posterize_rowC_0, i8 %image_diff_posterize_rowC_1, i8 %image_diff_posterize_rowC_2, i8 %image_diff_posterize_rowC_3, i8 %image_diff_posterize_rowC_4, i8 %image_diff_posterize_rowC_5, i8 %image_diff_posterize_rowC_6, i8 %image_diff_posterize_rowC_7

]]></Node>
<StgValue><ssdm name="call_ln0"/></StgValue>
</operation>
</state>

<state id="6" st_id="6">

<operation id="19" st_id="6" stage="1" lat="1">
<core>NULL</core>
<MemPortIdVec></MemPortIdVec>
<condition id="-1">
<or_exp><and_exp></and_exp></or_exp>
</condition>

<Node id="38" bw="32" op_0_bw="32" op_1_bw="0" op_2_bw="32" op_3_bw="0" op_4_bw="0" op_5_bw="32" op_6_bw="32" op_7_bw="64" op_8_bw="64">
<![CDATA[
entry:6 %empty_25 = specchannel i32 @_ssdm_op_SpecChannel, void @C_c_str, i32 1, void @p_str, void @p_str, i32 4, i32 0, i64 %C_c, i64 %C_c

]]></Node>
<StgValue><ssdm name="empty_25"/></StgValue>
</operation>

<operation id="20" st_id="6" stage="1" lat="1">
<core>NULL</core>
<MemPortIdVec></MemPortIdVec>
<condition id="-1">
<or_exp><and_exp></and_exp></or_exp>
</condition>

<Node id="39" bw="0" op_0_bw="0" op_1_bw="64" op_2_bw="0" op_3_bw="32" op_4_bw="32" op_5_bw="0" op_6_bw="32" op_7_bw="32" op_8_bw="0" op_9_bw="0" op_10_bw="0" op_11_bw="32" op_12_bw="32" op_13_bw="32" op_14_bw="32" op_15_bw="0" op_16_bw="0" op_17_bw="32" op_18_bw="32">
<![CDATA[
entry:7 %specinterface_ln0 = specinterface void @_ssdm_op_SpecInterface, i64 %C_c, void @ap_fifo_str, i32 0, i32 0, void @p_str, i32 0, i32 0, void @p_str, void @p_str, void @p_str, i32 2, i32 2, i32 16, i32 16, void @p_str, void @p_str, i32 4294967295, i32 0

]]></Node>
<StgValue><ssdm name="specinterface_ln0"/></StgValue>
</operation>

<operation id="21" st_id="6" stage="1" lat="1">
<core>NULL</core>
<MemPortIdVec></MemPortIdVec>
<condition id="-1">
<or_exp><and_exp></and_exp></or_exp>
</condition>

<Node id="40" bw="0" op_0_bw="0" op_1_bw="8" op_2_bw="0" op_3_bw="32" op_4_bw="32" op_5_bw="0" op_6_bw="32" op_7_bw="32" op_8_bw="0" op_9_bw="0" op_10_bw="0" op_11_bw="32" op_12_bw="32" op_13_bw="32" op_14_bw="32" op_15_bw="0" op_16_bw="0" op_17_bw="32" op_18_bw="32">
<![CDATA[
entry:8 %specinterface_ln0 = specinterface void @_ssdm_op_SpecInterface, i8 %gmem2, void @empty, i32 0, i32 0, void @empty_0, i32 0, i32 0, void @empty_4, void @empty_1, void @empty_0, i32 16, i32 16, i32 16, i32 16, void @empty_0, void @empty_0, i32 4294967295, i32 0

]]></Node>
<StgValue><ssdm name="specinterface_ln0"/></StgValue>
</operation>

<operation id="22" st_id="6" stage="1" lat="1">
<core>NULL</core>
<MemPortIdVec></MemPortIdVec>
<condition id="-1">
<or_exp><and_exp></and_exp></or_exp>
</condition>

<Node id="41" bw="0" op_0_bw="0" op_1_bw="8" op_2_bw="0" op_3_bw="32" op_4_bw="32" op_5_bw="0" op_6_bw="32" op_7_bw="32" op_8_bw="0" op_9_bw="0" op_10_bw="0" op_11_bw="32" op_12_bw="32" op_13_bw="32" op_14_bw="32" op_15_bw="0" op_16_bw="0" op_17_bw="32" op_18_bw="32">
<![CDATA[
entry:9 %specinterface_ln0 = specinterface void @_ssdm_op_SpecInterface, i8 %gmem1, void @empty, i32 0, i32 0, void @empty_0, i32 0, i32 0, void @empty_14, void @empty_1, void @empty_0, i32 16, i32 16, i32 16, i32 16, void @empty_0, void @empty_0, i32 4294967295, i32 0

]]></Node>
<StgValue><ssdm name="specinterface_ln0"/></StgValue>
</operation>

<operation id="23" st_id="6" stage="1" lat="1">
<core>NULL</core>
<MemPortIdVec></MemPortIdVec>
<condition id="-1">
<or_exp><and_exp></and_exp></or_exp>
</condition>

<Node id="42" bw="0" op_0_bw="0" op_1_bw="8" op_2_bw="0" op_3_bw="32" op_4_bw="32" op_5_bw="0" op_6_bw="32" op_7_bw="32" op_8_bw="0" op_9_bw="0" op_10_bw="0" op_11_bw="32" op_12_bw="32" op_13_bw="32" op_14_bw="32" op_15_bw="0" op_16_bw="0" op_17_bw="32" op_18_bw="32">
<![CDATA[
entry:10 %specinterface_ln0 = specinterface void @_ssdm_op_SpecInterface, i8 %gmem0, void @empty, i32 0, i32 0, void @empty_0, i32 0, i32 0, void @empty_3, void @empty_1, void @empty_0, i32 16, i32 16, i32 16, i32 16, void @empty_0, void @empty_0, i32 4294967295, i32 0

]]></Node>
<StgValue><ssdm name="specinterface_ln0"/></StgValue>
</operation>

<operation id="24" st_id="6" stage="1" lat="1">
<core>NULL</core>
<MemPortIdVec></MemPortIdVec>
<condition id="-1">
<or_exp><and_exp></and_exp></or_exp>
</condition>

<Node id="43" bw="0" op_0_bw="0" op_1_bw="32" op_2_bw="32" op_3_bw="0">
<![CDATA[
entry:11 %specdataflowpipeline_ln44 = specdataflowpipeline void @_ssdm_op_SpecDataflowPipeline, i32 4294967295, i32 0, void @empty_0

]]></Node>
<StgValue><ssdm name="specdataflowpipeline_ln44"/></StgValue>
</operation>

<operation id="25" st_id="6" stage="1" lat="2">
<core></core>
<MemPortIdVec></MemPortIdVec>
<condition id="-1">
<or_exp><and_exp></and_exp></or_exp>
</condition>

<Node id="47" bw="0" op_0_bw="0" op_1_bw="8" op_2_bw="8" op_3_bw="64" op_4_bw="8" op_5_bw="8" op_6_bw="8" op_7_bw="8" op_8_bw="8" op_9_bw="8" op_10_bw="8" op_11_bw="8" op_12_bw="0" op_13_bw="0" op_14_bw="0">
<![CDATA[
entry:15 %call_ln0 = call void @Write_Loop_proc, i8 %gmem2, i8 %tmp, i64 %C_c, i8 %image_diff_posterize_rowC_0, i8 %image_diff_posterize_rowC_1, i8 %image_diff_posterize_rowC_2, i8 %image_diff_posterize_rowC_3, i8 %image_diff_posterize_rowC_4, i8 %image_diff_posterize_rowC_5, i8 %image_diff_posterize_rowC_6, i8 %image_diff_posterize_rowC_7

]]></Node>
<StgValue><ssdm name="call_ln0"/></StgValue>
</operation>

<operation id="26" st_id="6" stage="1" lat="1">
<core>NULL</core>
<MemPortIdVec></MemPortIdVec>
<condition id="-1">
<or_exp><and_exp></and_exp></or_exp>
</condition>

<Node id="48" bw="0">
<![CDATA[
entry:16 %ret_ln0 = ret

]]></Node>
<StgValue><ssdm name="ret_ln0"/></StgValue>
</operation>
</state>
</state_list>


<ports>
<port id="33" name="gmem0" dir="0" iftype="4">
<core>NULL</core><StgValue><ssdm name="gmem0"/></StgValue>
</port>
<port id="34" name="i" dir="0" iftype="0">
<core>NULL</core><StgValue><ssdm name="i"/></StgValue>
</port>
<port id="35" name="A" dir="0" iftype="0">
<core>NULL</core><StgValue><ssdm name="A"/></StgValue>
</port>
<port id="36" name="gmem1" dir="0" iftype="4">
<core>NULL</core><StgValue><ssdm name="gmem1"/></StgValue>
</port>
<port id="37" name="B" dir="0" iftype="0">
<core>NULL</core><StgValue><ssdm name="B"/></StgValue>
</port>
<port id="38" name="gmem2" dir="1" iftype="4">
<core>NULL</core><StgValue><ssdm name="gmem2"/></StgValue>
</port>
<port id="39" name="C" dir="0" iftype="0">
<core>NULL</core><StgValue><ssdm name="C"/></StgValue>
</port>
<port id="40" name="image_diff_posterize_rowA_0" dir="2" iftype="1">
<core>RAM</core><StgValue><ssdm name="image_diff_posterize_rowA_0"/><MemPortTyVec>2 3 </MemPortTyVec>
</StgValue>
</port>
<port id="41" name="image_diff_posterize_rowB_0" dir="2" iftype="1">
<core>RAM</core><StgValue><ssdm name="image_diff_posterize_rowB_0"/><MemPortTyVec>2 3 </MemPortTyVec>
</StgValue>
</port>
<port id="42" name="image_diff_posterize_rowA_1" dir="2" iftype="1">
<core>RAM</core><StgValue><ssdm name="image_diff_posterize_rowA_1"/><MemPortTyVec>2 3 </MemPortTyVec>
</StgValue>
</port>
<port id="43" name="image_diff_posterize_rowB_1" dir="2" iftype="1">
<core>RAM</core><StgValue><ssdm name="image_diff_posterize_rowB_1"/><MemPortTyVec>2 3 </MemPortTyVec>
</StgValue>
</port>
<port id="44" name="image_diff_posterize_rowA_2" dir="2" iftype="1">
<core>RAM</core><StgValue><ssdm name="image_diff_posterize_rowA_2"/><MemPortTyVec>2 3 </MemPortTyVec>
</StgValue>
</port>
<port id="45" name="image_diff_posterize_rowB_2" dir="2" iftype="1">
<core>RAM</core><StgValue><ssdm name="image_diff_posterize_rowB_2"/><MemPortTyVec>2 3 </MemPortTyVec>
</StgValue>
</port>
<port id="46" name="image_diff_posterize_rowA_3" dir="2" iftype="1">
<core>RAM</core><StgValue><ssdm name="image_diff_posterize_rowA_3"/><MemPortTyVec>2 3 </MemPortTyVec>
</StgValue>
</port>
<port id="47" name="image_diff_posterize_rowB_3" dir="2" iftype="1">
<core>RAM</core><StgValue><ssdm name="image_diff_posterize_rowB_3"/><MemPortTyVec>2 3 </MemPortTyVec>
</StgValue>
</port>
<port id="48" name="image_diff_posterize_rowA_4" dir="2" iftype="1">
<core>RAM</core><StgValue><ssdm name="image_diff_posterize_rowA_4"/><MemPortTyVec>2 3 </MemPortTyVec>
</StgValue>
</port>
<port id="49" name="image_diff_posterize_rowB_4" dir="2" iftype="1">
<core>RAM</core><StgValue><ssdm name="image_diff_posterize_rowB_4"/><MemPortTyVec>2 3 </MemPortTyVec>
</StgValue>
</port>
<port id="50" name="image_diff_posterize_rowA_5" dir="2" iftype="1">
<core>RAM</core><StgValue><ssdm name="image_diff_posterize_rowA_5"/><MemPortTyVec>2 3 </MemPortTyVec>
</StgValue>
</port>
<port id="51" name="image_diff_posterize_rowB_5" dir="2" iftype="1">
<core>RAM</core><StgValue><ssdm name="image_diff_posterize_rowB_5"/><MemPortTyVec>2 3 </MemPortTyVec>
</StgValue>
</port>
<port id="52" name="image_diff_posterize_rowA_6" dir="2" iftype="1">
<core>RAM</core><StgValue><ssdm name="image_diff_posterize_rowA_6"/><MemPortTyVec>2 3 </MemPortTyVec>
</StgValue>
</port>
<port id="53" name="image_diff_posterize_rowB_6" dir="2" iftype="1">
<core>RAM</core><StgValue><ssdm name="image_diff_posterize_rowB_6"/><MemPortTyVec>2 3 </MemPortTyVec>
</StgValue>
</port>
<port id="54" name="image_diff_posterize_rowA_7" dir="2" iftype="1">
<core>RAM</core><StgValue><ssdm name="image_diff_posterize_rowA_7"/><MemPortTyVec>2 3 </MemPortTyVec>
</StgValue>
</port>
<port id="55" name="image_diff_posterize_rowB_7" dir="2" iftype="1">
<core>RAM</core><StgValue><ssdm name="image_diff_posterize_rowB_7"/><MemPortTyVec>2 3 </MemPortTyVec>
</StgValue>
</port>
<port id="56" name="image_diff_posterize_rowC_0" dir="2" iftype="1">
<core>RAM</core><StgValue><ssdm name="image_diff_posterize_rowC_0"/><MemPortTyVec>2 3 </MemPortTyVec>
</StgValue>
</port>
<port id="57" name="image_diff_posterize_rowC_1" dir="2" iftype="1">
<core>RAM</core><StgValue><ssdm name="image_diff_posterize_rowC_1"/><MemPortTyVec>2 3 </MemPortTyVec>
</StgValue>
</port>
<port id="58" name="image_diff_posterize_rowC_2" dir="2" iftype="1">
<core>RAM</core><StgValue><ssdm name="image_diff_posterize_rowC_2"/><MemPortTyVec>2 3 </MemPortTyVec>
</StgValue>
</port>
<port id="59" name="image_diff_posterize_rowC_3" dir="2" iftype="1">
<core>RAM</core><StgValue><ssdm name="image_diff_posterize_rowC_3"/><MemPortTyVec>2 3 </MemPortTyVec>
</StgValue>
</port>
<port id="60" name="image_diff_posterize_rowC_4" dir="2" iftype="1">
<core>RAM</core><StgValue><ssdm name="image_diff_posterize_rowC_4"/><MemPortTyVec>2 3 </MemPortTyVec>
</StgValue>
</port>
<port id="61" name="image_diff_posterize_rowC_5" dir="2" iftype="1">
<core>RAM</core><StgValue><ssdm name="image_diff_posterize_rowC_5"/><MemPortTyVec>2 3 </MemPortTyVec>
</StgValue>
</port>
<port id="62" name="image_diff_posterize_rowC_6" dir="2" iftype="1">
<core>RAM</core><StgValue><ssdm name="image_diff_posterize_rowC_6"/><MemPortTyVec>2 3 </MemPortTyVec>
</StgValue>
</port>
<port id="63" name="image_diff_posterize_rowC_7" dir="2" iftype="1">
<core>RAM</core><StgValue><ssdm name="image_diff_posterize_rowC_7"/><MemPortTyVec>2 3 </MemPortTyVec>
</StgValue>
</port>
</ports>


<dataflows>
<dataflow id="65" from="_ssdm_op_Read.ap_auto.i64" to="C_read" fromId="64" toId="7">
</dataflow>
<dataflow id="66" from="C" to="C_read" fromId="39" toId="7">
</dataflow>
<dataflow id="67" from="_ssdm_op_Read.ap_auto.i64" to="B_read" fromId="64" toId="8">
</dataflow>
<dataflow id="68" from="B" to="B_read" fromId="37" toId="8">
</dataflow>
<dataflow id="69" from="_ssdm_op_Read.ap_auto.i64" to="A_read" fromId="64" toId="9">
</dataflow>
<dataflow id="70" from="A" to="A_read" fromId="35" toId="9">
</dataflow>
<dataflow id="72" from="_ssdm_op_Read.ap_auto.i9" to="i_read" fromId="71" toId="10">
</dataflow>
<dataflow id="73" from="i" to="i_read" fromId="34" toId="10">
</dataflow>
<dataflow id="74" from="i_read" to="empty" fromId="10" toId="11">
</dataflow>
<dataflow id="76" from="StgValue_75" to="C_c" fromId="75" toId="12">
</dataflow>
<dataflow id="78" from="entry_proc" to="call_ln0" fromId="77" toId="13">
</dataflow>
<dataflow id="79" from="C_read" to="call_ln0" fromId="7" toId="13">
</dataflow>
<dataflow id="80" from="C_c" to="call_ln0" fromId="12" toId="13">
</dataflow>
<dataflow id="82" from="Read_Loop_proc" to="tmp" fromId="81" toId="14">
</dataflow>
<dataflow id="83" from="gmem0" to="tmp" fromId="33" toId="14">
</dataflow>
<dataflow id="84" from="empty" to="tmp" fromId="11" toId="14">
</dataflow>
<dataflow id="85" from="A_read" to="tmp" fromId="9" toId="14">
</dataflow>
<dataflow id="86" from="gmem1" to="tmp" fromId="36" toId="14">
</dataflow>
<dataflow id="87" from="B_read" to="tmp" fromId="8" toId="14">
</dataflow>
<dataflow id="88" from="image_diff_posterize_rowA_0" to="tmp" fromId="40" toId="14">
</dataflow>
<dataflow id="89" from="image_diff_posterize_rowB_0" to="tmp" fromId="41" toId="14">
</dataflow>
<dataflow id="90" from="image_diff_posterize_rowA_1" to="tmp" fromId="42" toId="14">
</dataflow>
<dataflow id="91" from="image_diff_posterize_rowB_1" to="tmp" fromId="43" toId="14">
</dataflow>
<dataflow id="92" from="image_diff_posterize_rowA_2" to="tmp" fromId="44" toId="14">
</dataflow>
<dataflow id="93" from="image_diff_posterize_rowB_2" to="tmp" fromId="45" toId="14">
</dataflow>
<dataflow id="94" from="image_diff_posterize_rowA_3" to="tmp" fromId="46" toId="14">
</dataflow>
<dataflow id="95" from="image_diff_posterize_rowB_3" to="tmp" fromId="47" toId="14">
</dataflow>
<dataflow id="96" from="image_diff_posterize_rowA_4" to="tmp" fromId="48" toId="14">
</dataflow>
<dataflow id="97" from="image_diff_posterize_rowB_4" to="tmp" fromId="49" toId="14">
</dataflow>
<dataflow id="98" from="image_diff_posterize_rowA_5" to="tmp" fromId="50" toId="14">
</dataflow>
<dataflow id="99" from="image_diff_posterize_rowB_5" to="tmp" fromId="51" toId="14">
</dataflow>
<dataflow id="100" from="image_diff_posterize_rowA_6" to="tmp" fromId="52" toId="14">
</dataflow>
<dataflow id="101" from="image_diff_posterize_rowB_6" to="tmp" fromId="53" toId="14">
</dataflow>
<dataflow id="102" from="image_diff_posterize_rowA_7" to="tmp" fromId="54" toId="14">
</dataflow>
<dataflow id="103" from="image_diff_posterize_rowB_7" to="tmp" fromId="55" toId="14">
</dataflow>
<dataflow id="104" from="Read_Loop_proc" to="tmp" fromId="81" toId="15">
</dataflow>
<dataflow id="105" from="gmem0" to="tmp" fromId="33" toId="15">
</dataflow>
<dataflow id="106" from="empty" to="tmp" fromId="11" toId="15">
</dataflow>
<dataflow id="107" from="A_read" to="tmp" fromId="9" toId="15">
</dataflow>
<dataflow id="108" from="gmem1" to="tmp" fromId="36" toId="15">
</dataflow>
<dataflow id="109" from="B_read" to="tmp" fromId="8" toId="15">
</dataflow>
<dataflow id="110" from="image_diff_posterize_rowA_0" to="tmp" fromId="40" toId="15">
</dataflow>
<dataflow id="111" from="image_diff_posterize_rowB_0" to="tmp" fromId="41" toId="15">
</dataflow>
<dataflow id="112" from="image_diff_posterize_rowA_1" to="tmp" fromId="42" toId="15">
</dataflow>
<dataflow id="113" from="image_diff_posterize_rowB_1" to="tmp" fromId="43" toId="15">
</dataflow>
<dataflow id="114" from="image_diff_posterize_rowA_2" to="tmp" fromId="44" toId="15">
</dataflow>
<dataflow id="115" from="image_diff_posterize_rowB_2" to="tmp" fromId="45" toId="15">
</dataflow>
<dataflow id="116" from="image_diff_posterize_rowA_3" to="tmp" fromId="46" toId="15">
</dataflow>
<dataflow id="117" from="image_diff_posterize_rowB_3" to="tmp" fromId="47" toId="15">
</dataflow>
<dataflow id="118" from="image_diff_posterize_rowA_4" to="tmp" fromId="48" toId="15">
</dataflow>
<dataflow id="119" from="image_diff_posterize_rowB_4" to="tmp" fromId="49" toId="15">
</dataflow>
<dataflow id="120" from="image_diff_posterize_rowA_5" to="tmp" fromId="50" toId="15">
</dataflow>
<dataflow id="121" from="image_diff_posterize_rowB_5" to="tmp" fromId="51" toId="15">
</dataflow>
<dataflow id="122" from="image_diff_posterize_rowA_6" to="tmp" fromId="52" toId="15">
</dataflow>
<dataflow id="123" from="image_diff_posterize_rowB_6" to="tmp" fromId="53" toId="15">
</dataflow>
<dataflow id="124" from="image_diff_posterize_rowA_7" to="tmp" fromId="54" toId="15">
</dataflow>
<dataflow id="125" from="image_diff_posterize_rowB_7" to="tmp" fromId="55" toId="15">
</dataflow>
<dataflow id="127" from="Col_Loop_proc" to="call_ln0" fromId="126" toId="16">
</dataflow>
<dataflow id="128" from="image_diff_posterize_rowA_0" to="call_ln0" fromId="40" toId="16">
</dataflow>
<dataflow id="129" from="image_diff_posterize_rowA_1" to="call_ln0" fromId="42" toId="16">
</dataflow>
<dataflow id="130" from="image_diff_posterize_rowA_2" to="call_ln0" fromId="44" toId="16">
</dataflow>
<dataflow id="131" from="image_diff_posterize_rowA_3" to="call_ln0" fromId="46" toId="16">
</dataflow>
<dataflow id="132" from="image_diff_posterize_rowA_4" to="call_ln0" fromId="48" toId="16">
</dataflow>
<dataflow id="133" from="image_diff_posterize_rowA_5" to="call_ln0" fromId="50" toId="16">
</dataflow>
<dataflow id="134" from="image_diff_posterize_rowA_6" to="call_ln0" fromId="52" toId="16">
</dataflow>
<dataflow id="135" from="image_diff_posterize_rowA_7" to="call_ln0" fromId="54" toId="16">
</dataflow>
<dataflow id="136" from="image_diff_posterize_rowB_0" to="call_ln0" fromId="41" toId="16">
</dataflow>
<dataflow id="137" from="image_diff_posterize_rowB_1" to="call_ln0" fromId="43" toId="16">
</dataflow>
<dataflow id="138" from="image_diff_posterize_rowB_2" to="call_ln0" fromId="45" toId="16">
</dataflow>
<dataflow id="139" from="image_diff_posterize_rowB_3" to="call_ln0" fromId="47" toId="16">
</dataflow>
<dataflow id="140" from="image_diff_posterize_rowB_4" to="call_ln0" fromId="49" toId="16">
</dataflow>
<dataflow id="141" from="image_diff_posterize_rowB_5" to="call_ln0" fromId="51" toId="16">
</dataflow>
<dataflow id="142" from="image_diff_posterize_rowB_6" to="call_ln0" fromId="53" toId="16">
</dataflow>
<dataflow id="143" from="image_diff_posterize_rowB_7" to="call_ln0" fromId="55" toId="16">
</dataflow>
<dataflow id="144" from="image_diff_posterize_rowC_0" to="call_ln0" fromId="56" toId="16">
</dataflow>
<dataflow id="145" from="image_diff_posterize_rowC_1" to="call_ln0" fromId="57" toId="16">
</dataflow>
<dataflow id="146" from="image_diff_posterize_rowC_2" to="call_ln0" fromId="58" toId="16">
</dataflow>
<dataflow id="147" from="image_diff_posterize_rowC_3" to="call_ln0" fromId="59" toId="16">
</dataflow>
<dataflow id="148" from="image_diff_posterize_rowC_4" to="call_ln0" fromId="60" toId="16">
</dataflow>
<dataflow id="149" from="image_diff_posterize_rowC_5" to="call_ln0" fromId="61" toId="16">
</dataflow>
<dataflow id="150" from="image_diff_posterize_rowC_6" to="call_ln0" fromId="62" toId="16">
</dataflow>
<dataflow id="151" from="image_diff_posterize_rowC_7" to="call_ln0" fromId="63" toId="16">
</dataflow>
<dataflow id="152" from="Col_Loop_proc" to="call_ln0" fromId="126" toId="17">
</dataflow>
<dataflow id="153" from="image_diff_posterize_rowA_0" to="call_ln0" fromId="40" toId="17">
</dataflow>
<dataflow id="154" from="image_diff_posterize_rowA_1" to="call_ln0" fromId="42" toId="17">
</dataflow>
<dataflow id="155" from="image_diff_posterize_rowA_2" to="call_ln0" fromId="44" toId="17">
</dataflow>
<dataflow id="156" from="image_diff_posterize_rowA_3" to="call_ln0" fromId="46" toId="17">
</dataflow>
<dataflow id="157" from="image_diff_posterize_rowA_4" to="call_ln0" fromId="48" toId="17">
</dataflow>
<dataflow id="158" from="image_diff_posterize_rowA_5" to="call_ln0" fromId="50" toId="17">
</dataflow>
<dataflow id="159" from="image_diff_posterize_rowA_6" to="call_ln0" fromId="52" toId="17">
</dataflow>
<dataflow id="160" from="image_diff_posterize_rowA_7" to="call_ln0" fromId="54" toId="17">
</dataflow>
<dataflow id="161" from="image_diff_posterize_rowB_0" to="call_ln0" fromId="41" toId="17">
</dataflow>
<dataflow id="162" from="image_diff_posterize_rowB_1" to="call_ln0" fromId="43" toId="17">
</dataflow>
<dataflow id="163" from="image_diff_posterize_rowB_2" to="call_ln0" fromId="45" toId="17">
</dataflow>
<dataflow id="164" from="image_diff_posterize_rowB_3" to="call_ln0" fromId="47" toId="17">
</dataflow>
<dataflow id="165" from="image_diff_posterize_rowB_4" to="call_ln0" fromId="49" toId="17">
</dataflow>
<dataflow id="166" from="image_diff_posterize_rowB_5" to="call_ln0" fromId="51" toId="17">
</dataflow>
<dataflow id="167" from="image_diff_posterize_rowB_6" to="call_ln0" fromId="53" toId="17">
</dataflow>
<dataflow id="168" from="image_diff_posterize_rowB_7" to="call_ln0" fromId="55" toId="17">
</dataflow>
<dataflow id="169" from="image_diff_posterize_rowC_0" to="call_ln0" fromId="56" toId="17">
</dataflow>
<dataflow id="170" from="image_diff_posterize_rowC_1" to="call_ln0" fromId="57" toId="17">
</dataflow>
<dataflow id="171" from="image_diff_posterize_rowC_2" to="call_ln0" fromId="58" toId="17">
</dataflow>
<dataflow id="172" from="image_diff_posterize_rowC_3" to="call_ln0" fromId="59" toId="17">
</dataflow>
<dataflow id="173" from="image_diff_posterize_rowC_4" to="call_ln0" fromId="60" toId="17">
</dataflow>
<dataflow id="174" from="image_diff_posterize_rowC_5" to="call_ln0" fromId="61" toId="17">
</dataflow>
<dataflow id="175" from="image_diff_posterize_rowC_6" to="call_ln0" fromId="62" toId="17">
</dataflow>
<dataflow id="176" from="image_diff_posterize_rowC_7" to="call_ln0" fromId="63" toId="17">
</dataflow>
<dataflow id="178" from="Write_Loop_proc" to="call_ln0" fromId="177" toId="18">
</dataflow>
<dataflow id="179" from="gmem2" to="call_ln0" fromId="38" toId="18">
</dataflow>
<dataflow id="180" from="tmp" to="call_ln0" fromId="15" toId="18">
</dataflow>
<dataflow id="181" from="C_c" to="call_ln0" fromId="12" toId="18">
</dataflow>
<dataflow id="182" from="image_diff_posterize_rowC_0" to="call_ln0" fromId="56" toId="18">
</dataflow>
<dataflow id="183" from="image_diff_posterize_rowC_1" to="call_ln0" fromId="57" toId="18">
</dataflow>
<dataflow id="184" from="image_diff_posterize_rowC_2" to="call_ln0" fromId="58" toId="18">
</dataflow>
<dataflow id="185" from="image_diff_posterize_rowC_3" to="call_ln0" fromId="59" toId="18">
</dataflow>
<dataflow id="186" from="image_diff_posterize_rowC_4" to="call_ln0" fromId="60" toId="18">
</dataflow>
<dataflow id="187" from="image_diff_posterize_rowC_5" to="call_ln0" fromId="61" toId="18">
</dataflow>
<dataflow id="188" from="image_diff_posterize_rowC_6" to="call_ln0" fromId="62" toId="18">
</dataflow>
<dataflow id="189" from="image_diff_posterize_rowC_7" to="call_ln0" fromId="63" toId="18">
</dataflow>
<dataflow id="191" from="_ssdm_op_SpecChannel" to="empty_25" fromId="190" toId="19">
</dataflow>
<dataflow id="193" from="C_c_str" to="empty_25" fromId="192" toId="19">
</dataflow>
<dataflow id="195" from="StgValue_194" to="empty_25" fromId="194" toId="19">
</dataflow>
<dataflow id="197" from="p_str" to="empty_25" fromId="196" toId="19">
</dataflow>
<dataflow id="198" from="p_str" to="empty_25" fromId="196" toId="19">
</dataflow>
<dataflow id="200" from="StgValue_199" to="empty_25" fromId="199" toId="19">
</dataflow>
<dataflow id="202" from="StgValue_201" to="empty_25" fromId="201" toId="19">
</dataflow>
<dataflow id="203" from="C_c" to="empty_25" fromId="12" toId="19">
</dataflow>
<dataflow id="204" from="C_c" to="empty_25" fromId="12" toId="19">
</dataflow>
<dataflow id="206" from="_ssdm_op_SpecInterface" to="specinterface_ln0" fromId="205" toId="20">
</dataflow>
<dataflow id="207" from="C_c" to="specinterface_ln0" fromId="12" toId="20">
</dataflow>
<dataflow id="209" from="ap_fifo_str" to="specinterface_ln0" fromId="208" toId="20">
</dataflow>
<dataflow id="210" from="StgValue_201" to="specinterface_ln0" fromId="201" toId="20">
</dataflow>
<dataflow id="211" from="StgValue_201" to="specinterface_ln0" fromId="201" toId="20">
</dataflow>
<dataflow id="212" from="p_str" to="specinterface_ln0" fromId="196" toId="20">
</dataflow>
<dataflow id="213" from="StgValue_201" to="specinterface_ln0" fromId="201" toId="20">
</dataflow>
<dataflow id="214" from="StgValue_201" to="specinterface_ln0" fromId="201" toId="20">
</dataflow>
<dataflow id="215" from="p_str" to="specinterface_ln0" fromId="196" toId="20">
</dataflow>
<dataflow id="216" from="p_str" to="specinterface_ln0" fromId="196" toId="20">
</dataflow>
<dataflow id="217" from="p_str" to="specinterface_ln0" fromId="196" toId="20">
</dataflow>
<dataflow id="219" from="StgValue_218" to="specinterface_ln0" fromId="218" toId="20">
</dataflow>
<dataflow id="220" from="StgValue_218" to="specinterface_ln0" fromId="218" toId="20">
</dataflow>
<dataflow id="222" from="StgValue_221" to="specinterface_ln0" fromId="221" toId="20">
</dataflow>
<dataflow id="223" from="StgValue_221" to="specinterface_ln0" fromId="221" toId="20">
</dataflow>
<dataflow id="224" from="p_str" to="specinterface_ln0" fromId="196" toId="20">
</dataflow>
<dataflow id="225" from="p_str" to="specinterface_ln0" fromId="196" toId="20">
</dataflow>
<dataflow id="227" from="StgValue_226" to="specinterface_ln0" fromId="226" toId="20">
</dataflow>
<dataflow id="228" from="StgValue_201" to="specinterface_ln0" fromId="201" toId="20">
</dataflow>
<dataflow id="229" from="_ssdm_op_SpecInterface" to="specinterface_ln0" fromId="205" toId="21">
</dataflow>
<dataflow id="230" from="gmem2" to="specinterface_ln0" fromId="38" toId="21">
</dataflow>
<dataflow id="232" from="empty" to="specinterface_ln0" fromId="231" toId="21">
</dataflow>
<dataflow id="233" from="StgValue_201" to="specinterface_ln0" fromId="201" toId="21">
</dataflow>
<dataflow id="234" from="StgValue_201" to="specinterface_ln0" fromId="201" toId="21">
</dataflow>
<dataflow id="236" from="empty_0" to="specinterface_ln0" fromId="235" toId="21">
</dataflow>
<dataflow id="237" from="StgValue_201" to="specinterface_ln0" fromId="201" toId="21">
</dataflow>
<dataflow id="238" from="StgValue_201" to="specinterface_ln0" fromId="201" toId="21">
</dataflow>
<dataflow id="240" from="empty_4" to="specinterface_ln0" fromId="239" toId="21">
</dataflow>
<dataflow id="242" from="empty_1" to="specinterface_ln0" fromId="241" toId="21">
</dataflow>
<dataflow id="243" from="empty_0" to="specinterface_ln0" fromId="235" toId="21">
</dataflow>
<dataflow id="244" from="StgValue_221" to="specinterface_ln0" fromId="221" toId="21">
</dataflow>
<dataflow id="245" from="StgValue_221" to="specinterface_ln0" fromId="221" toId="21">
</dataflow>
<dataflow id="246" from="StgValue_221" to="specinterface_ln0" fromId="221" toId="21">
</dataflow>
<dataflow id="247" from="StgValue_221" to="specinterface_ln0" fromId="221" toId="21">
</dataflow>
<dataflow id="248" from="empty_0" to="specinterface_ln0" fromId="235" toId="21">
</dataflow>
<dataflow id="249" from="empty_0" to="specinterface_ln0" fromId="235" toId="21">
</dataflow>
<dataflow id="250" from="StgValue_226" to="specinterface_ln0" fromId="226" toId="21">
</dataflow>
<dataflow id="251" from="StgValue_201" to="specinterface_ln0" fromId="201" toId="21">
</dataflow>
<dataflow id="252" from="_ssdm_op_SpecInterface" to="specinterface_ln0" fromId="205" toId="22">
</dataflow>
<dataflow id="253" from="gmem1" to="specinterface_ln0" fromId="36" toId="22">
</dataflow>
<dataflow id="254" from="empty" to="specinterface_ln0" fromId="231" toId="22">
</dataflow>
<dataflow id="255" from="StgValue_201" to="specinterface_ln0" fromId="201" toId="22">
</dataflow>
<dataflow id="256" from="StgValue_201" to="specinterface_ln0" fromId="201" toId="22">
</dataflow>
<dataflow id="257" from="empty_0" to="specinterface_ln0" fromId="235" toId="22">
</dataflow>
<dataflow id="258" from="StgValue_201" to="specinterface_ln0" fromId="201" toId="22">
</dataflow>
<dataflow id="259" from="StgValue_201" to="specinterface_ln0" fromId="201" toId="22">
</dataflow>
<dataflow id="261" from="empty_14" to="specinterface_ln0" fromId="260" toId="22">
</dataflow>
<dataflow id="262" from="empty_1" to="specinterface_ln0" fromId="241" toId="22">
</dataflow>
<dataflow id="263" from="empty_0" to="specinterface_ln0" fromId="235" toId="22">
</dataflow>
<dataflow id="264" from="StgValue_221" to="specinterface_ln0" fromId="221" toId="22">
</dataflow>
<dataflow id="265" from="StgValue_221" to="specinterface_ln0" fromId="221" toId="22">
</dataflow>
<dataflow id="266" from="StgValue_221" to="specinterface_ln0" fromId="221" toId="22">
</dataflow>
<dataflow id="267" from="StgValue_221" to="specinterface_ln0" fromId="221" toId="22">
</dataflow>
<dataflow id="268" from="empty_0" to="specinterface_ln0" fromId="235" toId="22">
</dataflow>
<dataflow id="269" from="empty_0" to="specinterface_ln0" fromId="235" toId="22">
</dataflow>
<dataflow id="270" from="StgValue_226" to="specinterface_ln0" fromId="226" toId="22">
</dataflow>
<dataflow id="271" from="StgValue_201" to="specinterface_ln0" fromId="201" toId="22">
</dataflow>
<dataflow id="272" from="_ssdm_op_SpecInterface" to="specinterface_ln0" fromId="205" toId="23">
</dataflow>
<dataflow id="273" from="gmem0" to="specinterface_ln0" fromId="33" toId="23">
</dataflow>
<dataflow id="274" from="empty" to="specinterface_ln0" fromId="231" toId="23">
</dataflow>
<dataflow id="275" from="StgValue_201" to="specinterface_ln0" fromId="201" toId="23">
</dataflow>
<dataflow id="276" from="StgValue_201" to="specinterface_ln0" fromId="201" toId="23">
</dataflow>
<dataflow id="277" from="empty_0" to="specinterface_ln0" fromId="235" toId="23">
</dataflow>
<dataflow id="278" from="StgValue_201" to="specinterface_ln0" fromId="201" toId="23">
</dataflow>
<dataflow id="279" from="StgValue_201" to="specinterface_ln0" fromId="201" toId="23">
</dataflow>
<dataflow id="281" from="empty_3" to="specinterface_ln0" fromId="280" toId="23">
</dataflow>
<dataflow id="282" from="empty_1" to="specinterface_ln0" fromId="241" toId="23">
</dataflow>
<dataflow id="283" from="empty_0" to="specinterface_ln0" fromId="235" toId="23">
</dataflow>
<dataflow id="284" from="StgValue_221" to="specinterface_ln0" fromId="221" toId="23">
</dataflow>
<dataflow id="285" from="StgValue_221" to="specinterface_ln0" fromId="221" toId="23">
</dataflow>
<dataflow id="286" from="StgValue_221" to="specinterface_ln0" fromId="221" toId="23">
</dataflow>
<dataflow id="287" from="StgValue_221" to="specinterface_ln0" fromId="221" toId="23">
</dataflow>
<dataflow id="288" from="empty_0" to="specinterface_ln0" fromId="235" toId="23">
</dataflow>
<dataflow id="289" from="empty_0" to="specinterface_ln0" fromId="235" toId="23">
</dataflow>
<dataflow id="290" from="StgValue_226" to="specinterface_ln0" fromId="226" toId="23">
</dataflow>
<dataflow id="291" from="StgValue_201" to="specinterface_ln0" fromId="201" toId="23">
</dataflow>
<dataflow id="293" from="_ssdm_op_SpecDataflowPipeline" to="specdataflowpipeline_ln44" fromId="292" toId="24">
</dataflow>
<dataflow id="294" from="StgValue_226" to="specdataflowpipeline_ln44" fromId="226" toId="24">
</dataflow>
<dataflow id="295" from="StgValue_201" to="specdataflowpipeline_ln44" fromId="201" toId="24">
</dataflow>
<dataflow id="296" from="empty_0" to="specdataflowpipeline_ln44" fromId="235" toId="24">
</dataflow>
<dataflow id="297" from="Write_Loop_proc" to="call_ln0" fromId="177" toId="25">
</dataflow>
<dataflow id="298" from="gmem2" to="call_ln0" fromId="38" toId="25">
</dataflow>
<dataflow id="299" from="tmp" to="call_ln0" fromId="15" toId="25">
</dataflow>
<dataflow id="300" from="C_c" to="call_ln0" fromId="12" toId="25">
</dataflow>
<dataflow id="301" from="image_diff_posterize_rowC_0" to="call_ln0" fromId="56" toId="25">
</dataflow>
<dataflow id="302" from="image_diff_posterize_rowC_1" to="call_ln0" fromId="57" toId="25">
</dataflow>
<dataflow id="303" from="image_diff_posterize_rowC_2" to="call_ln0" fromId="58" toId="25">
</dataflow>
<dataflow id="304" from="image_diff_posterize_rowC_3" to="call_ln0" fromId="59" toId="25">
</dataflow>
<dataflow id="305" from="image_diff_posterize_rowC_4" to="call_ln0" fromId="60" toId="25">
</dataflow>
<dataflow id="306" from="image_diff_posterize_rowC_5" to="call_ln0" fromId="61" toId="25">
</dataflow>
<dataflow id="307" from="image_diff_posterize_rowC_6" to="call_ln0" fromId="62" toId="25">
</dataflow>
<dataflow id="308" from="image_diff_posterize_rowC_7" to="call_ln0" fromId="63" toId="25">
</dataflow>
</dataflows>


</stg>
