<stg><name>dataflow_in_loop_Row_Loop</name>


<trans_list>

<trans id="27" from="1" to="2">
<condition id="-1">
<or_exp><and_exp></and_exp></or_exp>
</condition>
</trans>

<trans id="28" from="2" to="3">
<condition id="-1">
<or_exp><and_exp></and_exp></or_exp>
</condition>
</trans>

<trans id="29" from="3" to="4">
<condition id="-1">
<or_exp><and_exp></and_exp></or_exp>
</condition>
</trans>

<trans id="30" from="4" to="5">
<condition id="-1">
<or_exp><and_exp></and_exp></or_exp>
</condition>
</trans>

<trans id="31" from="5" to="6">
<condition id="-1">
<or_exp><and_exp></and_exp></or_exp>
</condition>
</trans>
</trans_list>



<state_list>

<state id="1" st_id="1">

<operation id="7" st_id="1" stage="1" lat="1">
<core>NULL</core>
<MemPortIdVec></MemPortIdVec>
<condition id="-1">
<or_exp><and_exp></and_exp></or_exp>
</condition>

<Node id="32" bw="64" op_0_bw="64" op_1_bw="64">
<![CDATA[
entry:0 %C_read = read i64 @_ssdm_op_Read.ap_auto.i64, i64 %C

]]></Node>
<StgValue><ssdm name="C_read"/></StgValue>
</operation>

<operation id="8" st_id="1" stage="1" lat="1">
<core>NULL</core>
<MemPortIdVec></MemPortIdVec>
<condition id="-1">
<or_exp><and_exp></and_exp></or_exp>
</condition>

<Node id="33" bw="64" op_0_bw="64" op_1_bw="64">
<![CDATA[
entry:1 %B_read = read i64 @_ssdm_op_Read.ap_auto.i64, i64 %B

]]></Node>
<StgValue><ssdm name="B_read"/></StgValue>
</operation>

<operation id="9" st_id="1" stage="1" lat="1">
<core>NULL</core>
<MemPortIdVec></MemPortIdVec>
<condition id="-1">
<or_exp><and_exp></and_exp></or_exp>
</condition>

<Node id="34" bw="64" op_0_bw="64" op_1_bw="64">
<![CDATA[
entry:2 %A_read = read i64 @_ssdm_op_Read.ap_auto.i64, i64 %A

]]></Node>
<StgValue><ssdm name="A_read"/></StgValue>
</operation>

<operation id="10" st_id="1" stage="1" lat="1">
<core>NULL</core>
<MemPortIdVec></MemPortIdVec>
<condition id="-1">
<or_exp><and_exp></and_exp></or_exp>
</condition>

<Node id="35" bw="9" op_0_bw="9" op_1_bw="9">
<![CDATA[
entry:3 %i_read = read i9 @_ssdm_op_Read.ap_auto.i9, i9 %i

]]></Node>
<StgValue><ssdm name="i_read"/></StgValue>
</operation>

<operation id="11" st_id="1" stage="1" lat="1">
<core>NULL</core>
<MemPortIdVec></MemPortIdVec>
<condition id="-1">
<or_exp><and_exp></and_exp></or_exp>
</condition>

<Node id="36" bw="8" op_0_bw="9">
<![CDATA[
entry:4 %empty = trunc i9 %i_read

]]></Node>
<StgValue><ssdm name="empty"/></StgValue>
</operation>

<operation id="12" st_id="1" stage="1" lat="1">
<core>FIFO_SRL</core>
<MemPortIdVec></MemPortIdVec>
<condition id="-1">
<or_exp><and_exp></and_exp></or_exp>
</condition>

<Node id="37" bw="64" op_0_bw="64">
<![CDATA[
entry:5 %C_c = alloca i64 1

]]></Node>
<StgValue><ssdm name="C_c"/></StgValue>
</operation>

<operation id="13" st_id="1" stage="1" lat="1">
<core></core>
<MemPortIdVec></MemPortIdVec>
<condition id="-1">
<or_exp><and_exp></and_exp></or_exp>
</condition>

<Node id="44" bw="0" op_0_bw="0" op_1_bw="64" op_2_bw="64">
<![CDATA[
entry:12 %call_ln0 = call void @entry_proc, i64 %C_read, i64 %C_c

]]></Node>
<StgValue><ssdm name="call_ln0"/></StgValue>
</operation>

<operation id="14" st_id="1" stage="2" lat="2">
<core>FIFO_SRL</core>
<MemPortIdVec></MemPortIdVec>
<condition id="-1">
<or_exp><and_exp></and_exp></or_exp>
</condition>

<Node id="45" bw="8" op_0_bw="8" op_1_bw="8" op_2_bw="8" op_3_bw="64" op_4_bw="8" op_5_bw="64" op_6_bw="8" op_7_bw="8" op_8_bw="8" op_9_bw="8" op_10_bw="8" op_11_bw="8" op_12_bw="8" op_13_bw="8" op_14_bw="8" op_15_bw="8" op_16_bw="8" op_17_bw="8" op_18_bw="8" op_19_bw="8" op_20_bw="8" op_21_bw="8">
<![CDATA[
entry:13 %tmp = call i8 @Read_Loop_proc, i8 %gmem0, i8 %empty, i64 %A_read, i8 %gmem1, i64 %B_read, i8 %image_diff_posterize_rowA_0, i8 %image_diff_posterize_rowB_0, i8 %image_diff_posterize_rowA_1, i8 %image_diff_posterize_rowB_1, i8 %image_diff_posterize_rowA_2, i8 %image_diff_posterize_rowB_2, i8 %image_diff_posterize_rowA_3, i8 %image_diff_posterize_rowB_3, i8 %image_diff_posterize_rowA_4, i8 %image_diff_posterize_rowB_4, i8 %image_diff_posterize_rowA_5, i8 %image_diff_posterize_rowB_5, i8 %image_diff_posterize_rowA_6, i8 %image_diff_posterize_rowB_6, i8 %image_diff_posterize_rowA_7, i8 %image_diff_posterize_rowB_7

]]></Node>
<StgValue><ssdm name="tmp"/></StgValue>
</operation>
</state>

<state id="2" st_id="2">

<operation id="15" st_id="2" stage="1" lat="2">
<core>FIFO_SRL</core>
<MemPortIdVec></MemPortIdVec>
<condition id="-1">
<or_exp><and_exp></and_exp></or_exp>
</condition>

<Node id="45" bw="8" op_0_bw="8" op_1_bw="8" op_2_bw="8" op_3_bw="64" op_4_bw="8" op_5_bw="64" op_6_bw="8" op_7_bw="8" op_8_bw="8" op_9_bw="8" op_10_bw="8" op_11_bw="8" op_12_bw="8" op_13_bw="8" op_14_bw="8" op_15_bw="8" op_16_bw="8" op_17_bw="8" op_18_bw="8" op_19_bw="8" op_20_bw="8" op_21_bw="8">
<![CDATA[
entry:13 %tmp = call i8 @Read_Loop_proc, i8 %gmem0, i8 %empty, i64 %A_read, i8 %gmem1, i64 %B_read, i8 %image_diff_posterize_rowA_0, i8 %image_diff_posterize_rowB_0, i8 %image_diff_posterize_rowA_1, i8 %image_diff_posterize_rowB_1, i8 %image_diff_posterize_rowA_2, i8 %image_diff_posterize_rowB_2, i8 %image_diff_posterize_rowA_3, i8 %image_diff_posterize_rowB_3, i8 %image_diff_posterize_rowA_4, i8 %image_diff_posterize_rowB_4, i8 %image_diff_posterize_rowA_5, i8 %image_diff_posterize_rowB_5, i8 %image_diff_posterize_rowA_6, i8 %image_diff_posterize_rowB_6, i8 %image_diff_posterize_rowA_7, i8 %image_diff_posterize_rowB_7

]]></Node>
<StgValue><ssdm name="tmp"/></StgValue>
</operation>
</state>

<state id="3" st_id="3">

<operation id="16" st_id="3" stage="2" lat="2">
<core></core>
<MemPortIdVec></MemPortIdVec>
<condition id="-1">
<or_exp><and_exp></and_exp></or_exp>
</condition>

<Node id="46" bw="0" op_0_bw="0" op_1_bw="8" op_2_bw="8" op_3_bw="8" op_4_bw="8" op_5_bw="8" op_6_bw="8" op_7_bw="8" op_8_bw="8" op_9_bw="8" op_10_bw="8" op_11_bw="8" op_12_bw="8" op_13_bw="8" op_14_bw="8" op_15_bw="8" op_16_bw="8" op_17_bw="8" op_18_bw="8" op_19_bw="8" op_20_bw="8" op_21_bw="8" op_22_bw="8" op_23_bw="8" op_24_bw="8" op_25_bw="0">
<![CDATA[
entry:14 %call_ln0 = call void @Col_Loop_proc, i8 %image_diff_posterize_rowA_0, i8 %image_diff_posterize_rowA_1, i8 %image_diff_posterize_rowA_2, i8 %image_diff_posterize_rowA_3, i8 %image_diff_posterize_rowA_4, i8 %image_diff_posterize_rowA_5, i8 %image_diff_posterize_rowA_6, i8 %image_diff_posterize_rowA_7, i8 %image_diff_posterize_rowB_0, i8 %image_diff_posterize_rowB_1, i8 %image_diff_posterize_rowB_2, i8 %image_diff_posterize_rowB_3, i8 %image_diff_posterize_rowB_4, i8 %image_diff_posterize_rowB_5, i8 %image_diff_posterize_rowB_6, i8 %image_diff_posterize_rowB_7, i8 %image_diff_posterize_rowC_0, i8 %image_diff_posterize_rowC_1, i8 %image_diff_posterize_rowC_2, i8 %image_diff_posterize_rowC_3, i8 %image_diff_posterize_rowC_4, i8 %image_diff_posterize_rowC_5, i8 %image_diff_posterize_rowC_6, i8 %image_diff_posterize_rowC_7

]]></Node>
<StgValue><ssdm name="call_ln0"/></StgValue>
</operation>
</state>

<state id="4" st_id="4">

<operation id="17" st_id="4" stage="1" lat="2">
<core></core>
<MemPortIdVec></MemPortIdVec>
<condition id="-1">
<or_exp><and_exp></and_exp></or_exp>
</condition>

<Node id="46" bw="0" op_0_bw="0" op_1_bw="8" op_2_bw="8" op_3_bw="8" op_4_bw="8" op_5_bw="8" op_6_bw="8" op_7_bw="8" op_8_bw="8" op_9_bw="8" op_10_bw="8" op_11_bw="8" op_12_bw="8" op_13_bw="8" op_14_bw="8" op_15_bw="8" op_16_bw="8" op_17_bw="8" op_18_bw="8" op_19_bw="8" op_20_bw="8" op_21_bw="8" op_22_bw="8" op_23_bw="8" op_24_bw="8" op_25_bw="0">
<![CDATA[
entry:14 %call_ln0 = call void @Col_Loop_proc, i8 %image_diff_posterize_rowA_0, i8 %image_diff_posterize_rowA_1, i8 %image_diff_posterize_rowA_2, i8 %image_diff_posterize_rowA_3, i8 %image_diff_posterize_rowA_4, i8 %image_diff_posterize_rowA_5, i8 %image_diff_posterize_rowA_6, i8 %image_diff_posterize_rowA_7, i8 %image_diff_posterize_rowB_0, i8 %image_diff_posterize_rowB_1, i8 %image_diff_posterize_rowB_2, i8 %image_diff_posterize_rowB_3, i8 %image_diff_posterize_rowB_4, i8 %image_diff_posterize_rowB_5, i8 %image_diff_posterize_rowB_6, i8 %image_diff_posterize_rowB_7, i8 %image_diff_posterize_rowC_0, i8 %image_diff_posterize_rowC_1, i8 %image_diff_posterize_rowC_2, i8 %image_diff_posterize_rowC_3, i8 %image_diff_posterize_rowC_4, i8 %image_diff_posterize_rowC_5, i8 %image_diff_posterize_rowC_6, i8 %image_diff_posterize_rowC_7

]]></Node>
<StgValue><ssdm name="call_ln0"/></StgValue>
</operation>
</state>

<state id="5" st_id="5">

<operation id="18" st_id="5" stage="2" lat="2">
<core></core>
<MemPortIdVec></MemPortIdVec>
<condition id="-1">
<or_exp><and_exp></and_exp></or_exp>
</condition>

<Node id="47" bw="0" op_0_bw="0" op_1_bw="8" op_2_bw="8" op_3_bw="64" op_4_bw="8" op_5_bw="8" op_6_bw="8" op_7_bw="8" op_8_bw="8" op_9_bw="8" op_10_bw="8" op_11_bw="8" op_12_bw="0" op_13_bw="0" op_14_bw="0">
<![CDATA[
entry:15 %call_ln0 = call void @Write_Loop_proc, i8 %gmem2, i8 %tmp, i64 %C_c, i8 %image_diff_posterize_rowC_0, i8 %image_diff_posterize_rowC_1, i8 %image_diff_posterize_rowC_2, i8 %image_diff_posterize_rowC_3, i8 %image_diff_posterize_rowC_4, i8 %image_diff_posterize_rowC_5, i8 %image_diff_posterize_rowC_6, i8 %image_diff_posterize_rowC_7

]]></Node>
<StgValue><ssdm name="call_ln0"/></StgValue>
</operation>
</state>

<state id="6" st_id="6">

<operation id="19" st_id="6" stage="1" lat="1">
<core>NULL</core>
<MemPortIdVec></MemPortIdVec>
<condition id="-1">
<or_exp><and_exp></and_exp></or_exp>
</condition>

<Node id="38" bw="32" op_0_bw="32" op_1_bw="0" op_2_bw="32" op_3_bw="0" op_4_bw="0" op_5_bw="32" op_6_bw="32" op_7_bw="64" op_8_bw="64">
<![CDATA[
entry:6 %empty_25 = specchannel i32 @_ssdm_op_SpecChannel, void @C_c_str, i32 1, void @p_str, void @p_str, i32 4, i32 0, i64 %C_c, i64 %C_c

]]></Node>
<StgValue><ssdm name="empty_25"/></StgValue>
</operation>

<operation id="20" st_id="6" stage="1" lat="1">
<core>NULL</core>
<MemPortIdVec></MemPortIdVec>
<condition id="-1">
<or_exp><and_exp></and_exp></or_exp>
</condition>

<Node id="39" bw="0" op_0_bw="0" op_1_bw="64" op_2_bw="0" op_3_bw="32" op_4_bw="32" op_5_bw="0" op_6_bw="32" op_7_bw="32" op_8_bw="0" op_9_bw="0" op_10_bw="0" op_11_bw="32" op_12_bw="32" op_13_bw="32" op_14_bw="32" op_15_bw="0" op_16_bw="0" op_17_bw="32" op_18_bw="32">
<![CDATA[
entry:7 %specinterface_ln0 = specinterface void @_ssdm_op_SpecInterface, i64 %C_c, void @ap_fifo_str, i32 0, i32 0, void @p_str, i32 0, i32 0, void @p_str, void @p_str, void @p_str, i32 2, i32 2, i32 16, i32 16, void @p_str, void @p_str, i32 4294967295, i32 0

]]></Node>
<StgValue><ssdm name="specinterface_ln0"/></StgValue>
</operation>

<operation id="21" st_id="6" stage="1" lat="1">
<core>NULL</core>
<MemPortIdVec></MemPortIdVec>
<condition id="-1">
<or_exp><and_exp></and_exp></or_exp>
</condition>

<Node id="40" bw="0" op_0_bw="0" op_1_bw="8" op_2_bw="0" op_3_bw="32" op_4_bw="32" op_5_bw="0" op_6_bw="32" op_7_bw="32" op_8_bw="0" op_9_bw="0" op_10_bw="0" op_11_bw="32" op_12_bw="32" op_13_bw="32" op_14_bw="32" op_15_bw="0" op_16_bw="0" op_17_bw="32" op_18_bw="32">
<![CDATA[
entry:8 %specinterface_ln0 = specinterface void @_ssdm_op_SpecInterface, i8 %gmem2, void @empty, i32 0, i32 0, void @empty_0, i32 0, i32 0, void @empty_4, void @empty_1, void @empty_0, i32 16, i32 16, i32 16, i32 16, void @empty_0, void @empty_0, i32 4294967295, i32 0

]]></Node>
<StgValue><ssdm name="specinterface_ln0"/></StgValue>
</operation>

<operation id="22" st_id="6" stage="1" lat="1">
<core>NULL</core>
<MemPortIdVec></MemPortIdVec>
<condition id="-1">
<or_exp><and_exp></and_exp></or_exp>
</condition>

<Node id="41" bw="0" op_0_bw="0" op_1_bw="8" op_2_bw="0" op_3_bw="32" op_4_bw="32" op_5_bw="0" op_6_bw="32" op_7_bw="32" op_8_bw="0" op_9_bw="0" op_10_bw="0" op_11_bw="32" op_12_bw="32" op_13_bw="32" op_14_bw="32" op_15_bw="0" op_16_bw="0" op_17_bw="32" op_18_bw="32">
<![CDATA[
entry:9 %specinterface_ln0 = specinterface void @_ssdm_op_SpecInterface, i8 %gmem1, void @empty, i32 0, i32 0, void @empty_0, i32 0, i32 0, void @empty_14, void @empty_1, void @empty_0, i32 16, i32 16, i32 16, i32 16, void @empty_0, void @empty_0, i32 4294967295, i32 0

]]></Node>
<StgValue><ssdm name="specinterface_ln0"/></StgValue>
</operation>

<operation id="23" st_id="6" stage="1" lat="1">
<core>NULL</core>
<MemPortIdVec></MemPortIdVec>
<condition id="-1">
<or_exp><and_exp></and_exp></or_exp>
</condition>

<Node id="42" bw="0" op_0_bw="0" op_1_bw="8" op_2_bw="0" op_3_bw="32" op_4_bw="32" op_5_bw="0" op_6_bw="32" op_7_bw="32" op_8_bw="0" op_9_bw="0" op_10_bw="0" op_11_bw="32" op_12_bw="32" op_13_bw="32" op_14_bw="32" op_15_bw="0" op_16_bw="0" op_17_bw="32" op_18_bw="32">
<![CDATA[
entry:10 %specinterface_ln0 = specinterface void @_ssdm_op_SpecInterface, i8 %gmem0, void @empty, i32 0, i32 0, void @empty_0, i32 0, i32 0, void @empty_3, void @empty_1, void @empty_0, i32 16, i32 16, i32 16, i32 16, void @empty_0, void @empty_0, i32 4294967295, i32 0

]]></Node>
<StgValue><ssdm name="specinterface_ln0"/></StgValue>
</operation>

<operation id="24" st_id="6" stage="1" lat="1">
<core>NULL</core>
<MemPortIdVec></MemPortIdVec>
<condition id="-1">
<or_exp><and_exp></and_exp></or_exp>
</condition>

<Node id="43" bw="0" op_0_bw="0" op_1_bw="32" op_2_bw="32" op_3_bw="0">
<![CDATA[
entry:11 %specdataflowpipeline_ln44 = specdataflowpipeline void @_ssdm_op_SpecDataflowPipeline, i32 4294967295, i32 0, void @empty_0

]]></Node>
<StgValue><ssdm name="specdataflowpipeline_ln44"/></StgValue>
</operation>

<operation id="25" st_id="6" stage="1" lat="2">
<core></core>
<MemPortIdVec></MemPortIdVec>
<condition id="-1">
<or_exp><and_exp></and_exp></or_exp>
</condition>

<Node id="47" bw="0" op_0_bw="0" op_1_bw="8" op_2_bw="8" op_3_bw="64" op_4_bw="8" op_5_bw="8" op_6_bw="8" op_7_bw="8" op_8_bw="8" op_9_bw="8" op_10_bw="8" op_11_bw="8" op_12_bw="0" op_13_bw="0" op_14_bw="0">
<![CDATA[
entry:15 %call_ln0 = call void @Write_Loop_proc, i8 %gmem2, i8 %tmp, i64 %C_c, i8 %image_diff_posterize_rowC_0, i8 %image_diff_posterize_rowC_1, i8 %image_diff_posterize_rowC_2, i8 %image_diff_posterize_rowC_3, i8 %image_diff_posterize_rowC_4, i8 %image_diff_posterize_rowC_5, i8 %image_diff_posterize_rowC_6, i8 %image_diff_posterize_rowC_7

]]></Node>
<StgValue><ssdm name="call_ln0"/></StgValue>
</operation>

<operation id="26" st_id="6" stage="1" lat="1">
<core>NULL</core>
<MemPortIdVec></MemPortIdVec>
<condition id="-1">
<or_exp><and_exp></and_exp></or_exp>
</condition>

<Node id="48" bw="0">
<![CDATA[
entry:16 %ret_ln0 = ret

]]></Node>
<StgValue><ssdm name="ret_ln0"/></StgValue>
</operation>
</state>
</state_list>


<ports>
</ports>


<dataflows>
</dataflows>


</stg>
