<?xml version="1.0" encoding="utf-8"?>
<BindInfo>
	<BindNode BINDTYPE="op" DISPLAY="bind_op icmp" ID="" IMPL="auto" LATENCY="0" OPTYPE="icmp" PRAGMA="" RTLNAME="icmp_ln47_fu_356_p2" SOURCE="image_diff_posterize.c:47" VARIABLE="icmp_ln47" MODULE="Read_Loop_proc_Pipeline_Read_Loop" LOOP="Read_Loop" BUNDLEDNAME="" DSP="0" BRAM="0" URAM="0"/>
	<BindNode BINDTYPE="op" DISPLAY="bind_op add" ID="" IMPL="fabric" LATENCY="0" OPTYPE="add" PRAGMA="" RTLNAME="add_ln47_fu_362_p2" SOURCE="image_diff_posterize.c:47" VARIABLE="add_ln47" MODULE="Read_Loop_proc_Pipeline_Read_Loop" LOOP="Read_Loop" BUNDLEDNAME="" DSP="0" BRAM="0" URAM="0"/>
	<BindNode BINDTYPE="op" DISPLAY="bind_op add" ID="" IMPL="fabric" LATENCY="0" OPTYPE="add" PRAGMA="" RTLNAME="add_ln41_fu_160_p2" SOURCE="image_diff_posterize.c:41" VARIABLE="add_ln41" MODULE="Read_Loop_proc" LOOP="" BUNDLEDNAME="" DSP="0" BRAM="0" URAM="0"/>
	<BindNode BINDTYPE="op" DISPLAY="bind_op add" ID="" IMPL="fabric" LATENCY="0" OPTYPE="add" PRAGMA="" RTLNAME="add_ln41_1_fu_166_p2" SOURCE="image_diff_posterize.c:41" VARIABLE="add_ln41_1" MODULE="Read_Loop_proc" LOOP="" BUNDLEDNAME="" DSP="0" BRAM="0" URAM="0"/>
	<BindNode BINDTYPE="op" DISPLAY="bind_op sub" ID="" IMPL="fabric" LATENCY="0" OPTYPE="sub" PRAGMA="" RTLNAME="diff_temp_fu_475_p2" SOURCE="image_diff_posterize.c:81" VARIABLE="diff_temp" MODULE="Col_Loop_proc" LOOP="Col_Loop" BUNDLEDNAME="" DSP="0" BRAM="0" URAM="0"/>
	<BindNode BINDTYPE="op" DISPLAY="bind_op sub" ID="" IMPL="fabric" LATENCY="0" OPTYPE="sub" PRAGMA="" RTLNAME="sub_ln84_fu_493_p2" SOURCE="image_diff_posterize.c:84" VARIABLE="sub_ln84" MODULE="Col_Loop_proc" LOOP="Col_Loop" BUNDLEDNAME="" DSP="0" BRAM="0" URAM="0"/>
	<BindNode BINDTYPE="op" DISPLAY="bind_op select" ID="" IMPL="auto_sel" LATENCY="0" OPTYPE="select" PRAGMA="" RTLNAME="diff_fu_499_p3" SOURCE="image_diff_posterize.c:84" VARIABLE="diff" MODULE="Col_Loop_proc" LOOP="Col_Loop" BUNDLEDNAME="" DSP="0" BRAM="0" URAM="0"/>
	<BindNode BINDTYPE="op" DISPLAY="bind_op icmp" ID="" IMPL="auto" LATENCY="0" OPTYPE="icmp" PRAGMA="" RTLNAME="icmp_ln86_fu_517_p2" SOURCE="image_diff_posterize.c:86" VARIABLE="icmp_ln86" MODULE="Col_Loop_proc" LOOP="Col_Loop" BUNDLEDNAME="" DSP="0" BRAM="0" URAM="0"/>
	<BindNode BINDTYPE="op" DISPLAY="bind_op icmp" ID="" IMPL="auto" LATENCY="0" OPTYPE="icmp" PRAGMA="" RTLNAME="icmp_ln87_fu_523_p2" SOURCE="image_diff_posterize.c:87" VARIABLE="icmp_ln87" MODULE="Col_Loop_proc" LOOP="Col_Loop" BUNDLEDNAME="" DSP="0" BRAM="0" URAM="0"/>
	<BindNode BINDTYPE="op" DISPLAY="bind_op select" ID="" IMPL="auto_sel" LATENCY="0" OPTYPE="select" PRAGMA="" RTLNAME="select_ln86_fu_529_p3" SOURCE="image_diff_posterize.c:86" VARIABLE="select_ln86" MODULE="Col_Loop_proc" LOOP="Col_Loop" BUNDLEDNAME="" DSP="0" BRAM="0" URAM="0"/>
	<BindNode BINDTYPE="op" DISPLAY="bind_op select" ID="" IMPL="auto_sel" LATENCY="0" OPTYPE="select" PRAGMA="" RTLNAME="image_diff_posterize_rowC_0_d0" SOURCE="image_diff_posterize.c:86" VARIABLE="select_ln86_1" MODULE="Col_Loop_proc" LOOP="Col_Loop" BUNDLEDNAME="" DSP="0" BRAM="0" URAM="0"/>
	<BindNode BINDTYPE="op" DISPLAY="bind_op sub" ID="" IMPL="fabric" LATENCY="0" OPTYPE="sub" PRAGMA="" RTLNAME="diff_temp_1_fu_554_p2" SOURCE="image_diff_posterize.c:81" VARIABLE="diff_temp_1" MODULE="Col_Loop_proc" LOOP="Col_Loop" BUNDLEDNAME="" DSP="0" BRAM="0" URAM="0"/>
	<BindNode BINDTYPE="op" DISPLAY="bind_op sub" ID="" IMPL="fabric" LATENCY="0" OPTYPE="sub" PRAGMA="" RTLNAME="sub_ln84_1_fu_572_p2" SOURCE="image_diff_posterize.c:84" VARIABLE="sub_ln84_1" MODULE="Col_Loop_proc" LOOP="Col_Loop" BUNDLEDNAME="" DSP="0" BRAM="0" URAM="0"/>
	<BindNode BINDTYPE="op" DISPLAY="bind_op select" ID="" IMPL="auto_sel" LATENCY="0" OPTYPE="select" PRAGMA="" RTLNAME="diff_1_fu_578_p3" SOURCE="image_diff_posterize.c:84" VARIABLE="diff_1" MODULE="Col_Loop_proc" LOOP="Col_Loop" BUNDLEDNAME="" DSP="0" BRAM="0" URAM="0"/>
	<BindNode BINDTYPE="op" DISPLAY="bind_op icmp" ID="" IMPL="auto" LATENCY="0" OPTYPE="icmp" PRAGMA="" RTLNAME="icmp_ln86_1_fu_596_p2" SOURCE="image_diff_posterize.c:86" VARIABLE="icmp_ln86_1" MODULE="Col_Loop_proc" LOOP="Col_Loop" BUNDLEDNAME="" DSP="0" BRAM="0" URAM="0"/>
	<BindNode BINDTYPE="op" DISPLAY="bind_op icmp" ID="" IMPL="auto" LATENCY="0" OPTYPE="icmp" PRAGMA="" RTLNAME="icmp_ln87_1_fu_602_p2" SOURCE="image_diff_posterize.c:87" VARIABLE="icmp_ln87_1" MODULE="Col_Loop_proc" LOOP="Col_Loop" BUNDLEDNAME="" DSP="0" BRAM="0" URAM="0"/>
	<BindNode BINDTYPE="op" DISPLAY="bind_op select" ID="" IMPL="auto_sel" LATENCY="0" OPTYPE="select" PRAGMA="" RTLNAME="select_ln86_2_fu_608_p3" SOURCE="image_diff_posterize.c:86" VARIABLE="select_ln86_2" MODULE="Col_Loop_proc" LOOP="Col_Loop" BUNDLEDNAME="" DSP="0" BRAM="0" URAM="0"/>
	<BindNode BINDTYPE="op" DISPLAY="bind_op select" ID="" IMPL="auto_sel" LATENCY="0" OPTYPE="select" PRAGMA="" RTLNAME="image_diff_posterize_rowC_1_d0" SOURCE="image_diff_posterize.c:86" VARIABLE="select_ln86_3" MODULE="Col_Loop_proc" LOOP="Col_Loop" BUNDLEDNAME="" DSP="0" BRAM="0" URAM="0"/>
	<BindNode BINDTYPE="op" DISPLAY="bind_op sub" ID="" IMPL="fabric" LATENCY="0" OPTYPE="sub" PRAGMA="" RTLNAME="diff_temp_2_fu_633_p2" SOURCE="image_diff_posterize.c:81" VARIABLE="diff_temp_2" MODULE="Col_Loop_proc" LOOP="Col_Loop" BUNDLEDNAME="" DSP="0" BRAM="0" URAM="0"/>
	<BindNode BINDTYPE="op" DISPLAY="bind_op sub" ID="" IMPL="fabric" LATENCY="0" OPTYPE="sub" PRAGMA="" RTLNAME="sub_ln84_2_fu_651_p2" SOURCE="image_diff_posterize.c:84" VARIABLE="sub_ln84_2" MODULE="Col_Loop_proc" LOOP="Col_Loop" BUNDLEDNAME="" DSP="0" BRAM="0" URAM="0"/>
	<BindNode BINDTYPE="op" DISPLAY="bind_op select" ID="" IMPL="auto_sel" LATENCY="0" OPTYPE="select" PRAGMA="" RTLNAME="diff_2_fu_657_p3" SOURCE="image_diff_posterize.c:84" VARIABLE="diff_2" MODULE="Col_Loop_proc" LOOP="Col_Loop" BUNDLEDNAME="" DSP="0" BRAM="0" URAM="0"/>
	<BindNode BINDTYPE="op" DISPLAY="bind_op icmp" ID="" IMPL="auto" LATENCY="0" OPTYPE="icmp" PRAGMA="" RTLNAME="icmp_ln86_2_fu_675_p2" SOURCE="image_diff_posterize.c:86" VARIABLE="icmp_ln86_2" MODULE="Col_Loop_proc" LOOP="Col_Loop" BUNDLEDNAME="" DSP="0" BRAM="0" URAM="0"/>
	<BindNode BINDTYPE="op" DISPLAY="bind_op icmp" ID="" IMPL="auto" LATENCY="0" OPTYPE="icmp" PRAGMA="" RTLNAME="icmp_ln87_2_fu_681_p2" SOURCE="image_diff_posterize.c:87" VARIABLE="icmp_ln87_2" MODULE="Col_Loop_proc" LOOP="Col_Loop" BUNDLEDNAME="" DSP="0" BRAM="0" URAM="0"/>
	<BindNode BINDTYPE="op" DISPLAY="bind_op select" ID="" IMPL="auto_sel" LATENCY="0" OPTYPE="select" PRAGMA="" RTLNAME="select_ln86_4_fu_687_p3" SOURCE="image_diff_posterize.c:86" VARIABLE="select_ln86_4" MODULE="Col_Loop_proc" LOOP="Col_Loop" BUNDLEDNAME="" DSP="0" BRAM="0" URAM="0"/>
	<BindNode BINDTYPE="op" DISPLAY="bind_op select" ID="" IMPL="auto_sel" LATENCY="0" OPTYPE="select" PRAGMA="" RTLNAME="image_diff_posterize_rowC_2_d0" SOURCE="image_diff_posterize.c:86" VARIABLE="select_ln86_5" MODULE="Col_Loop_proc" LOOP="Col_Loop" BUNDLEDNAME="" DSP="0" BRAM="0" URAM="0"/>
	<BindNode BINDTYPE="op" DISPLAY="bind_op sub" ID="" IMPL="fabric" LATENCY="0" OPTYPE="sub" PRAGMA="" RTLNAME="diff_temp_3_fu_712_p2" SOURCE="image_diff_posterize.c:81" VARIABLE="diff_temp_3" MODULE="Col_Loop_proc" LOOP="Col_Loop" BUNDLEDNAME="" DSP="0" BRAM="0" URAM="0"/>
	<BindNode BINDTYPE="op" DISPLAY="bind_op sub" ID="" IMPL="fabric" LATENCY="0" OPTYPE="sub" PRAGMA="" RTLNAME="sub_ln84_3_fu_730_p2" SOURCE="image_diff_posterize.c:84" VARIABLE="sub_ln84_3" MODULE="Col_Loop_proc" LOOP="Col_Loop" BUNDLEDNAME="" DSP="0" BRAM="0" URAM="0"/>
	<BindNode BINDTYPE="op" DISPLAY="bind_op select" ID="" IMPL="auto_sel" LATENCY="0" OPTYPE="select" PRAGMA="" RTLNAME="diff_3_fu_736_p3" SOURCE="image_diff_posterize.c:84" VARIABLE="diff_3" MODULE="Col_Loop_proc" LOOP="Col_Loop" BUNDLEDNAME="" DSP="0" BRAM="0" URAM="0"/>
	<BindNode BINDTYPE="op" DISPLAY="bind_op icmp" ID="" IMPL="auto" LATENCY="0" OPTYPE="icmp" PRAGMA="" RTLNAME="icmp_ln86_3_fu_754_p2" SOURCE="image_diff_posterize.c:86" VARIABLE="icmp_ln86_3" MODULE="Col_Loop_proc" LOOP="Col_Loop" BUNDLEDNAME="" DSP="0" BRAM="0" URAM="0"/>
	<BindNode BINDTYPE="op" DISPLAY="bind_op icmp" ID="" IMPL="auto" LATENCY="0" OPTYPE="icmp" PRAGMA="" RTLNAME="icmp_ln87_3_fu_760_p2" SOURCE="image_diff_posterize.c:87" VARIABLE="icmp_ln87_3" MODULE="Col_Loop_proc" LOOP="Col_Loop" BUNDLEDNAME="" DSP="0" BRAM="0" URAM="0"/>
	<BindNode BINDTYPE="op" DISPLAY="bind_op select" ID="" IMPL="auto_sel" LATENCY="0" OPTYPE="select" PRAGMA="" RTLNAME="select_ln86_6_fu_766_p3" SOURCE="image_diff_posterize.c:86" VARIABLE="select_ln86_6" MODULE="Col_Loop_proc" LOOP="Col_Loop" BUNDLEDNAME="" DSP="0" BRAM="0" URAM="0"/>
	<BindNode BINDTYPE="op" DISPLAY="bind_op select" ID="" IMPL="auto_sel" LATENCY="0" OPTYPE="select" PRAGMA="" RTLNAME="image_diff_posterize_rowC_3_d0" SOURCE="image_diff_posterize.c:86" VARIABLE="select_ln86_7" MODULE="Col_Loop_proc" LOOP="Col_Loop" BUNDLEDNAME="" DSP="0" BRAM="0" URAM="0"/>
	<BindNode BINDTYPE="op" DISPLAY="bind_op sub" ID="" IMPL="fabric" LATENCY="0" OPTYPE="sub" PRAGMA="" RTLNAME="diff_temp_4_fu_791_p2" SOURCE="image_diff_posterize.c:81" VARIABLE="diff_temp_4" MODULE="Col_Loop_proc" LOOP="Col_Loop" BUNDLEDNAME="" DSP="0" BRAM="0" URAM="0"/>
	<BindNode BINDTYPE="op" DISPLAY="bind_op sub" ID="" IMPL="fabric" LATENCY="0" OPTYPE="sub" PRAGMA="" RTLNAME="sub_ln84_4_fu_809_p2" SOURCE="image_diff_posterize.c:84" VARIABLE="sub_ln84_4" MODULE="Col_Loop_proc" LOOP="Col_Loop" BUNDLEDNAME="" DSP="0" BRAM="0" URAM="0"/>
	<BindNode BINDTYPE="op" DISPLAY="bind_op select" ID="" IMPL="auto_sel" LATENCY="0" OPTYPE="select" PRAGMA="" RTLNAME="diff_4_fu_815_p3" SOURCE="image_diff_posterize.c:84" VARIABLE="diff_4" MODULE="Col_Loop_proc" LOOP="Col_Loop" BUNDLEDNAME="" DSP="0" BRAM="0" URAM="0"/>
	<BindNode BINDTYPE="op" DISPLAY="bind_op icmp" ID="" IMPL="auto" LATENCY="0" OPTYPE="icmp" PRAGMA="" RTLNAME="icmp_ln86_4_fu_833_p2" SOURCE="image_diff_posterize.c:86" VARIABLE="icmp_ln86_4" MODULE="Col_Loop_proc" LOOP="Col_Loop" BUNDLEDNAME="" DSP="0" BRAM="0" URAM="0"/>
	<BindNode BINDTYPE="op" DISPLAY="bind_op icmp" ID="" IMPL="auto" LATENCY="0" OPTYPE="icmp" PRAGMA="" RTLNAME="icmp_ln87_4_fu_839_p2" SOURCE="image_diff_posterize.c:87" VARIABLE="icmp_ln87_4" MODULE="Col_Loop_proc" LOOP="Col_Loop" BUNDLEDNAME="" DSP="0" BRAM="0" URAM="0"/>
	<BindNode BINDTYPE="op" DISPLAY="bind_op select" ID="" IMPL="auto_sel" LATENCY="0" OPTYPE="select" PRAGMA="" RTLNAME="select_ln86_8_fu_845_p3" SOURCE="image_diff_posterize.c:86" VARIABLE="select_ln86_8" MODULE="Col_Loop_proc" LOOP="Col_Loop" BUNDLEDNAME="" DSP="0" BRAM="0" URAM="0"/>
	<BindNode BINDTYPE="op" DISPLAY="bind_op select" ID="" IMPL="auto_sel" LATENCY="0" OPTYPE="select" PRAGMA="" RTLNAME="image_diff_posterize_rowC_4_d0" SOURCE="image_diff_posterize.c:86" VARIABLE="select_ln86_9" MODULE="Col_Loop_proc" LOOP="Col_Loop" BUNDLEDNAME="" DSP="0" BRAM="0" URAM="0"/>
	<BindNode BINDTYPE="op" DISPLAY="bind_op sub" ID="" IMPL="fabric" LATENCY="0" OPTYPE="sub" PRAGMA="" RTLNAME="diff_temp_5_fu_870_p2" SOURCE="image_diff_posterize.c:81" VARIABLE="diff_temp_5" MODULE="Col_Loop_proc" LOOP="Col_Loop" BUNDLEDNAME="" DSP="0" BRAM="0" URAM="0"/>
	<BindNode BINDTYPE="op" DISPLAY="bind_op sub" ID="" IMPL="fabric" LATENCY="0" OPTYPE="sub" PRAGMA="" RTLNAME="sub_ln84_5_fu_888_p2" SOURCE="image_diff_posterize.c:84" VARIABLE="sub_ln84_5" MODULE="Col_Loop_proc" LOOP="Col_Loop" BUNDLEDNAME="" DSP="0" BRAM="0" URAM="0"/>
	<BindNode BINDTYPE="op" DISPLAY="bind_op select" ID="" IMPL="auto_sel" LATENCY="0" OPTYPE="select" PRAGMA="" RTLNAME="diff_5_fu_894_p3" SOURCE="image_diff_posterize.c:84" VARIABLE="diff_5" MODULE="Col_Loop_proc" LOOP="Col_Loop" BUNDLEDNAME="" DSP="0" BRAM="0" URAM="0"/>
	<BindNode BINDTYPE="op" DISPLAY="bind_op icmp" ID="" IMPL="auto" LATENCY="0" OPTYPE="icmp" PRAGMA="" RTLNAME="icmp_ln86_5_fu_912_p2" SOURCE="image_diff_posterize.c:86" VARIABLE="icmp_ln86_5" MODULE="Col_Loop_proc" LOOP="Col_Loop" BUNDLEDNAME="" DSP="0" BRAM="0" URAM="0"/>
	<BindNode BINDTYPE="op" DISPLAY="bind_op icmp" ID="" IMPL="auto" LATENCY="0" OPTYPE="icmp" PRAGMA="" RTLNAME="icmp_ln87_5_fu_918_p2" SOURCE="image_diff_posterize.c:87" VARIABLE="icmp_ln87_5" MODULE="Col_Loop_proc" LOOP="Col_Loop" BUNDLEDNAME="" DSP="0" BRAM="0" URAM="0"/>
	<BindNode BINDTYPE="op" DISPLAY="bind_op select" ID="" IMPL="auto_sel" LATENCY="0" OPTYPE="select" PRAGMA="" RTLNAME="select_ln86_10_fu_924_p3" SOURCE="image_diff_posterize.c:86" VARIABLE="select_ln86_10" MODULE="Col_Loop_proc" LOOP="Col_Loop" BUNDLEDNAME="" DSP="0" BRAM="0" URAM="0"/>
	<BindNode BINDTYPE="op" DISPLAY="bind_op select" ID="" IMPL="auto_sel" LATENCY="0" OPTYPE="select" PRAGMA="" RTLNAME="image_diff_posterize_rowC_5_d0" SOURCE="image_diff_posterize.c:86" VARIABLE="select_ln86_11" MODULE="Col_Loop_proc" LOOP="Col_Loop" BUNDLEDNAME="" DSP="0" BRAM="0" URAM="0"/>
	<BindNode BINDTYPE="op" DISPLAY="bind_op sub" ID="" IMPL="fabric" LATENCY="0" OPTYPE="sub" PRAGMA="" RTLNAME="diff_temp_6_fu_949_p2" SOURCE="image_diff_posterize.c:81" VARIABLE="diff_temp_6" MODULE="Col_Loop_proc" LOOP="Col_Loop" BUNDLEDNAME="" DSP="0" BRAM="0" URAM="0"/>
	<BindNode BINDTYPE="op" DISPLAY="bind_op sub" ID="" IMPL="fabric" LATENCY="0" OPTYPE="sub" PRAGMA="" RTLNAME="sub_ln84_6_fu_967_p2" SOURCE="image_diff_posterize.c:84" VARIABLE="sub_ln84_6" MODULE="Col_Loop_proc" LOOP="Col_Loop" BUNDLEDNAME="" DSP="0" BRAM="0" URAM="0"/>
	<BindNode BINDTYPE="op" DISPLAY="bind_op select" ID="" IMPL="auto_sel" LATENCY="0" OPTYPE="select" PRAGMA="" RTLNAME="diff_6_fu_973_p3" SOURCE="image_diff_posterize.c:84" VARIABLE="diff_6" MODULE="Col_Loop_proc" LOOP="Col_Loop" BUNDLEDNAME="" DSP="0" BRAM="0" URAM="0"/>
	<BindNode BINDTYPE="op" DISPLAY="bind_op icmp" ID="" IMPL="auto" LATENCY="0" OPTYPE="icmp" PRAGMA="" RTLNAME="icmp_ln86_6_fu_991_p2" SOURCE="image_diff_posterize.c:86" VARIABLE="icmp_ln86_6" MODULE="Col_Loop_proc" LOOP="Col_Loop" BUNDLEDNAME="" DSP="0" BRAM="0" URAM="0"/>
	<BindNode BINDTYPE="op" DISPLAY="bind_op icmp" ID="" IMPL="auto" LATENCY="0" OPTYPE="icmp" PRAGMA="" RTLNAME="icmp_ln87_6_fu_997_p2" SOURCE="image_diff_posterize.c:87" VARIABLE="icmp_ln87_6" MODULE="Col_Loop_proc" LOOP="Col_Loop" BUNDLEDNAME="" DSP="0" BRAM="0" URAM="0"/>
	<BindNode BINDTYPE="op" DISPLAY="bind_op select" ID="" IMPL="auto_sel" LATENCY="0" OPTYPE="select" PRAGMA="" RTLNAME="select_ln86_12_fu_1003_p3" SOURCE="image_diff_posterize.c:86" VARIABLE="select_ln86_12" MODULE="Col_Loop_proc" LOOP="Col_Loop" BUNDLEDNAME="" DSP="0" BRAM="0" URAM="0"/>
	<BindNode BINDTYPE="op" DISPLAY="bind_op select" ID="" IMPL="auto_sel" LATENCY="0" OPTYPE="select" PRAGMA="" RTLNAME="image_diff_posterize_rowC_6_d0" SOURCE="image_diff_posterize.c:86" VARIABLE="select_ln86_13" MODULE="Col_Loop_proc" LOOP="Col_Loop" BUNDLEDNAME="" DSP="0" BRAM="0" URAM="0"/>
	<BindNode BINDTYPE="op" DISPLAY="bind_op sub" ID="" IMPL="fabric" LATENCY="0" OPTYPE="sub" PRAGMA="" RTLNAME="diff_temp_7_fu_1028_p2" SOURCE="image_diff_posterize.c:81" VARIABLE="diff_temp_7" MODULE="Col_Loop_proc" LOOP="Col_Loop" BUNDLEDNAME="" DSP="0" BRAM="0" URAM="0"/>
	<BindNode BINDTYPE="op" DISPLAY="bind_op sub" ID="" IMPL="fabric" LATENCY="0" OPTYPE="sub" PRAGMA="" RTLNAME="sub_ln84_7_fu_1046_p2" SOURCE="image_diff_posterize.c:84" VARIABLE="sub_ln84_7" MODULE="Col_Loop_proc" LOOP="Col_Loop" BUNDLEDNAME="" DSP="0" BRAM="0" URAM="0"/>
	<BindNode BINDTYPE="op" DISPLAY="bind_op select" ID="" IMPL="auto_sel" LATENCY="0" OPTYPE="select" PRAGMA="" RTLNAME="diff_7_fu_1052_p3" SOURCE="image_diff_posterize.c:84" VARIABLE="diff_7" MODULE="Col_Loop_proc" LOOP="Col_Loop" BUNDLEDNAME="" DSP="0" BRAM="0" URAM="0"/>
	<BindNode BINDTYPE="op" DISPLAY="bind_op icmp" ID="" IMPL="auto" LATENCY="0" OPTYPE="icmp" PRAGMA="" RTLNAME="icmp_ln86_7_fu_1070_p2" SOURCE="image_diff_posterize.c:86" VARIABLE="icmp_ln86_7" MODULE="Col_Loop_proc" LOOP="Col_Loop" BUNDLEDNAME="" DSP="0" BRAM="0" URAM="0"/>
	<BindNode BINDTYPE="op" DISPLAY="bind_op icmp" ID="" IMPL="auto" LATENCY="0" OPTYPE="icmp" PRAGMA="" RTLNAME="icmp_ln87_7_fu_1076_p2" SOURCE="image_diff_posterize.c:87" VARIABLE="icmp_ln87_7" MODULE="Col_Loop_proc" LOOP="Col_Loop" BUNDLEDNAME="" DSP="0" BRAM="0" URAM="0"/>
	<BindNode BINDTYPE="op" DISPLAY="bind_op select" ID="" IMPL="auto_sel" LATENCY="0" OPTYPE="select" PRAGMA="" RTLNAME="select_ln86_14_fu_1082_p3" SOURCE="image_diff_posterize.c:86" VARIABLE="select_ln86_14" MODULE="Col_Loop_proc" LOOP="Col_Loop" BUNDLEDNAME="" DSP="0" BRAM="0" URAM="0"/>
	<BindNode BINDTYPE="op" DISPLAY="bind_op select" ID="" IMPL="auto_sel" LATENCY="0" OPTYPE="select" PRAGMA="" RTLNAME="image_diff_posterize_rowC_7_d0" SOURCE="image_diff_posterize.c:86" VARIABLE="select_ln86_15" MODULE="Col_Loop_proc" LOOP="Col_Loop" BUNDLEDNAME="" DSP="0" BRAM="0" URAM="0"/>
	<BindNode BINDTYPE="op" DISPLAY="bind_op add" ID="" IMPL="fabric" LATENCY="0" OPTYPE="add" PRAGMA="" RTLNAME="add_ln76_fu_456_p2" SOURCE="image_diff_posterize.c:76" VARIABLE="add_ln76" MODULE="Col_Loop_proc" LOOP="Col_Loop" BUNDLEDNAME="" DSP="0" BRAM="0" URAM="0"/>
	<BindNode BINDTYPE="op" DISPLAY="bind_op icmp" ID="" IMPL="auto" LATENCY="0" OPTYPE="icmp" PRAGMA="" RTLNAME="icmp_ln92_fu_206_p2" SOURCE="image_diff_posterize.c:92" VARIABLE="icmp_ln92" MODULE="Write_Loop_proc_Pipeline_Write_Loop" LOOP="Write_Loop" BUNDLEDNAME="" DSP="0" BRAM="0" URAM="0"/>
	<BindNode BINDTYPE="op" DISPLAY="bind_op add" ID="" IMPL="fabric" LATENCY="0" OPTYPE="add" PRAGMA="" RTLNAME="add_ln92_fu_212_p2" SOURCE="image_diff_posterize.c:92" VARIABLE="add_ln92" MODULE="Write_Loop_proc_Pipeline_Write_Loop" LOOP="Write_Loop" BUNDLEDNAME="" DSP="0" BRAM="0" URAM="0"/>
	<BindNode BINDTYPE="op" DISPLAY="bind_op mux" ID="" IMPL="auto" LATENCY="0" OPTYPE="mux" PRAGMA="" RTLNAME="mux_83_8_1_1_U68" SOURCE="image_diff_posterize.c:95" VARIABLE="tmp_i_i_i" MODULE="Write_Loop_proc_Pipeline_Write_Loop" LOOP="Write_Loop" BUNDLEDNAME="" DSP="0" BRAM="0" URAM="0"/>
	<BindNode BINDTYPE="op" DISPLAY="bind_op add" ID="" IMPL="fabric" LATENCY="0" OPTYPE="add" PRAGMA="" RTLNAME="add_ln41_fu_117_p2" SOURCE="image_diff_posterize.c:41" VARIABLE="add_ln41" MODULE="Write_Loop_proc" LOOP="" BUNDLEDNAME="" DSP="0" BRAM="0" URAM="0"/>
	<BindNode BINDTYPE="storage" DISPLAY="bind_storage fifo" ID="" IMPL="srl" LATENCY="0" OPTYPE="fifo" PRAGMA="" RTLNAME="C_c_U" SOURCE="" VARIABLE="C_c" MODULE="dataflow_in_loop_Row_Loop" LOOP="" BUNDLEDNAME="" DSP="0" BRAM="0" URAM="0"/>
	<BindNode BINDTYPE="op" DISPLAY="bind_op fifo" ID="" IMPL="srl" LATENCY="0" OPTYPE="fifo" PRAGMA="" RTLNAME="tmp_U" SOURCE="" VARIABLE="tmp" MODULE="dataflow_in_loop_Row_Loop" LOOP="" BUNDLEDNAME="" DSP="0" BRAM="0" URAM="0"/>
	<BindNode BINDTYPE="adapter" DISPLAY="bind_adapter axilite" ID="" IMPL="" LATENCY="" OPTYPE="" PRAGMA="yes" RTLNAME="control_s_axi_U" SOURCE="" VARIABLE="" MODULE="image_diff_posterize" LOOP="" BUNDLEDNAME="control" DSP="0" BRAM="0" URAM="0"/>
	<BindNode BINDTYPE="adapter" DISPLAY="bind_adapter axi_master" ID="" IMPL="" LATENCY="" OPTYPE="" PRAGMA="yes" RTLNAME="gmem0_m_axi_U" SOURCE="" VARIABLE="" MODULE="image_diff_posterize" LOOP="" BUNDLEDNAME="gmem0" DSP="0" BRAM="0" URAM="0"/>
	<BindNode BINDTYPE="adapter" DISPLAY="bind_adapter axi_master" ID="" IMPL="" LATENCY="" OPTYPE="" PRAGMA="yes" RTLNAME="gmem1_m_axi_U" SOURCE="" VARIABLE="" MODULE="image_diff_posterize" LOOP="" BUNDLEDNAME="gmem1" DSP="0" BRAM="0" URAM="0"/>
	<BindNode BINDTYPE="adapter" DISPLAY="bind_adapter axi_master" ID="" IMPL="" LATENCY="" OPTYPE="" PRAGMA="yes" RTLNAME="gmem2_m_axi_U" SOURCE="" VARIABLE="" MODULE="image_diff_posterize" LOOP="" BUNDLEDNAME="gmem2" DSP="0" BRAM="0" URAM="0"/>
</BindInfo>
