<stg><name>entry_proc</name>


<trans_list>
</trans_list>



<state_list>

<state id="1" st_id="1">

<operation id="2" st_id="1" stage="1" lat="1">
<core>NULL</core>
<MemPortIdVec></MemPortIdVec>
<condition id="-1">
<or_exp><and_exp></and_exp></or_exp>
</condition>

<Node id="3" bw="0" op_0_bw="0" op_1_bw="64" op_2_bw="0" op_3_bw="32" op_4_bw="32" op_5_bw="0" op_6_bw="32" op_7_bw="32" op_8_bw="0" op_9_bw="0" op_10_bw="0" op_11_bw="32" op_12_bw="32" op_13_bw="32" op_14_bw="32" op_15_bw="0" op_16_bw="0" op_17_bw="32" op_18_bw="32">
<![CDATA[
entry:0 %specinterface_ln0 = specinterface void @_ssdm_op_SpecInterface, i64 %C_c, void @ap_fifo_str, i32 0, i32 0, void @p_str, i32 0, i32 0, void @p_str, void @p_str, void @p_str, i32 2, i32 2, i32 16, i32 16, void @p_str, void @ScalarProp_str, i32 4294967295, i32 0

]]></Node>
<StgValue><ssdm name="specinterface_ln0"/></StgValue>
</operation>

<operation id="3" st_id="1" stage="1" lat="1">
<core>NULL</core>
<MemPortIdVec></MemPortIdVec>
<condition id="-1">
<or_exp><and_exp></and_exp></or_exp>
</condition>

<Node id="4" bw="64" op_0_bw="64" op_1_bw="64">
<![CDATA[
entry:1 %C_read = read i64 @_ssdm_op_Read.ap_auto.i64, i64 %C

]]></Node>
<StgValue><ssdm name="C_read"/></StgValue>
</operation>

<operation id="4" st_id="1" stage="1" lat="1">
<core>FIFO_SRL</core>
<MemPortIdVec></MemPortIdVec>
<condition id="-1">
<or_exp><and_exp></and_exp></or_exp>
</condition>

<Node id="5" bw="0" op_0_bw="0" op_1_bw="64" op_2_bw="64">
<![CDATA[
entry:2 %write_ln0 = write void @_ssdm_op_Write.ap_fifo.i64P0A, i64 %C_c, i64 %C_read

]]></Node>
<StgValue><ssdm name="write_ln0"/></StgValue>
</operation>

<operation id="5" st_id="1" stage="1" lat="1">
<core>NULL</core>
<MemPortIdVec></MemPortIdVec>
<condition id="-1">
<or_exp><and_exp></and_exp></or_exp>
</condition>

<Node id="6" bw="0">
<![CDATA[
entry:3 %ret_ln0 = ret

]]></Node>
<StgValue><ssdm name="ret_ln0"/></StgValue>
</operation>
</state>
</state_list>


<ports>
<port id="6" name="C" dir="0" iftype="0">
<core>NULL</core><StgValue><ssdm name="C"/></StgValue>
</port>
<port id="7" name="C_c" dir="1" iftype="3">
<core>FIFO_SRL</core><StgValue><ssdm name="C_c"/></StgValue>
</port>
</ports>


<dataflows>
<dataflow id="9" from="_ssdm_op_SpecInterface" to="specinterface_ln0" fromId="8" toId="2">
</dataflow>
<dataflow id="10" from="C_c" to="specinterface_ln0" fromId="7" toId="2">
</dataflow>
<dataflow id="12" from="ap_fifo_str" to="specinterface_ln0" fromId="11" toId="2">
</dataflow>
<dataflow id="14" from="StgValue_13" to="specinterface_ln0" fromId="13" toId="2">
</dataflow>
<dataflow id="15" from="StgValue_13" to="specinterface_ln0" fromId="13" toId="2">
</dataflow>
<dataflow id="17" from="p_str" to="specinterface_ln0" fromId="16" toId="2">
</dataflow>
<dataflow id="18" from="StgValue_13" to="specinterface_ln0" fromId="13" toId="2">
</dataflow>
<dataflow id="19" from="StgValue_13" to="specinterface_ln0" fromId="13" toId="2">
</dataflow>
<dataflow id="20" from="p_str" to="specinterface_ln0" fromId="16" toId="2">
</dataflow>
<dataflow id="21" from="p_str" to="specinterface_ln0" fromId="16" toId="2">
</dataflow>
<dataflow id="22" from="p_str" to="specinterface_ln0" fromId="16" toId="2">
</dataflow>
<dataflow id="24" from="StgValue_23" to="specinterface_ln0" fromId="23" toId="2">
</dataflow>
<dataflow id="25" from="StgValue_23" to="specinterface_ln0" fromId="23" toId="2">
</dataflow>
<dataflow id="27" from="StgValue_26" to="specinterface_ln0" fromId="26" toId="2">
</dataflow>
<dataflow id="28" from="StgValue_26" to="specinterface_ln0" fromId="26" toId="2">
</dataflow>
<dataflow id="29" from="p_str" to="specinterface_ln0" fromId="16" toId="2">
</dataflow>
<dataflow id="31" from="ScalarProp_str" to="specinterface_ln0" fromId="30" toId="2">
</dataflow>
<dataflow id="33" from="StgValue_32" to="specinterface_ln0" fromId="32" toId="2">
</dataflow>
<dataflow id="34" from="StgValue_13" to="specinterface_ln0" fromId="13" toId="2">
</dataflow>
<dataflow id="36" from="_ssdm_op_Read.ap_auto.i64" to="C_read" fromId="35" toId="3">
</dataflow>
<dataflow id="37" from="C" to="C_read" fromId="6" toId="3">
</dataflow>
<dataflow id="39" from="_ssdm_op_Write.ap_fifo.i64P0A" to="write_ln0" fromId="38" toId="4">
</dataflow>
<dataflow id="40" from="C_c" to="write_ln0" fromId="7" toId="4">
</dataflow>
<dataflow id="41" from="C_read" to="write_ln0" fromId="3" toId="4">
</dataflow>
</dataflows>


</stg>
