<stg><name>image_diff_posterize</name>


<trans_list>

<trans id="33" from="1" to="2">
<condition id="-1">
<or_exp><and_exp></and_exp></or_exp>
</condition>
</trans>

<trans id="34" from="2" to="3">
<condition id="-1">
<or_exp><and_exp><literal name="icmp_ln41" val="0"/>
</and_exp></or_exp>
</condition>
</trans>

<trans id="36" from="3" to="2">
<condition id="-1">
<or_exp><and_exp><literal name="icmp_ln41" val="0"/>
</and_exp></or_exp>
</condition>
</trans>
</trans_list>



<state_list>

<state id="1" st_id="1">

<operation id="4" st_id="1" stage="1" lat="1">
<core>NULL</core>
<MemPortIdVec></MemPortIdVec>
<condition id="-1">
<or_exp><and_exp></and_exp></or_exp>
</condition>

<Node id="31" bw="0" op_0_bw="0" op_1_bw="0">
<![CDATA[
entry:0 %spectopmodule_ln14 = spectopmodule void @_ssdm_op_SpecTopModule, void @empty_12

]]></Node>
<StgValue><ssdm name="spectopmodule_ln14"/></StgValue>
</operation>

<operation id="5" st_id="1" stage="1" lat="1">
<core>NULL</core>
<MemPortIdVec></MemPortIdVec>
<condition id="-1">
<or_exp><and_exp></and_exp></or_exp>
</condition>

<Node id="32" bw="0" op_0_bw="0" op_1_bw="8" op_2_bw="0" op_3_bw="32" op_4_bw="32" op_5_bw="0" op_6_bw="32" op_7_bw="32" op_8_bw="0" op_9_bw="0" op_10_bw="0" op_11_bw="32" op_12_bw="32" op_13_bw="32" op_14_bw="32" op_15_bw="0" op_16_bw="0" op_17_bw="32" op_18_bw="32">
<![CDATA[
entry:1 %specinterface_ln0 = specinterface void @_ssdm_op_SpecInterface, i8 %gmem0, void @empty, i32 0, i32 0, void @empty_0, i32 0, i32 0, void @empty_3, void @empty_1, void @empty_0, i32 16, i32 16, i32 16, i32 16, void @empty_0, void @empty_0, i32 4294967295, i32 0

]]></Node>
<StgValue><ssdm name="specinterface_ln0"/></StgValue>
</operation>

<operation id="6" st_id="1" stage="1" lat="1">
<core>NULL</core>
<MemPortIdVec></MemPortIdVec>
<condition id="-1">
<or_exp><and_exp></and_exp></or_exp>
</condition>

<Node id="33" bw="0" op_0_bw="0" op_1_bw="8">
<![CDATA[
entry:2 %specbitsmap_ln0 = specbitsmap void @_ssdm_op_SpecBitsMap, i8 %gmem0

]]></Node>
<StgValue><ssdm name="specbitsmap_ln0"/></StgValue>
</operation>

<operation id="7" st_id="1" stage="1" lat="1">
<core>NULL</core>
<MemPortIdVec></MemPortIdVec>
<condition id="-1">
<or_exp><and_exp></and_exp></or_exp>
</condition>

<Node id="34" bw="0" op_0_bw="0" op_1_bw="8" op_2_bw="0" op_3_bw="32" op_4_bw="32" op_5_bw="0" op_6_bw="32" op_7_bw="32" op_8_bw="0" op_9_bw="0" op_10_bw="0" op_11_bw="32" op_12_bw="32" op_13_bw="32" op_14_bw="32" op_15_bw="0" op_16_bw="0" op_17_bw="32" op_18_bw="32">
<![CDATA[
entry:3 %specinterface_ln0 = specinterface void @_ssdm_op_SpecInterface, i8 %gmem1, void @empty, i32 0, i32 0, void @empty_0, i32 0, i32 0, void @empty_14, void @empty_1, void @empty_0, i32 16, i32 16, i32 16, i32 16, void @empty_0, void @empty_0, i32 4294967295, i32 0

]]></Node>
<StgValue><ssdm name="specinterface_ln0"/></StgValue>
</operation>

<operation id="8" st_id="1" stage="1" lat="1">
<core>NULL</core>
<MemPortIdVec></MemPortIdVec>
<condition id="-1">
<or_exp><and_exp></and_exp></or_exp>
</condition>

<Node id="35" bw="0" op_0_bw="0" op_1_bw="8">
<![CDATA[
entry:4 %specbitsmap_ln0 = specbitsmap void @_ssdm_op_SpecBitsMap, i8 %gmem1

]]></Node>
<StgValue><ssdm name="specbitsmap_ln0"/></StgValue>
</operation>

<operation id="9" st_id="1" stage="1" lat="1">
<core>NULL</core>
<MemPortIdVec></MemPortIdVec>
<condition id="-1">
<or_exp><and_exp></and_exp></or_exp>
</condition>

<Node id="36" bw="0" op_0_bw="0" op_1_bw="8" op_2_bw="0" op_3_bw="32" op_4_bw="32" op_5_bw="0" op_6_bw="32" op_7_bw="32" op_8_bw="0" op_9_bw="0" op_10_bw="0" op_11_bw="32" op_12_bw="32" op_13_bw="32" op_14_bw="32" op_15_bw="0" op_16_bw="0" op_17_bw="32" op_18_bw="32">
<![CDATA[
entry:5 %specinterface_ln0 = specinterface void @_ssdm_op_SpecInterface, i8 %gmem2, void @empty, i32 0, i32 0, void @empty_0, i32 0, i32 0, void @empty_4, void @empty_1, void @empty_0, i32 16, i32 16, i32 16, i32 16, void @empty_0, void @empty_0, i32 4294967295, i32 0

]]></Node>
<StgValue><ssdm name="specinterface_ln0"/></StgValue>
</operation>

<operation id="10" st_id="1" stage="1" lat="1">
<core>NULL</core>
<MemPortIdVec></MemPortIdVec>
<condition id="-1">
<or_exp><and_exp></and_exp></or_exp>
</condition>

<Node id="37" bw="0" op_0_bw="0" op_1_bw="8">
<![CDATA[
entry:6 %specbitsmap_ln0 = specbitsmap void @_ssdm_op_SpecBitsMap, i8 %gmem2

]]></Node>
<StgValue><ssdm name="specbitsmap_ln0"/></StgValue>
</operation>

<operation id="11" st_id="1" stage="1" lat="1">
<core>NULL</core>
<MemPortIdVec></MemPortIdVec>
<condition id="-1">
<or_exp><and_exp></and_exp></or_exp>
</condition>

<Node id="38" bw="0" op_0_bw="0" op_1_bw="64" op_2_bw="0" op_3_bw="32" op_4_bw="32" op_5_bw="0" op_6_bw="32" op_7_bw="32" op_8_bw="0" op_9_bw="0" op_10_bw="0" op_11_bw="32" op_12_bw="32" op_13_bw="32" op_14_bw="32" op_15_bw="0" op_16_bw="0" op_17_bw="32" op_18_bw="32">
<![CDATA[
entry:7 %specinterface_ln0 = specinterface void @_ssdm_op_SpecInterface, i64 %A, void @empty_5, i32 0, i32 0, void @empty_0, i32 0, i32 0, void @empty_6, void @empty_7, void @empty_0, i32 0, i32 0, i32 0, i32 0, void @empty_0, void @empty_8, i32 4294967295, i32 0

]]></Node>
<StgValue><ssdm name="specinterface_ln0"/></StgValue>
</operation>

<operation id="12" st_id="1" stage="1" lat="1">
<core>NULL</core>
<MemPortIdVec></MemPortIdVec>
<condition id="-1">
<or_exp><and_exp></and_exp></or_exp>
</condition>

<Node id="39" bw="0" op_0_bw="0" op_1_bw="64" op_2_bw="0" op_3_bw="32" op_4_bw="32" op_5_bw="0" op_6_bw="32" op_7_bw="32" op_8_bw="0" op_9_bw="0" op_10_bw="0" op_11_bw="32" op_12_bw="32" op_13_bw="32" op_14_bw="32" op_15_bw="0" op_16_bw="0" op_17_bw="32" op_18_bw="32">
<![CDATA[
entry:8 %specinterface_ln0 = specinterface void @_ssdm_op_SpecInterface, i64 %A, void @empty_9, i32 0, i32 0, void @empty_0, i32 0, i32 0, void @empty_0, void @empty_0, void @empty_0, i32 0, i32 0, i32 0, i32 0, void @empty_0, void @empty_8, i32 4294967295, i32 0

]]></Node>
<StgValue><ssdm name="specinterface_ln0"/></StgValue>
</operation>

<operation id="13" st_id="1" stage="1" lat="1">
<core>NULL</core>
<MemPortIdVec></MemPortIdVec>
<condition id="-1">
<or_exp><and_exp></and_exp></or_exp>
</condition>

<Node id="40" bw="0" op_0_bw="0" op_1_bw="64" op_2_bw="0" op_3_bw="32" op_4_bw="32" op_5_bw="0" op_6_bw="32" op_7_bw="32" op_8_bw="0" op_9_bw="0" op_10_bw="0" op_11_bw="32" op_12_bw="32" op_13_bw="32" op_14_bw="32" op_15_bw="0" op_16_bw="0" op_17_bw="32" op_18_bw="32">
<![CDATA[
entry:9 %specinterface_ln0 = specinterface void @_ssdm_op_SpecInterface, i64 %B, void @empty_5, i32 0, i32 0, void @empty_0, i32 0, i32 0, void @empty_6, void @empty_10, void @empty_0, i32 0, i32 0, i32 0, i32 0, void @empty_0, void @empty_8, i32 4294967295, i32 0

]]></Node>
<StgValue><ssdm name="specinterface_ln0"/></StgValue>
</operation>

<operation id="14" st_id="1" stage="1" lat="1">
<core>NULL</core>
<MemPortIdVec></MemPortIdVec>
<condition id="-1">
<or_exp><and_exp></and_exp></or_exp>
</condition>

<Node id="41" bw="0" op_0_bw="0" op_1_bw="64" op_2_bw="0" op_3_bw="32" op_4_bw="32" op_5_bw="0" op_6_bw="32" op_7_bw="32" op_8_bw="0" op_9_bw="0" op_10_bw="0" op_11_bw="32" op_12_bw="32" op_13_bw="32" op_14_bw="32" op_15_bw="0" op_16_bw="0" op_17_bw="32" op_18_bw="32">
<![CDATA[
entry:10 %specinterface_ln0 = specinterface void @_ssdm_op_SpecInterface, i64 %B, void @empty_9, i32 0, i32 0, void @empty_0, i32 0, i32 0, void @empty_0, void @empty_0, void @empty_0, i32 0, i32 0, i32 0, i32 0, void @empty_0, void @empty_8, i32 4294967295, i32 0

]]></Node>
<StgValue><ssdm name="specinterface_ln0"/></StgValue>
</operation>

<operation id="15" st_id="1" stage="1" lat="1">
<core>NULL</core>
<MemPortIdVec></MemPortIdVec>
<condition id="-1">
<or_exp><and_exp></and_exp></or_exp>
</condition>

<Node id="42" bw="0" op_0_bw="0" op_1_bw="64" op_2_bw="0" op_3_bw="32" op_4_bw="32" op_5_bw="0" op_6_bw="32" op_7_bw="32" op_8_bw="0" op_9_bw="0" op_10_bw="0" op_11_bw="32" op_12_bw="32" op_13_bw="32" op_14_bw="32" op_15_bw="0" op_16_bw="0" op_17_bw="32" op_18_bw="32">
<![CDATA[
entry:11 %specinterface_ln0 = specinterface void @_ssdm_op_SpecInterface, i64 %C, void @empty_5, i32 0, i32 0, void @empty_0, i32 0, i32 0, void @empty_6, void @empty_11, void @empty_0, i32 0, i32 0, i32 0, i32 0, void @empty_0, void @empty_8, i32 4294967295, i32 0

]]></Node>
<StgValue><ssdm name="specinterface_ln0"/></StgValue>
</operation>

<operation id="16" st_id="1" stage="1" lat="1">
<core>NULL</core>
<MemPortIdVec></MemPortIdVec>
<condition id="-1">
<or_exp><and_exp></and_exp></or_exp>
</condition>

<Node id="43" bw="0" op_0_bw="0" op_1_bw="64" op_2_bw="0" op_3_bw="32" op_4_bw="32" op_5_bw="0" op_6_bw="32" op_7_bw="32" op_8_bw="0" op_9_bw="0" op_10_bw="0" op_11_bw="32" op_12_bw="32" op_13_bw="32" op_14_bw="32" op_15_bw="0" op_16_bw="0" op_17_bw="32" op_18_bw="32">
<![CDATA[
entry:12 %specinterface_ln0 = specinterface void @_ssdm_op_SpecInterface, i64 %C, void @empty_9, i32 0, i32 0, void @empty_0, i32 0, i32 0, void @empty_0, void @empty_0, void @empty_0, i32 0, i32 0, i32 0, i32 0, void @empty_0, void @empty_8, i32 4294967295, i32 0

]]></Node>
<StgValue><ssdm name="specinterface_ln0"/></StgValue>
</operation>

<operation id="17" st_id="1" stage="1" lat="1">
<core>NULL</core>
<MemPortIdVec></MemPortIdVec>
<condition id="-1">
<or_exp><and_exp></and_exp></or_exp>
</condition>

<Node id="44" bw="0" op_0_bw="0" op_1_bw="32" op_2_bw="0" op_3_bw="32" op_4_bw="32" op_5_bw="0" op_6_bw="32" op_7_bw="32" op_8_bw="0" op_9_bw="0" op_10_bw="0" op_11_bw="32" op_12_bw="32" op_13_bw="32" op_14_bw="32" op_15_bw="0" op_16_bw="0" op_17_bw="32" op_18_bw="32">
<![CDATA[
entry:13 %specinterface_ln0 = specinterface void @_ssdm_op_SpecInterface, i32 0, void @empty_5, i32 0, i32 0, void @empty_0, i32 0, i32 0, void @empty_6, void @empty_0, void @empty_0, i32 0, i32 0, i32 0, i32 0, void @empty_0, void @empty_0, i32 4294967295, i32 0

]]></Node>
<StgValue><ssdm name="specinterface_ln0"/></StgValue>
</operation>

<operation id="18" st_id="1" stage="1" lat="1">
<core>s_axilite</core>
<MemPortIdVec></MemPortIdVec>
<condition id="-1">
<or_exp><and_exp></and_exp></or_exp>
</condition>

<Node id="45" bw="64" op_0_bw="64" op_1_bw="64">
<![CDATA[
entry:14 %C_read = read i64 @_ssdm_op_Read.s_axilite.i64, i64 %C

]]></Node>
<StgValue><ssdm name="C_read"/></StgValue>
</operation>

<operation id="19" st_id="1" stage="1" lat="1">
<core>s_axilite</core>
<MemPortIdVec></MemPortIdVec>
<condition id="-1">
<or_exp><and_exp></and_exp></or_exp>
</condition>

<Node id="46" bw="64" op_0_bw="64" op_1_bw="64">
<![CDATA[
entry:15 %B_read = read i64 @_ssdm_op_Read.s_axilite.i64, i64 %B

]]></Node>
<StgValue><ssdm name="B_read"/></StgValue>
</operation>

<operation id="20" st_id="1" stage="1" lat="1">
<core>s_axilite</core>
<MemPortIdVec></MemPortIdVec>
<condition id="-1">
<or_exp><and_exp></and_exp></or_exp>
</condition>

<Node id="47" bw="64" op_0_bw="64" op_1_bw="64">
<![CDATA[
entry:16 %A_read = read i64 @_ssdm_op_Read.s_axilite.i64, i64 %A

]]></Node>
<StgValue><ssdm name="A_read"/></StgValue>
</operation>

<operation id="21" st_id="1" stage="1" lat="1">
<core>NULL</core>
<MemPortIdVec></MemPortIdVec>
<condition id="-1">
<or_exp><and_exp></and_exp></or_exp>
</condition>

<Node id="48" bw="0" op_0_bw="0">
<![CDATA[
entry:17 %br_ln0 = br void %for.cond.i.i

]]></Node>
<StgValue><ssdm name="br_ln0"/></StgValue>
</operation>
</state>

<state id="2" st_id="2">

<operation id="22" st_id="2" stage="1" lat="1">
<core>NULL</core>
<MemPortIdVec></MemPortIdVec>
<condition id="-1">
<or_exp><and_exp></and_exp></or_exp>
</condition>

<Node id="50" bw="9" op_0_bw="9" op_1_bw="0" op_2_bw="9" op_3_bw="0">
<![CDATA[
for.cond.i.i:0 %i = phi i9 %add_ln41, void %Read_Loop.i.i, i9 0, void %entry

]]></Node>
<StgValue><ssdm name="i"/></StgValue>
</operation>

<operation id="23" st_id="2" stage="1" lat="1">
<core>Cmp</core>
<MemPortIdVec></MemPortIdVec>
<condition id="-1">
<or_exp><and_exp></and_exp></or_exp>
</condition>

<Node id="51" bw="1" op_0_bw="9" op_1_bw="9">
<![CDATA[
for.cond.i.i:1 %icmp_ln41 = icmp_eq  i9 %i, i9 256

]]></Node>
<StgValue><ssdm name="icmp_ln41"/></StgValue>
</operation>

<operation id="24" st_id="2" stage="1" lat="1">
<core>NULL</core>
<MemPortIdVec></MemPortIdVec>
<condition id="-1">
<or_exp><and_exp></and_exp></or_exp>
</condition>

<Node id="52" bw="0" op_0_bw="0" op_1_bw="32" op_2_bw="32" op_3_bw="0" op_4_bw="9" op_5_bw="9" op_6_bw="32">
<![CDATA[
for.cond.i.i:2 %specdataflowpipeline_ln41 = specdataflowpipeline void @_ssdm_op_SpecDataflowPipeline, i32 4294967295, i32 0, void @dataflow_parent_loop_str, i9 %i, i9 256, i32 0

]]></Node>
<StgValue><ssdm name="specdataflowpipeline_ln41"/></StgValue>
</operation>

<operation id="25" st_id="2" stage="1" lat="1">
<core>Adder</core>
<MemPortIdVec></MemPortIdVec>
<condition id="-1">
<or_exp><and_exp></and_exp></or_exp>
</condition>

<Node id="53" bw="9" op_0_bw="9" op_1_bw="9">
<![CDATA[
for.cond.i.i:3 %add_ln41 = add i9 %i, i9 1

]]></Node>
<StgValue><ssdm name="add_ln41"/></StgValue>
</operation>

<operation id="26" st_id="2" stage="1" lat="1">
<core>NULL</core>
<MemPortIdVec></MemPortIdVec>
<condition id="-1">
<or_exp><and_exp></and_exp></or_exp>
</condition>

<Node id="54" bw="0" op_0_bw="1" op_1_bw="0" op_2_bw="0">
<![CDATA[
for.cond.i.i:4 %br_ln41 = br i1 %icmp_ln41, void %Read_Loop.i.i, void %image_diff_posterize_for.cond.i.exit

]]></Node>
<StgValue><ssdm name="br_ln41"/></StgValue>
</operation>

<operation id="27" st_id="2" stage="2" lat="2">
<core></core>
<MemPortIdVec></MemPortIdVec>
<condition id="-1">
<or_exp><and_exp><literal name="icmp_ln41" val="0"/>
</and_exp></or_exp>
</condition>

<Node id="58" bw="0" op_0_bw="0" op_1_bw="8" op_2_bw="9" op_3_bw="64" op_4_bw="8" op_5_bw="64" op_6_bw="8" op_7_bw="64" op_8_bw="8" op_9_bw="8" op_10_bw="8" op_11_bw="8" op_12_bw="8" op_13_bw="8" op_14_bw="8" op_15_bw="8" op_16_bw="8" op_17_bw="8" op_18_bw="8" op_19_bw="8" op_20_bw="8" op_21_bw="8" op_22_bw="8" op_23_bw="8" op_24_bw="8" op_25_bw="8" op_26_bw="8" op_27_bw="8" op_28_bw="8" op_29_bw="8" op_30_bw="8" op_31_bw="8">
<![CDATA[
Read_Loop.i.i:2 %call_ln41 = call void @dataflow_in_loop_Row_Loop, i8 %gmem0, i9 %i, i64 %A_read, i8 %gmem1, i64 %B_read, i8 %gmem2, i64 %C_read, i8 %image_diff_posterize_rowA_0, i8 %image_diff_posterize_rowB_0, i8 %image_diff_posterize_rowA_1, i8 %image_diff_posterize_rowB_1, i8 %image_diff_posterize_rowA_2, i8 %image_diff_posterize_rowB_2, i8 %image_diff_posterize_rowA_3, i8 %image_diff_posterize_rowB_3, i8 %image_diff_posterize_rowA_4, i8 %image_diff_posterize_rowB_4, i8 %image_diff_posterize_rowA_5, i8 %image_diff_posterize_rowB_5, i8 %image_diff_posterize_rowA_6, i8 %image_diff_posterize_rowB_6, i8 %image_diff_posterize_rowA_7, i8 %image_diff_posterize_rowB_7, i8 %image_diff_posterize_rowC_0, i8 %image_diff_posterize_rowC_1, i8 %image_diff_posterize_rowC_2, i8 %image_diff_posterize_rowC_3, i8 %image_diff_posterize_rowC_4, i8 %image_diff_posterize_rowC_5, i8 %image_diff_posterize_rowC_6, i8 %image_diff_posterize_rowC_7

]]></Node>
<StgValue><ssdm name="call_ln41"/></StgValue>
</operation>

<operation id="28" st_id="2" stage="1" lat="1">
<core>NULL</core>
<MemPortIdVec></MemPortIdVec>
<condition id="-1">
<or_exp><and_exp><literal name="icmp_ln41" val="1"/>
</and_exp></or_exp>
</condition>

<Node id="61" bw="0">
<![CDATA[
image_diff_posterize_for.cond.i.exit:0 %ret_ln98 = ret

]]></Node>
<StgValue><ssdm name="ret_ln98"/></StgValue>
</operation>
</state>

<state id="3" st_id="3">

<operation id="29" st_id="3" stage="1" lat="1">
<core>NULL</core>
<MemPortIdVec></MemPortIdVec>
<condition id="-1">
<or_exp><and_exp><literal name="icmp_ln41" val="0"/>
</and_exp></or_exp>
</condition>

<Node id="56" bw="0" op_0_bw="0" op_1_bw="64" op_2_bw="64" op_3_bw="64">
<![CDATA[
Read_Loop.i.i:0 %speclooptripcount_ln42 = speclooptripcount void @_ssdm_op_SpecLoopTripCount, i64 256, i64 256, i64 256

]]></Node>
<StgValue><ssdm name="speclooptripcount_ln42"/></StgValue>
</operation>

<operation id="30" st_id="3" stage="1" lat="1">
<core>NULL</core>
<MemPortIdVec></MemPortIdVec>
<condition id="-1">
<or_exp><and_exp><literal name="icmp_ln41" val="0"/>
</and_exp></or_exp>
</condition>

<Node id="57" bw="0" op_0_bw="0" op_1_bw="0">
<![CDATA[
Read_Loop.i.i:1 %specloopname_ln40 = specloopname void @_ssdm_op_SpecLoopName, void @empty_2

]]></Node>
<StgValue><ssdm name="specloopname_ln40"/></StgValue>
</operation>

<operation id="31" st_id="3" stage="1" lat="2">
<core></core>
<MemPortIdVec></MemPortIdVec>
<condition id="-1">
<or_exp><and_exp><literal name="icmp_ln41" val="0"/>
</and_exp></or_exp>
</condition>

<Node id="58" bw="0" op_0_bw="0" op_1_bw="8" op_2_bw="9" op_3_bw="64" op_4_bw="8" op_5_bw="64" op_6_bw="8" op_7_bw="64" op_8_bw="8" op_9_bw="8" op_10_bw="8" op_11_bw="8" op_12_bw="8" op_13_bw="8" op_14_bw="8" op_15_bw="8" op_16_bw="8" op_17_bw="8" op_18_bw="8" op_19_bw="8" op_20_bw="8" op_21_bw="8" op_22_bw="8" op_23_bw="8" op_24_bw="8" op_25_bw="8" op_26_bw="8" op_27_bw="8" op_28_bw="8" op_29_bw="8" op_30_bw="8" op_31_bw="8">
<![CDATA[
Read_Loop.i.i:2 %call_ln41 = call void @dataflow_in_loop_Row_Loop, i8 %gmem0, i9 %i, i64 %A_read, i8 %gmem1, i64 %B_read, i8 %gmem2, i64 %C_read, i8 %image_diff_posterize_rowA_0, i8 %image_diff_posterize_rowB_0, i8 %image_diff_posterize_rowA_1, i8 %image_diff_posterize_rowB_1, i8 %image_diff_posterize_rowA_2, i8 %image_diff_posterize_rowB_2, i8 %image_diff_posterize_rowA_3, i8 %image_diff_posterize_rowB_3, i8 %image_diff_posterize_rowA_4, i8 %image_diff_posterize_rowB_4, i8 %image_diff_posterize_rowA_5, i8 %image_diff_posterize_rowB_5, i8 %image_diff_posterize_rowA_6, i8 %image_diff_posterize_rowB_6, i8 %image_diff_posterize_rowA_7, i8 %image_diff_posterize_rowB_7, i8 %image_diff_posterize_rowC_0, i8 %image_diff_posterize_rowC_1, i8 %image_diff_posterize_rowC_2, i8 %image_diff_posterize_rowC_3, i8 %image_diff_posterize_rowC_4, i8 %image_diff_posterize_rowC_5, i8 %image_diff_posterize_rowC_6, i8 %image_diff_posterize_rowC_7

]]></Node>
<StgValue><ssdm name="call_ln41"/></StgValue>
</operation>

<operation id="32" st_id="3" stage="1" lat="1">
<core>NULL</core>
<MemPortIdVec></MemPortIdVec>
<condition id="-1">
<or_exp><and_exp><literal name="icmp_ln41" val="0"/>
</and_exp></or_exp>
</condition>

<Node id="59" bw="0" op_0_bw="0">
<![CDATA[
Read_Loop.i.i:3 %br_ln41 = br void %for.cond.i.i

]]></Node>
<StgValue><ssdm name="br_ln41"/></StgValue>
</operation>
</state>
</state_list>


<ports>
<port id="38" name="gmem0" dir="0" iftype="4">
<core>NULL</core><StgValue><ssdm name="gmem0"/></StgValue>
</port>
<port id="39" name="gmem1" dir="0" iftype="4">
<core>NULL</core><StgValue><ssdm name="gmem1"/></StgValue>
</port>
<port id="40" name="gmem2" dir="1" iftype="4">
<core>NULL</core><StgValue><ssdm name="gmem2"/></StgValue>
</port>
<port id="41" name="A" dir="0" iftype="0">
<core>NULL</core><StgValue><ssdm name="A"/></StgValue>
</port>
<port id="42" name="B" dir="0" iftype="0">
<core>NULL</core><StgValue><ssdm name="B"/></StgValue>
</port>
<port id="43" name="C" dir="0" iftype="0">
<core>NULL</core><StgValue><ssdm name="C"/></StgValue>
</port>
<port id="44" name="image_diff_posterize_rowA_0" dir="2" iftype="1">
<core>RAM</core><StgValue><ssdm name="image_diff_posterize_rowA_0"/><MemPortTyVec>2 3 </MemPortTyVec>
</StgValue>
</port>
<port id="45" name="image_diff_posterize_rowB_0" dir="2" iftype="1">
<core>RAM</core><StgValue><ssdm name="image_diff_posterize_rowB_0"/><MemPortTyVec>2 3 </MemPortTyVec>
</StgValue>
</port>
<port id="46" name="image_diff_posterize_rowA_1" dir="2" iftype="1">
<core>RAM</core><StgValue><ssdm name="image_diff_posterize_rowA_1"/><MemPortTyVec>2 3 </MemPortTyVec>
</StgValue>
</port>
<port id="47" name="image_diff_posterize_rowB_1" dir="2" iftype="1">
<core>RAM</core><StgValue><ssdm name="image_diff_posterize_rowB_1"/><MemPortTyVec>2 3 </MemPortTyVec>
</StgValue>
</port>
<port id="48" name="image_diff_posterize_rowA_2" dir="2" iftype="1">
<core>RAM</core><StgValue><ssdm name="image_diff_posterize_rowA_2"/><MemPortTyVec>2 3 </MemPortTyVec>
</StgValue>
</port>
<port id="49" name="image_diff_posterize_rowB_2" dir="2" iftype="1">
<core>RAM</core><StgValue><ssdm name="image_diff_posterize_rowB_2"/><MemPortTyVec>2 3 </MemPortTyVec>
</StgValue>
</port>
<port id="50" name="image_diff_posterize_rowA_3" dir="2" iftype="1">
<core>RAM</core><StgValue><ssdm name="image_diff_posterize_rowA_3"/><MemPortTyVec>2 3 </MemPortTyVec>
</StgValue>
</port>
<port id="51" name="image_diff_posterize_rowB_3" dir="2" iftype="1">
<core>RAM</core><StgValue><ssdm name="image_diff_posterize_rowB_3"/><MemPortTyVec>2 3 </MemPortTyVec>
</StgValue>
</port>
<port id="52" name="image_diff_posterize_rowA_4" dir="2" iftype="1">
<core>RAM</core><StgValue><ssdm name="image_diff_posterize_rowA_4"/><MemPortTyVec>2 3 </MemPortTyVec>
</StgValue>
</port>
<port id="53" name="image_diff_posterize_rowB_4" dir="2" iftype="1">
<core>RAM</core><StgValue><ssdm name="image_diff_posterize_rowB_4"/><MemPortTyVec>2 3 </MemPortTyVec>
</StgValue>
</port>
<port id="54" name="image_diff_posterize_rowA_5" dir="2" iftype="1">
<core>RAM</core><StgValue><ssdm name="image_diff_posterize_rowA_5"/><MemPortTyVec>2 3 </MemPortTyVec>
</StgValue>
</port>
<port id="55" name="image_diff_posterize_rowB_5" dir="2" iftype="1">
<core>RAM</core><StgValue><ssdm name="image_diff_posterize_rowB_5"/><MemPortTyVec>2 3 </MemPortTyVec>
</StgValue>
</port>
<port id="56" name="image_diff_posterize_rowA_6" dir="2" iftype="1">
<core>RAM</core><StgValue><ssdm name="image_diff_posterize_rowA_6"/><MemPortTyVec>2 3 </MemPortTyVec>
</StgValue>
</port>
<port id="57" name="image_diff_posterize_rowB_6" dir="2" iftype="1">
<core>RAM</core><StgValue><ssdm name="image_diff_posterize_rowB_6"/><MemPortTyVec>2 3 </MemPortTyVec>
</StgValue>
</port>
<port id="58" name="image_diff_posterize_rowA_7" dir="2" iftype="1">
<core>RAM</core><StgValue><ssdm name="image_diff_posterize_rowA_7"/><MemPortTyVec>2 3 </MemPortTyVec>
</StgValue>
</port>
<port id="59" name="image_diff_posterize_rowB_7" dir="2" iftype="1">
<core>RAM</core><StgValue><ssdm name="image_diff_posterize_rowB_7"/><MemPortTyVec>2 3 </MemPortTyVec>
</StgValue>
</port>
<port id="60" name="image_diff_posterize_rowC_0" dir="2" iftype="1">
<core>RAM</core><StgValue><ssdm name="image_diff_posterize_rowC_0"/><MemPortTyVec>2 3 </MemPortTyVec>
</StgValue>
</port>
<port id="61" name="image_diff_posterize_rowC_1" dir="2" iftype="1">
<core>RAM</core><StgValue><ssdm name="image_diff_posterize_rowC_1"/><MemPortTyVec>2 3 </MemPortTyVec>
</StgValue>
</port>
<port id="62" name="image_diff_posterize_rowC_2" dir="2" iftype="1">
<core>RAM</core><StgValue><ssdm name="image_diff_posterize_rowC_2"/><MemPortTyVec>2 3 </MemPortTyVec>
</StgValue>
</port>
<port id="63" name="image_diff_posterize_rowC_3" dir="2" iftype="1">
<core>RAM</core><StgValue><ssdm name="image_diff_posterize_rowC_3"/><MemPortTyVec>2 3 </MemPortTyVec>
</StgValue>
</port>
<port id="64" name="image_diff_posterize_rowC_4" dir="2" iftype="1">
<core>RAM</core><StgValue><ssdm name="image_diff_posterize_rowC_4"/><MemPortTyVec>2 3 </MemPortTyVec>
</StgValue>
</port>
<port id="65" name="image_diff_posterize_rowC_5" dir="2" iftype="1">
<core>RAM</core><StgValue><ssdm name="image_diff_posterize_rowC_5"/><MemPortTyVec>2 3 </MemPortTyVec>
</StgValue>
</port>
<port id="66" name="image_diff_posterize_rowC_6" dir="2" iftype="1">
<core>RAM</core><StgValue><ssdm name="image_diff_posterize_rowC_6"/><MemPortTyVec>2 3 </MemPortTyVec>
</StgValue>
</port>
<port id="67" name="image_diff_posterize_rowC_7" dir="2" iftype="1">
<core>RAM</core><StgValue><ssdm name="image_diff_posterize_rowC_7"/><MemPortTyVec>2 3 </MemPortTyVec>
</StgValue>
</port>
</ports>


<dataflows>
<dataflow id="69" from="_ssdm_op_SpecTopModule" to="spectopmodule_ln14" fromId="68" toId="4">
</dataflow>
<dataflow id="71" from="empty_12" to="spectopmodule_ln14" fromId="70" toId="4">
</dataflow>
<dataflow id="73" from="_ssdm_op_SpecInterface" to="specinterface_ln0" fromId="72" toId="5">
</dataflow>
<dataflow id="74" from="gmem0" to="specinterface_ln0" fromId="38" toId="5">
</dataflow>
<dataflow id="76" from="empty" to="specinterface_ln0" fromId="75" toId="5">
</dataflow>
<dataflow id="78" from="StgValue_77" to="specinterface_ln0" fromId="77" toId="5">
</dataflow>
<dataflow id="79" from="StgValue_77" to="specinterface_ln0" fromId="77" toId="5">
</dataflow>
<dataflow id="81" from="empty_0" to="specinterface_ln0" fromId="80" toId="5">
</dataflow>
<dataflow id="82" from="StgValue_77" to="specinterface_ln0" fromId="77" toId="5">
</dataflow>
<dataflow id="83" from="StgValue_77" to="specinterface_ln0" fromId="77" toId="5">
</dataflow>
<dataflow id="85" from="empty_3" to="specinterface_ln0" fromId="84" toId="5">
</dataflow>
<dataflow id="87" from="empty_1" to="specinterface_ln0" fromId="86" toId="5">
</dataflow>
<dataflow id="88" from="empty_0" to="specinterface_ln0" fromId="80" toId="5">
</dataflow>
<dataflow id="90" from="StgValue_89" to="specinterface_ln0" fromId="89" toId="5">
</dataflow>
<dataflow id="91" from="StgValue_89" to="specinterface_ln0" fromId="89" toId="5">
</dataflow>
<dataflow id="92" from="StgValue_89" to="specinterface_ln0" fromId="89" toId="5">
</dataflow>
<dataflow id="93" from="StgValue_89" to="specinterface_ln0" fromId="89" toId="5">
</dataflow>
<dataflow id="94" from="empty_0" to="specinterface_ln0" fromId="80" toId="5">
</dataflow>
<dataflow id="95" from="empty_0" to="specinterface_ln0" fromId="80" toId="5">
</dataflow>
<dataflow id="97" from="StgValue_96" to="specinterface_ln0" fromId="96" toId="5">
</dataflow>
<dataflow id="98" from="StgValue_77" to="specinterface_ln0" fromId="77" toId="5">
</dataflow>
<dataflow id="100" from="_ssdm_op_SpecBitsMap" to="specbitsmap_ln0" fromId="99" toId="6">
</dataflow>
<dataflow id="101" from="gmem0" to="specbitsmap_ln0" fromId="38" toId="6">
</dataflow>
<dataflow id="102" from="_ssdm_op_SpecInterface" to="specinterface_ln0" fromId="72" toId="7">
</dataflow>
<dataflow id="103" from="gmem1" to="specinterface_ln0" fromId="39" toId="7">
</dataflow>
<dataflow id="104" from="empty" to="specinterface_ln0" fromId="75" toId="7">
</dataflow>
<dataflow id="105" from="StgValue_77" to="specinterface_ln0" fromId="77" toId="7">
</dataflow>
<dataflow id="106" from="StgValue_77" to="specinterface_ln0" fromId="77" toId="7">
</dataflow>
<dataflow id="107" from="empty_0" to="specinterface_ln0" fromId="80" toId="7">
</dataflow>
<dataflow id="108" from="StgValue_77" to="specinterface_ln0" fromId="77" toId="7">
</dataflow>
<dataflow id="109" from="StgValue_77" to="specinterface_ln0" fromId="77" toId="7">
</dataflow>
<dataflow id="111" from="empty_14" to="specinterface_ln0" fromId="110" toId="7">
</dataflow>
<dataflow id="112" from="empty_1" to="specinterface_ln0" fromId="86" toId="7">
</dataflow>
<dataflow id="113" from="empty_0" to="specinterface_ln0" fromId="80" toId="7">
</dataflow>
<dataflow id="114" from="StgValue_89" to="specinterface_ln0" fromId="89" toId="7">
</dataflow>
<dataflow id="115" from="StgValue_89" to="specinterface_ln0" fromId="89" toId="7">
</dataflow>
<dataflow id="116" from="StgValue_89" to="specinterface_ln0" fromId="89" toId="7">
</dataflow>
<dataflow id="117" from="StgValue_89" to="specinterface_ln0" fromId="89" toId="7">
</dataflow>
<dataflow id="118" from="empty_0" to="specinterface_ln0" fromId="80" toId="7">
</dataflow>
<dataflow id="119" from="empty_0" to="specinterface_ln0" fromId="80" toId="7">
</dataflow>
<dataflow id="120" from="StgValue_96" to="specinterface_ln0" fromId="96" toId="7">
</dataflow>
<dataflow id="121" from="StgValue_77" to="specinterface_ln0" fromId="77" toId="7">
</dataflow>
<dataflow id="122" from="_ssdm_op_SpecBitsMap" to="specbitsmap_ln0" fromId="99" toId="8">
</dataflow>
<dataflow id="123" from="gmem1" to="specbitsmap_ln0" fromId="39" toId="8">
</dataflow>
<dataflow id="124" from="_ssdm_op_SpecInterface" to="specinterface_ln0" fromId="72" toId="9">
</dataflow>
<dataflow id="125" from="gmem2" to="specinterface_ln0" fromId="40" toId="9">
</dataflow>
<dataflow id="126" from="empty" to="specinterface_ln0" fromId="75" toId="9">
</dataflow>
<dataflow id="127" from="StgValue_77" to="specinterface_ln0" fromId="77" toId="9">
</dataflow>
<dataflow id="128" from="StgValue_77" to="specinterface_ln0" fromId="77" toId="9">
</dataflow>
<dataflow id="129" from="empty_0" to="specinterface_ln0" fromId="80" toId="9">
</dataflow>
<dataflow id="130" from="StgValue_77" to="specinterface_ln0" fromId="77" toId="9">
</dataflow>
<dataflow id="131" from="StgValue_77" to="specinterface_ln0" fromId="77" toId="9">
</dataflow>
<dataflow id="133" from="empty_4" to="specinterface_ln0" fromId="132" toId="9">
</dataflow>
<dataflow id="134" from="empty_1" to="specinterface_ln0" fromId="86" toId="9">
</dataflow>
<dataflow id="135" from="empty_0" to="specinterface_ln0" fromId="80" toId="9">
</dataflow>
<dataflow id="136" from="StgValue_89" to="specinterface_ln0" fromId="89" toId="9">
</dataflow>
<dataflow id="137" from="StgValue_89" to="specinterface_ln0" fromId="89" toId="9">
</dataflow>
<dataflow id="138" from="StgValue_89" to="specinterface_ln0" fromId="89" toId="9">
</dataflow>
<dataflow id="139" from="StgValue_89" to="specinterface_ln0" fromId="89" toId="9">
</dataflow>
<dataflow id="140" from="empty_0" to="specinterface_ln0" fromId="80" toId="9">
</dataflow>
<dataflow id="141" from="empty_0" to="specinterface_ln0" fromId="80" toId="9">
</dataflow>
<dataflow id="142" from="StgValue_96" to="specinterface_ln0" fromId="96" toId="9">
</dataflow>
<dataflow id="143" from="StgValue_77" to="specinterface_ln0" fromId="77" toId="9">
</dataflow>
<dataflow id="144" from="_ssdm_op_SpecBitsMap" to="specbitsmap_ln0" fromId="99" toId="10">
</dataflow>
<dataflow id="145" from="gmem2" to="specbitsmap_ln0" fromId="40" toId="10">
</dataflow>
<dataflow id="146" from="_ssdm_op_SpecInterface" to="specinterface_ln0" fromId="72" toId="11">
</dataflow>
<dataflow id="147" from="A" to="specinterface_ln0" fromId="41" toId="11">
</dataflow>
<dataflow id="149" from="empty_5" to="specinterface_ln0" fromId="148" toId="11">
</dataflow>
<dataflow id="150" from="StgValue_77" to="specinterface_ln0" fromId="77" toId="11">
</dataflow>
<dataflow id="151" from="StgValue_77" to="specinterface_ln0" fromId="77" toId="11">
</dataflow>
<dataflow id="152" from="empty_0" to="specinterface_ln0" fromId="80" toId="11">
</dataflow>
<dataflow id="153" from="StgValue_77" to="specinterface_ln0" fromId="77" toId="11">
</dataflow>
<dataflow id="154" from="StgValue_77" to="specinterface_ln0" fromId="77" toId="11">
</dataflow>
<dataflow id="156" from="empty_6" to="specinterface_ln0" fromId="155" toId="11">
</dataflow>
<dataflow id="158" from="empty_7" to="specinterface_ln0" fromId="157" toId="11">
</dataflow>
<dataflow id="159" from="empty_0" to="specinterface_ln0" fromId="80" toId="11">
</dataflow>
<dataflow id="160" from="StgValue_77" to="specinterface_ln0" fromId="77" toId="11">
</dataflow>
<dataflow id="161" from="StgValue_77" to="specinterface_ln0" fromId="77" toId="11">
</dataflow>
<dataflow id="162" from="StgValue_77" to="specinterface_ln0" fromId="77" toId="11">
</dataflow>
<dataflow id="163" from="StgValue_77" to="specinterface_ln0" fromId="77" toId="11">
</dataflow>
<dataflow id="164" from="empty_0" to="specinterface_ln0" fromId="80" toId="11">
</dataflow>
<dataflow id="166" from="empty_8" to="specinterface_ln0" fromId="165" toId="11">
</dataflow>
<dataflow id="167" from="StgValue_96" to="specinterface_ln0" fromId="96" toId="11">
</dataflow>
<dataflow id="168" from="StgValue_77" to="specinterface_ln0" fromId="77" toId="11">
</dataflow>
<dataflow id="169" from="_ssdm_op_SpecInterface" to="specinterface_ln0" fromId="72" toId="12">
</dataflow>
<dataflow id="170" from="A" to="specinterface_ln0" fromId="41" toId="12">
</dataflow>
<dataflow id="172" from="empty_9" to="specinterface_ln0" fromId="171" toId="12">
</dataflow>
<dataflow id="173" from="StgValue_77" to="specinterface_ln0" fromId="77" toId="12">
</dataflow>
<dataflow id="174" from="StgValue_77" to="specinterface_ln0" fromId="77" toId="12">
</dataflow>
<dataflow id="175" from="empty_0" to="specinterface_ln0" fromId="80" toId="12">
</dataflow>
<dataflow id="176" from="StgValue_77" to="specinterface_ln0" fromId="77" toId="12">
</dataflow>
<dataflow id="177" from="StgValue_77" to="specinterface_ln0" fromId="77" toId="12">
</dataflow>
<dataflow id="178" from="empty_0" to="specinterface_ln0" fromId="80" toId="12">
</dataflow>
<dataflow id="179" from="empty_0" to="specinterface_ln0" fromId="80" toId="12">
</dataflow>
<dataflow id="180" from="empty_0" to="specinterface_ln0" fromId="80" toId="12">
</dataflow>
<dataflow id="181" from="StgValue_77" to="specinterface_ln0" fromId="77" toId="12">
</dataflow>
<dataflow id="182" from="StgValue_77" to="specinterface_ln0" fromId="77" toId="12">
</dataflow>
<dataflow id="183" from="StgValue_77" to="specinterface_ln0" fromId="77" toId="12">
</dataflow>
<dataflow id="184" from="StgValue_77" to="specinterface_ln0" fromId="77" toId="12">
</dataflow>
<dataflow id="185" from="empty_0" to="specinterface_ln0" fromId="80" toId="12">
</dataflow>
<dataflow id="186" from="empty_8" to="specinterface_ln0" fromId="165" toId="12">
</dataflow>
<dataflow id="187" from="StgValue_96" to="specinterface_ln0" fromId="96" toId="12">
</dataflow>
<dataflow id="188" from="StgValue_77" to="specinterface_ln0" fromId="77" toId="12">
</dataflow>
<dataflow id="189" from="_ssdm_op_SpecInterface" to="specinterface_ln0" fromId="72" toId="13">
</dataflow>
<dataflow id="190" from="B" to="specinterface_ln0" fromId="42" toId="13">
</dataflow>
<dataflow id="191" from="empty_5" to="specinterface_ln0" fromId="148" toId="13">
</dataflow>
<dataflow id="192" from="StgValue_77" to="specinterface_ln0" fromId="77" toId="13">
</dataflow>
<dataflow id="193" from="StgValue_77" to="specinterface_ln0" fromId="77" toId="13">
</dataflow>
<dataflow id="194" from="empty_0" to="specinterface_ln0" fromId="80" toId="13">
</dataflow>
<dataflow id="195" from="StgValue_77" to="specinterface_ln0" fromId="77" toId="13">
</dataflow>
<dataflow id="196" from="StgValue_77" to="specinterface_ln0" fromId="77" toId="13">
</dataflow>
<dataflow id="197" from="empty_6" to="specinterface_ln0" fromId="155" toId="13">
</dataflow>
<dataflow id="199" from="empty_10" to="specinterface_ln0" fromId="198" toId="13">
</dataflow>
<dataflow id="200" from="empty_0" to="specinterface_ln0" fromId="80" toId="13">
</dataflow>
<dataflow id="201" from="StgValue_77" to="specinterface_ln0" fromId="77" toId="13">
</dataflow>
<dataflow id="202" from="StgValue_77" to="specinterface_ln0" fromId="77" toId="13">
</dataflow>
<dataflow id="203" from="StgValue_77" to="specinterface_ln0" fromId="77" toId="13">
</dataflow>
<dataflow id="204" from="StgValue_77" to="specinterface_ln0" fromId="77" toId="13">
</dataflow>
<dataflow id="205" from="empty_0" to="specinterface_ln0" fromId="80" toId="13">
</dataflow>
<dataflow id="206" from="empty_8" to="specinterface_ln0" fromId="165" toId="13">
</dataflow>
<dataflow id="207" from="StgValue_96" to="specinterface_ln0" fromId="96" toId="13">
</dataflow>
<dataflow id="208" from="StgValue_77" to="specinterface_ln0" fromId="77" toId="13">
</dataflow>
<dataflow id="209" from="_ssdm_op_SpecInterface" to="specinterface_ln0" fromId="72" toId="14">
</dataflow>
<dataflow id="210" from="B" to="specinterface_ln0" fromId="42" toId="14">
</dataflow>
<dataflow id="211" from="empty_9" to="specinterface_ln0" fromId="171" toId="14">
</dataflow>
<dataflow id="212" from="StgValue_77" to="specinterface_ln0" fromId="77" toId="14">
</dataflow>
<dataflow id="213" from="StgValue_77" to="specinterface_ln0" fromId="77" toId="14">
</dataflow>
<dataflow id="214" from="empty_0" to="specinterface_ln0" fromId="80" toId="14">
</dataflow>
<dataflow id="215" from="StgValue_77" to="specinterface_ln0" fromId="77" toId="14">
</dataflow>
<dataflow id="216" from="StgValue_77" to="specinterface_ln0" fromId="77" toId="14">
</dataflow>
<dataflow id="217" from="empty_0" to="specinterface_ln0" fromId="80" toId="14">
</dataflow>
<dataflow id="218" from="empty_0" to="specinterface_ln0" fromId="80" toId="14">
</dataflow>
<dataflow id="219" from="empty_0" to="specinterface_ln0" fromId="80" toId="14">
</dataflow>
<dataflow id="220" from="StgValue_77" to="specinterface_ln0" fromId="77" toId="14">
</dataflow>
<dataflow id="221" from="StgValue_77" to="specinterface_ln0" fromId="77" toId="14">
</dataflow>
<dataflow id="222" from="StgValue_77" to="specinterface_ln0" fromId="77" toId="14">
</dataflow>
<dataflow id="223" from="StgValue_77" to="specinterface_ln0" fromId="77" toId="14">
</dataflow>
<dataflow id="224" from="empty_0" to="specinterface_ln0" fromId="80" toId="14">
</dataflow>
<dataflow id="225" from="empty_8" to="specinterface_ln0" fromId="165" toId="14">
</dataflow>
<dataflow id="226" from="StgValue_96" to="specinterface_ln0" fromId="96" toId="14">
</dataflow>
<dataflow id="227" from="StgValue_77" to="specinterface_ln0" fromId="77" toId="14">
</dataflow>
<dataflow id="228" from="_ssdm_op_SpecInterface" to="specinterface_ln0" fromId="72" toId="15">
</dataflow>
<dataflow id="229" from="C" to="specinterface_ln0" fromId="43" toId="15">
</dataflow>
<dataflow id="230" from="empty_5" to="specinterface_ln0" fromId="148" toId="15">
</dataflow>
<dataflow id="231" from="StgValue_77" to="specinterface_ln0" fromId="77" toId="15">
</dataflow>
<dataflow id="232" from="StgValue_77" to="specinterface_ln0" fromId="77" toId="15">
</dataflow>
<dataflow id="233" from="empty_0" to="specinterface_ln0" fromId="80" toId="15">
</dataflow>
<dataflow id="234" from="StgValue_77" to="specinterface_ln0" fromId="77" toId="15">
</dataflow>
<dataflow id="235" from="StgValue_77" to="specinterface_ln0" fromId="77" toId="15">
</dataflow>
<dataflow id="236" from="empty_6" to="specinterface_ln0" fromId="155" toId="15">
</dataflow>
<dataflow id="238" from="empty_11" to="specinterface_ln0" fromId="237" toId="15">
</dataflow>
<dataflow id="239" from="empty_0" to="specinterface_ln0" fromId="80" toId="15">
</dataflow>
<dataflow id="240" from="StgValue_77" to="specinterface_ln0" fromId="77" toId="15">
</dataflow>
<dataflow id="241" from="StgValue_77" to="specinterface_ln0" fromId="77" toId="15">
</dataflow>
<dataflow id="242" from="StgValue_77" to="specinterface_ln0" fromId="77" toId="15">
</dataflow>
<dataflow id="243" from="StgValue_77" to="specinterface_ln0" fromId="77" toId="15">
</dataflow>
<dataflow id="244" from="empty_0" to="specinterface_ln0" fromId="80" toId="15">
</dataflow>
<dataflow id="245" from="empty_8" to="specinterface_ln0" fromId="165" toId="15">
</dataflow>
<dataflow id="246" from="StgValue_96" to="specinterface_ln0" fromId="96" toId="15">
</dataflow>
<dataflow id="247" from="StgValue_77" to="specinterface_ln0" fromId="77" toId="15">
</dataflow>
<dataflow id="248" from="_ssdm_op_SpecInterface" to="specinterface_ln0" fromId="72" toId="16">
</dataflow>
<dataflow id="249" from="C" to="specinterface_ln0" fromId="43" toId="16">
</dataflow>
<dataflow id="250" from="empty_9" to="specinterface_ln0" fromId="171" toId="16">
</dataflow>
<dataflow id="251" from="StgValue_77" to="specinterface_ln0" fromId="77" toId="16">
</dataflow>
<dataflow id="252" from="StgValue_77" to="specinterface_ln0" fromId="77" toId="16">
</dataflow>
<dataflow id="253" from="empty_0" to="specinterface_ln0" fromId="80" toId="16">
</dataflow>
<dataflow id="254" from="StgValue_77" to="specinterface_ln0" fromId="77" toId="16">
</dataflow>
<dataflow id="255" from="StgValue_77" to="specinterface_ln0" fromId="77" toId="16">
</dataflow>
<dataflow id="256" from="empty_0" to="specinterface_ln0" fromId="80" toId="16">
</dataflow>
<dataflow id="257" from="empty_0" to="specinterface_ln0" fromId="80" toId="16">
</dataflow>
<dataflow id="258" from="empty_0" to="specinterface_ln0" fromId="80" toId="16">
</dataflow>
<dataflow id="259" from="StgValue_77" to="specinterface_ln0" fromId="77" toId="16">
</dataflow>
<dataflow id="260" from="StgValue_77" to="specinterface_ln0" fromId="77" toId="16">
</dataflow>
<dataflow id="261" from="StgValue_77" to="specinterface_ln0" fromId="77" toId="16">
</dataflow>
<dataflow id="262" from="StgValue_77" to="specinterface_ln0" fromId="77" toId="16">
</dataflow>
<dataflow id="263" from="empty_0" to="specinterface_ln0" fromId="80" toId="16">
</dataflow>
<dataflow id="264" from="empty_8" to="specinterface_ln0" fromId="165" toId="16">
</dataflow>
<dataflow id="265" from="StgValue_96" to="specinterface_ln0" fromId="96" toId="16">
</dataflow>
<dataflow id="266" from="StgValue_77" to="specinterface_ln0" fromId="77" toId="16">
</dataflow>
<dataflow id="267" from="_ssdm_op_SpecInterface" to="specinterface_ln0" fromId="72" toId="17">
</dataflow>
<dataflow id="268" from="StgValue_77" to="specinterface_ln0" fromId="77" toId="17">
</dataflow>
<dataflow id="269" from="empty_5" to="specinterface_ln0" fromId="148" toId="17">
</dataflow>
<dataflow id="270" from="StgValue_77" to="specinterface_ln0" fromId="77" toId="17">
</dataflow>
<dataflow id="271" from="StgValue_77" to="specinterface_ln0" fromId="77" toId="17">
</dataflow>
<dataflow id="272" from="empty_0" to="specinterface_ln0" fromId="80" toId="17">
</dataflow>
<dataflow id="273" from="StgValue_77" to="specinterface_ln0" fromId="77" toId="17">
</dataflow>
<dataflow id="274" from="StgValue_77" to="specinterface_ln0" fromId="77" toId="17">
</dataflow>
<dataflow id="275" from="empty_6" to="specinterface_ln0" fromId="155" toId="17">
</dataflow>
<dataflow id="276" from="empty_0" to="specinterface_ln0" fromId="80" toId="17">
</dataflow>
<dataflow id="277" from="empty_0" to="specinterface_ln0" fromId="80" toId="17">
</dataflow>
<dataflow id="278" from="StgValue_77" to="specinterface_ln0" fromId="77" toId="17">
</dataflow>
<dataflow id="279" from="StgValue_77" to="specinterface_ln0" fromId="77" toId="17">
</dataflow>
<dataflow id="280" from="StgValue_77" to="specinterface_ln0" fromId="77" toId="17">
</dataflow>
<dataflow id="281" from="StgValue_77" to="specinterface_ln0" fromId="77" toId="17">
</dataflow>
<dataflow id="282" from="empty_0" to="specinterface_ln0" fromId="80" toId="17">
</dataflow>
<dataflow id="283" from="empty_0" to="specinterface_ln0" fromId="80" toId="17">
</dataflow>
<dataflow id="284" from="StgValue_96" to="specinterface_ln0" fromId="96" toId="17">
</dataflow>
<dataflow id="285" from="StgValue_77" to="specinterface_ln0" fromId="77" toId="17">
</dataflow>
<dataflow id="287" from="_ssdm_op_Read.s_axilite.i64" to="C_read" fromId="286" toId="18">
</dataflow>
<dataflow id="288" from="C" to="C_read" fromId="43" toId="18">
</dataflow>
<dataflow id="289" from="_ssdm_op_Read.s_axilite.i64" to="B_read" fromId="286" toId="19">
</dataflow>
<dataflow id="290" from="B" to="B_read" fromId="42" toId="19">
</dataflow>
<dataflow id="291" from="_ssdm_op_Read.s_axilite.i64" to="A_read" fromId="286" toId="20">
</dataflow>
<dataflow id="292" from="A" to="A_read" fromId="41" toId="20">
</dataflow>
<dataflow id="293" from="add_ln41" to="i" fromId="25" toId="22">
<BackEdge/>
<condition id="-1">
<or_exp><and_exp><literal name="icmp_ln41" val="0"/>
</and_exp></or_exp>
</condition>
</dataflow>
<dataflow id="294" from="br_ln41" to="i" fromId="32" toId="22">
<BackEdge/>
</dataflow>
<dataflow id="296" from="StgValue_295" to="i" fromId="295" toId="22">
<condition id="-1">
<or_exp><and_exp></and_exp></or_exp>
</condition>
</dataflow>
<dataflow id="297" from="br_ln0" to="i" fromId="21" toId="22">
</dataflow>
<dataflow id="298" from="i" to="icmp_ln41" fromId="22" toId="23">
</dataflow>
<dataflow id="300" from="StgValue_299" to="icmp_ln41" fromId="299" toId="23">
</dataflow>
<dataflow id="302" from="_ssdm_op_SpecDataflowPipeline" to="specdataflowpipeline_ln41" fromId="301" toId="24">
</dataflow>
<dataflow id="303" from="StgValue_96" to="specdataflowpipeline_ln41" fromId="96" toId="24">
</dataflow>
<dataflow id="304" from="StgValue_77" to="specdataflowpipeline_ln41" fromId="77" toId="24">
</dataflow>
<dataflow id="306" from="dataflow_parent_loop_str" to="specdataflowpipeline_ln41" fromId="305" toId="24">
</dataflow>
<dataflow id="307" from="i" to="specdataflowpipeline_ln41" fromId="22" toId="24">
</dataflow>
<dataflow id="308" from="StgValue_299" to="specdataflowpipeline_ln41" fromId="299" toId="24">
</dataflow>
<dataflow id="309" from="StgValue_77" to="specdataflowpipeline_ln41" fromId="77" toId="24">
</dataflow>
<dataflow id="310" from="i" to="add_ln41" fromId="22" toId="25">
</dataflow>
<dataflow id="312" from="StgValue_311" to="add_ln41" fromId="311" toId="25">
</dataflow>
<dataflow id="313" from="icmp_ln41" to="br_ln41" fromId="23" toId="26">
</dataflow>
<dataflow id="315" from="dataflow_in_loop_Row_Loop" to="call_ln41" fromId="314" toId="27">
</dataflow>
<dataflow id="316" from="gmem0" to="call_ln41" fromId="38" toId="27">
</dataflow>
<dataflow id="317" from="i" to="call_ln41" fromId="22" toId="27">
</dataflow>
<dataflow id="318" from="A_read" to="call_ln41" fromId="20" toId="27">
</dataflow>
<dataflow id="319" from="gmem1" to="call_ln41" fromId="39" toId="27">
</dataflow>
<dataflow id="320" from="B_read" to="call_ln41" fromId="19" toId="27">
</dataflow>
<dataflow id="321" from="gmem2" to="call_ln41" fromId="40" toId="27">
</dataflow>
<dataflow id="322" from="C_read" to="call_ln41" fromId="18" toId="27">
</dataflow>
<dataflow id="323" from="image_diff_posterize_rowA_0" to="call_ln41" fromId="44" toId="27">
</dataflow>
<dataflow id="324" from="image_diff_posterize_rowB_0" to="call_ln41" fromId="45" toId="27">
</dataflow>
<dataflow id="325" from="image_diff_posterize_rowA_1" to="call_ln41" fromId="46" toId="27">
</dataflow>
<dataflow id="326" from="image_diff_posterize_rowB_1" to="call_ln41" fromId="47" toId="27">
</dataflow>
<dataflow id="327" from="image_diff_posterize_rowA_2" to="call_ln41" fromId="48" toId="27">
</dataflow>
<dataflow id="328" from="image_diff_posterize_rowB_2" to="call_ln41" fromId="49" toId="27">
</dataflow>
<dataflow id="329" from="image_diff_posterize_rowA_3" to="call_ln41" fromId="50" toId="27">
</dataflow>
<dataflow id="330" from="image_diff_posterize_rowB_3" to="call_ln41" fromId="51" toId="27">
</dataflow>
<dataflow id="331" from="image_diff_posterize_rowA_4" to="call_ln41" fromId="52" toId="27">
</dataflow>
<dataflow id="332" from="image_diff_posterize_rowB_4" to="call_ln41" fromId="53" toId="27">
</dataflow>
<dataflow id="333" from="image_diff_posterize_rowA_5" to="call_ln41" fromId="54" toId="27">
</dataflow>
<dataflow id="334" from="image_diff_posterize_rowB_5" to="call_ln41" fromId="55" toId="27">
</dataflow>
<dataflow id="335" from="image_diff_posterize_rowA_6" to="call_ln41" fromId="56" toId="27">
</dataflow>
<dataflow id="336" from="image_diff_posterize_rowB_6" to="call_ln41" fromId="57" toId="27">
</dataflow>
<dataflow id="337" from="image_diff_posterize_rowA_7" to="call_ln41" fromId="58" toId="27">
</dataflow>
<dataflow id="338" from="image_diff_posterize_rowB_7" to="call_ln41" fromId="59" toId="27">
</dataflow>
<dataflow id="339" from="image_diff_posterize_rowC_0" to="call_ln41" fromId="60" toId="27">
</dataflow>
<dataflow id="340" from="image_diff_posterize_rowC_1" to="call_ln41" fromId="61" toId="27">
</dataflow>
<dataflow id="341" from="image_diff_posterize_rowC_2" to="call_ln41" fromId="62" toId="27">
</dataflow>
<dataflow id="342" from="image_diff_posterize_rowC_3" to="call_ln41" fromId="63" toId="27">
</dataflow>
<dataflow id="343" from="image_diff_posterize_rowC_4" to="call_ln41" fromId="64" toId="27">
</dataflow>
<dataflow id="344" from="image_diff_posterize_rowC_5" to="call_ln41" fromId="65" toId="27">
</dataflow>
<dataflow id="345" from="image_diff_posterize_rowC_6" to="call_ln41" fromId="66" toId="27">
</dataflow>
<dataflow id="346" from="image_diff_posterize_rowC_7" to="call_ln41" fromId="67" toId="27">
</dataflow>
<dataflow id="348" from="_ssdm_op_SpecLoopTripCount" to="speclooptripcount_ln42" fromId="347" toId="29">
</dataflow>
<dataflow id="350" from="StgValue_349" to="speclooptripcount_ln42" fromId="349" toId="29">
</dataflow>
<dataflow id="351" from="StgValue_349" to="speclooptripcount_ln42" fromId="349" toId="29">
</dataflow>
<dataflow id="352" from="StgValue_349" to="speclooptripcount_ln42" fromId="349" toId="29">
</dataflow>
<dataflow id="354" from="_ssdm_op_SpecLoopName" to="specloopname_ln40" fromId="353" toId="30">
</dataflow>
<dataflow id="356" from="empty_2" to="specloopname_ln40" fromId="355" toId="30">
</dataflow>
<dataflow id="357" from="dataflow_in_loop_Row_Loop" to="call_ln41" fromId="314" toId="31">
</dataflow>
<dataflow id="358" from="gmem0" to="call_ln41" fromId="38" toId="31">
</dataflow>
<dataflow id="359" from="i" to="call_ln41" fromId="22" toId="31">
</dataflow>
<dataflow id="360" from="A_read" to="call_ln41" fromId="20" toId="31">
</dataflow>
<dataflow id="361" from="gmem1" to="call_ln41" fromId="39" toId="31">
</dataflow>
<dataflow id="362" from="B_read" to="call_ln41" fromId="19" toId="31">
</dataflow>
<dataflow id="363" from="gmem2" to="call_ln41" fromId="40" toId="31">
</dataflow>
<dataflow id="364" from="C_read" to="call_ln41" fromId="18" toId="31">
</dataflow>
<dataflow id="365" from="image_diff_posterize_rowA_0" to="call_ln41" fromId="44" toId="31">
</dataflow>
<dataflow id="366" from="image_diff_posterize_rowB_0" to="call_ln41" fromId="45" toId="31">
</dataflow>
<dataflow id="367" from="image_diff_posterize_rowA_1" to="call_ln41" fromId="46" toId="31">
</dataflow>
<dataflow id="368" from="image_diff_posterize_rowB_1" to="call_ln41" fromId="47" toId="31">
</dataflow>
<dataflow id="369" from="image_diff_posterize_rowA_2" to="call_ln41" fromId="48" toId="31">
</dataflow>
<dataflow id="370" from="image_diff_posterize_rowB_2" to="call_ln41" fromId="49" toId="31">
</dataflow>
<dataflow id="371" from="image_diff_posterize_rowA_3" to="call_ln41" fromId="50" toId="31">
</dataflow>
<dataflow id="372" from="image_diff_posterize_rowB_3" to="call_ln41" fromId="51" toId="31">
</dataflow>
<dataflow id="373" from="image_diff_posterize_rowA_4" to="call_ln41" fromId="52" toId="31">
</dataflow>
<dataflow id="374" from="image_diff_posterize_rowB_4" to="call_ln41" fromId="53" toId="31">
</dataflow>
<dataflow id="375" from="image_diff_posterize_rowA_5" to="call_ln41" fromId="54" toId="31">
</dataflow>
<dataflow id="376" from="image_diff_posterize_rowB_5" to="call_ln41" fromId="55" toId="31">
</dataflow>
<dataflow id="377" from="image_diff_posterize_rowA_6" to="call_ln41" fromId="56" toId="31">
</dataflow>
<dataflow id="378" from="image_diff_posterize_rowB_6" to="call_ln41" fromId="57" toId="31">
</dataflow>
<dataflow id="379" from="image_diff_posterize_rowA_7" to="call_ln41" fromId="58" toId="31">
</dataflow>
<dataflow id="380" from="image_diff_posterize_rowB_7" to="call_ln41" fromId="59" toId="31">
</dataflow>
<dataflow id="381" from="image_diff_posterize_rowC_0" to="call_ln41" fromId="60" toId="31">
</dataflow>
<dataflow id="382" from="image_diff_posterize_rowC_1" to="call_ln41" fromId="61" toId="31">
</dataflow>
<dataflow id="383" from="image_diff_posterize_rowC_2" to="call_ln41" fromId="62" toId="31">
</dataflow>
<dataflow id="384" from="image_diff_posterize_rowC_3" to="call_ln41" fromId="63" toId="31">
</dataflow>
<dataflow id="385" from="image_diff_posterize_rowC_4" to="call_ln41" fromId="64" toId="31">
</dataflow>
<dataflow id="386" from="image_diff_posterize_rowC_5" to="call_ln41" fromId="65" toId="31">
</dataflow>
<dataflow id="387" from="image_diff_posterize_rowC_6" to="call_ln41" fromId="66" toId="31">
</dataflow>
<dataflow id="388" from="image_diff_posterize_rowC_7" to="call_ln41" fromId="67" toId="31">
</dataflow>
<dataflow id="389" from="icmp_ln41" to="StgValue_2" fromId="23" toId="2">
</dataflow>
<dataflow id="390" from="icmp_ln41" to="StgValue_3" fromId="23" toId="3">
</dataflow>
</dataflows>


</stg>
