<profile>

<section name = "Vitis HLS Report for 'image_diff_posterize'" level="0">
<item name = "Date">Fri Nov 28 18:38:49 2025
</item>
<item name = "Version">2022.2 (Build 3670227 on Oct 13 2022)</item>
<item name = "Project">Lab1</item>
<item name = "Solution">solution1 (Vivado IP Flow Target)</item>
<item name = "Product family">virtexuplus</item>
<item name = "Target device">xcu200-fsgd2104-2-e</item>
</section>

<section name = "Performance Estimates" level="0">
<item name = "Timing">
<section name = "" level="1">
<item name = "Summary"><table name="" hasTotal="0">
<keys size="4">Clock, Target, Estimated, Uncertainty</keys>
<column name="ap_clk">10.00 ns, 7.300 ns, 2.70 ns</column>
</table>
</item>
</section>
</item>
<item name = "Latency">
<section name = "" level="1">
<item name = "Summary"><table name="" hasTotal="0">
<keys size="8">, min, max, min, max, min, max, Type</keys>
<column name="">69168, 69168, 0.692 ms, 0.692 ms, 69169, 69169, no</column>
</table>
</item>
<item name = "Detail">
<section name = "" level="1">
<item name = "Instance"><table name="" hasTotal="0">
<keys size="9">Instance, Module, min, max, min, max, min, max, Type</keys>
<column name="dataflow_in_loop_Row_Loop_U0">dataflow_in_loop_Row_Loop, 571, 571, 5.710 us, 5.710 us, 269, 269, dataflow</column>
</table>
</item>
<item name = "Loop"><table name="" hasTotal="0">
<keys size="8">Loop Name, min, max, Latency, achieved, target, Count, Pipelined</keys>
<column name="- Row_Loop">69167, 69167, 573, -, -, 256, no</column>
</table>
</item>
</section>
</item>
</section>
</item>
</section>

<section name = "Utilization Estimates" level="0">
<item name = "Summary"><table name="" hasTotal="1">
<keys size="6">Name, BRAM_18K, DSP, FF, LUT, URAM</keys>
<column name="DSP">-, -, -, -, -</column>
<column name="Expression">-, -, 137, 34, -</column>
<column name="FIFO">-, -, -, -, -</column>
<column name="Instance">0, -, 2744, 5450, 0</column>
<column name="Memory">-, -, -, -, -</column>
<column name="Multiplexer">-, -, -, 18, -</column>
<column name="Register">-, -, 18, -, -</column>
<specialColumn name="Available SLR">1440, 2280, 788160, 394080, 320</specialColumn>
<specialColumn name="Utilization SLR (%)">0, 0, ~0, 1, 0</specialColumn>
<specialColumn name="Available">4320, 6840, 2364480, 1182240, 960</specialColumn>
<specialColumn name="Utilization (%)">0, 0, ~0, ~0, 0</specialColumn>
</table>
</item>
<item name = "Detail">
<section name = "" level="1">
<item name = "Instance"><table name="" hasTotal="1">
<keys size="7">Instance, Module, BRAM_18K, DSP, FF, LUT, URAM</keys>
<column name="control_s_axi_U">control_s_axi, 0, 0, 246, 424, 0</column>
<column name="dataflow_in_loop_Row_Loop_U0">dataflow_in_loop_Row_Loop, 0, 0, 542, 2338, 0</column>
<column name="gmem0_m_axi_U">gmem0_m_axi, 0, 0, 652, 896, 0</column>
<column name="gmem1_m_axi_U">gmem1_m_axi, 0, 0, 652, 896, 0</column>
<column name="gmem2_m_axi_U">gmem2_m_axi, 0, 0, 652, 896, 0</column>
</table>
</item>
<item name = "DSP"><table name="" hasTotal="0">
<keys size="3">Instance, Module, Expression</keys>
</table>
</item>
<item name = "Memory"><table name="" hasTotal="1">
<keys size="10">Memory, Module, BRAM_18K, FF, LUT, URAM, Words, Bits, Banks, W*Bits*Banks</keys>
</table>
</item>
<item name = "FIFO"><table name="" hasTotal="1">
<keys size="8">Name, BRAM_18K, FF, LUT, URAM, Depth, Bits, Size:D*B</keys>
</table>
</item>
<item name = "Expression"><table name="" hasTotal="1">
<keys size="7">Variable Name, Operation, DSP, FF, LUT, Bitwidth P0, Bitwidth P1</keys>
<column name="loop_dataflow_input_count">+, 0, 44, 11, 9, 1</column>
<column name="loop_dataflow_output_count">+, 0, 44, 11, 9, 1</column>
<column name="bound_minus_1">-, 0, 49, 12, 10, 1</column>
</table>
</item>
<item name = "Multiplexer"><table name="" hasTotal="1">
<keys size="5">Name, LUT, Input Size, Bits, Total Bits</keys>
<column name="loop_dataflow_input_count">9, 2, 9, 18</column>
<column name="loop_dataflow_output_count">9, 2, 9, 18</column>
</table>
</item>
<item name = "Register"><table name="" hasTotal="1">
<keys size="5">Name, FF, LUT, Bits, Const Bits</keys>
<column name="loop_dataflow_input_count">9, 0, 9, 0</column>
<column name="loop_dataflow_output_count">9, 0, 9, 0</column>
</table>
</item>
</section>
</item>
</section>

<section name = "Interface" level="0">
<item name = "Summary"><table name="" hasTotal="0">
<keys size="6">RTL Ports, Dir, Bits, Protocol, Source Object, C Type</keys>
<column name="s_axi_control_AWVALID">in, 1, s_axi, control, scalar</column>
<column name="s_axi_control_AWREADY">out, 1, s_axi, control, scalar</column>
<column name="s_axi_control_AWADDR">in, 6, s_axi, control, scalar</column>
<column name="s_axi_control_WVALID">in, 1, s_axi, control, scalar</column>
<column name="s_axi_control_WREADY">out, 1, s_axi, control, scalar</column>
<column name="s_axi_control_WDATA">in, 32, s_axi, control, scalar</column>
<column name="s_axi_control_WSTRB">in, 4, s_axi, control, scalar</column>
<column name="s_axi_control_ARVALID">in, 1, s_axi, control, scalar</column>
<column name="s_axi_control_ARREADY">out, 1, s_axi, control, scalar</column>
<column name="s_axi_control_ARADDR">in, 6, s_axi, control, scalar</column>
<column name="s_axi_control_RVALID">out, 1, s_axi, control, scalar</column>
<column name="s_axi_control_RREADY">in, 1, s_axi, control, scalar</column>
<column name="s_axi_control_RDATA">out, 32, s_axi, control, scalar</column>
<column name="s_axi_control_RRESP">out, 2, s_axi, control, scalar</column>
<column name="s_axi_control_BVALID">out, 1, s_axi, control, scalar</column>
<column name="s_axi_control_BREADY">in, 1, s_axi, control, scalar</column>
<column name="s_axi_control_BRESP">out, 2, s_axi, control, scalar</column>
<column name="ap_clk">in, 1, ap_ctrl_hs, image_diff_posterize, return value</column>
<column name="ap_rst_n">in, 1, ap_ctrl_hs, image_diff_posterize, return value</column>
<column name="interrupt">out, 1, ap_ctrl_hs, image_diff_posterize, return value</column>
<column name="m_axi_gmem0_AWVALID">out, 1, m_axi, gmem0, pointer</column>
<column name="m_axi_gmem0_AWREADY">in, 1, m_axi, gmem0, pointer</column>
<column name="m_axi_gmem0_AWADDR">out, 64, m_axi, gmem0, pointer</column>
<column name="m_axi_gmem0_AWID">out, 1, m_axi, gmem0, pointer</column>
<column name="m_axi_gmem0_AWLEN">out, 8, m_axi, gmem0, pointer</column>
<column name="m_axi_gmem0_AWSIZE">out, 3, m_axi, gmem0, pointer</column>
<column name="m_axi_gmem0_AWBURST">out, 2, m_axi, gmem0, pointer</column>
<column name="m_axi_gmem0_AWLOCK">out, 2, m_axi, gmem0, pointer</column>
<column name="m_axi_gmem0_AWCACHE">out, 4, m_axi, gmem0, pointer</column>
<column name="m_axi_gmem0_AWPROT">out, 3, m_axi, gmem0, pointer</column>
<column name="m_axi_gmem0_AWQOS">out, 4, m_axi, gmem0, pointer</column>
<column name="m_axi_gmem0_AWREGION">out, 4, m_axi, gmem0, pointer</column>
<column name="m_axi_gmem0_AWUSER">out, 1, m_axi, gmem0, pointer</column>
<column name="m_axi_gmem0_WVALID">out, 1, m_axi, gmem0, pointer</column>
<column name="m_axi_gmem0_WREADY">in, 1, m_axi, gmem0, pointer</column>
<column name="m_axi_gmem0_WDATA">out, 32, m_axi, gmem0, pointer</column>
<column name="m_axi_gmem0_WSTRB">out, 4, m_axi, gmem0, pointer</column>
<column name="m_axi_gmem0_WLAST">out, 1, m_axi, gmem0, pointer</column>
<column name="m_axi_gmem0_WID">out, 1, m_axi, gmem0, pointer</column>
<column name="m_axi_gmem0_WUSER">out, 1, m_axi, gmem0, pointer</column>
<column name="m_axi_gmem0_ARVALID">out, 1, m_axi, gmem0, pointer</column>
<column name="m_axi_gmem0_ARREADY">in, 1, m_axi, gmem0, pointer</column>
<column name="m_axi_gmem0_ARADDR">out, 64, m_axi, gmem0, pointer</column>
<column name="m_axi_gmem0_ARID">out, 1, m_axi, gmem0, pointer</column>
<column name="m_axi_gmem0_ARLEN">out, 8, m_axi, gmem0, pointer</column>
<column name="m_axi_gmem0_ARSIZE">out, 3, m_axi, gmem0, pointer</column>
<column name="m_axi_gmem0_ARBURST">out, 2, m_axi, gmem0, pointer</column>
<column name="m_axi_gmem0_ARLOCK">out, 2, m_axi, gmem0, pointer</column>
<column name="m_axi_gmem0_ARCACHE">out, 4, m_axi, gmem0, pointer</column>
<column name="m_axi_gmem0_ARPROT">out, 3, m_axi, gmem0, pointer</column>
<column name="m_axi_gmem0_ARQOS">out, 4, m_axi, gmem0, pointer</column>
<column name="m_axi_gmem0_ARREGION">out, 4, m_axi, gmem0, pointer</column>
<column name="m_axi_gmem0_ARUSER">out, 1, m_axi, gmem0, pointer</column>
<column name="m_axi_gmem0_RVALID">in, 1, m_axi, gmem0, pointer</column>
<column name="m_axi_gmem0_RREADY">out, 1, m_axi, gmem0, pointer</column>
<column name="m_axi_gmem0_RDATA">in, 32, m_axi, gmem0, pointer</column>
<column name="m_axi_gmem0_RLAST">in, 1, m_axi, gmem0, pointer</column>
<column name="m_axi_gmem0_RID">in, 1, m_axi, gmem0, pointer</column>
<column name="m_axi_gmem0_RUSER">in, 1, m_axi, gmem0, pointer</column>
<column name="m_axi_gmem0_RRESP">in, 2, m_axi, gmem0, pointer</column>
<column name="m_axi_gmem0_BVALID">in, 1, m_axi, gmem0, pointer</column>
<column name="m_axi_gmem0_BREADY">out, 1, m_axi, gmem0, pointer</column>
<column name="m_axi_gmem0_BRESP">in, 2, m_axi, gmem0, pointer</column>
<column name="m_axi_gmem0_BID">in, 1, m_axi, gmem0, pointer</column>
<column name="m_axi_gmem0_BUSER">in, 1, m_axi, gmem0, pointer</column>
<column name="m_axi_gmem1_AWVALID">out, 1, m_axi, gmem1, pointer</column>
<column name="m_axi_gmem1_AWREADY">in, 1, m_axi, gmem1, pointer</column>
<column name="m_axi_gmem1_AWADDR">out, 64, m_axi, gmem1, pointer</column>
<column name="m_axi_gmem1_AWID">out, 1, m_axi, gmem1, pointer</column>
<column name="m_axi_gmem1_AWLEN">out, 8, m_axi, gmem1, pointer</column>
<column name="m_axi_gmem1_AWSIZE">out, 3, m_axi, gmem1, pointer</column>
<column name="m_axi_gmem1_AWBURST">out, 2, m_axi, gmem1, pointer</column>
<column name="m_axi_gmem1_AWLOCK">out, 2, m_axi, gmem1, pointer</column>
<column name="m_axi_gmem1_AWCACHE">out, 4, m_axi, gmem1, pointer</column>
<column name="m_axi_gmem1_AWPROT">out, 3, m_axi, gmem1, pointer</column>
<column name="m_axi_gmem1_AWQOS">out, 4, m_axi, gmem1, pointer</column>
<column name="m_axi_gmem1_AWREGION">out, 4, m_axi, gmem1, pointer</column>
<column name="m_axi_gmem1_AWUSER">out, 1, m_axi, gmem1, pointer</column>
<column name="m_axi_gmem1_WVALID">out, 1, m_axi, gmem1, pointer</column>
<column name="m_axi_gmem1_WREADY">in, 1, m_axi, gmem1, pointer</column>
<column name="m_axi_gmem1_WDATA">out, 32, m_axi, gmem1, pointer</column>
<column name="m_axi_gmem1_WSTRB">out, 4, m_axi, gmem1, pointer</column>
<column name="m_axi_gmem1_WLAST">out, 1, m_axi, gmem1, pointer</column>
<column name="m_axi_gmem1_WID">out, 1, m_axi, gmem1, pointer</column>
<column name="m_axi_gmem1_WUSER">out, 1, m_axi, gmem1, pointer</column>
<column name="m_axi_gmem1_ARVALID">out, 1, m_axi, gmem1, pointer</column>
<column name="m_axi_gmem1_ARREADY">in, 1, m_axi, gmem1, pointer</column>
<column name="m_axi_gmem1_ARADDR">out, 64, m_axi, gmem1, pointer</column>
<column name="m_axi_gmem1_ARID">out, 1, m_axi, gmem1, pointer</column>
<column name="m_axi_gmem1_ARLEN">out, 8, m_axi, gmem1, pointer</column>
<column name="m_axi_gmem1_ARSIZE">out, 3, m_axi, gmem1, pointer</column>
<column name="m_axi_gmem1_ARBURST">out, 2, m_axi, gmem1, pointer</column>
<column name="m_axi_gmem1_ARLOCK">out, 2, m_axi, gmem1, pointer</column>
<column name="m_axi_gmem1_ARCACHE">out, 4, m_axi, gmem1, pointer</column>
<column name="m_axi_gmem1_ARPROT">out, 3, m_axi, gmem1, pointer</column>
<column name="m_axi_gmem1_ARQOS">out, 4, m_axi, gmem1, pointer</column>
<column name="m_axi_gmem1_ARREGION">out, 4, m_axi, gmem1, pointer</column>
<column name="m_axi_gmem1_ARUSER">out, 1, m_axi, gmem1, pointer</column>
<column name="m_axi_gmem1_RVALID">in, 1, m_axi, gmem1, pointer</column>
<column name="m_axi_gmem1_RREADY">out, 1, m_axi, gmem1, pointer</column>
<column name="m_axi_gmem1_RDATA">in, 32, m_axi, gmem1, pointer</column>
<column name="m_axi_gmem1_RLAST">in, 1, m_axi, gmem1, pointer</column>
<column name="m_axi_gmem1_RID">in, 1, m_axi, gmem1, pointer</column>
<column name="m_axi_gmem1_RUSER">in, 1, m_axi, gmem1, pointer</column>
<column name="m_axi_gmem1_RRESP">in, 2, m_axi, gmem1, pointer</column>
<column name="m_axi_gmem1_BVALID">in, 1, m_axi, gmem1, pointer</column>
<column name="m_axi_gmem1_BREADY">out, 1, m_axi, gmem1, pointer</column>
<column name="m_axi_gmem1_BRESP">in, 2, m_axi, gmem1, pointer</column>
<column name="m_axi_gmem1_BID">in, 1, m_axi, gmem1, pointer</column>
<column name="m_axi_gmem1_BUSER">in, 1, m_axi, gmem1, pointer</column>
<column name="m_axi_gmem2_AWVALID">out, 1, m_axi, gmem2, pointer</column>
<column name="m_axi_gmem2_AWREADY">in, 1, m_axi, gmem2, pointer</column>
<column name="m_axi_gmem2_AWADDR">out, 64, m_axi, gmem2, pointer</column>
<column name="m_axi_gmem2_AWID">out, 1, m_axi, gmem2, pointer</column>
<column name="m_axi_gmem2_AWLEN">out, 8, m_axi, gmem2, pointer</column>
<column name="m_axi_gmem2_AWSIZE">out, 3, m_axi, gmem2, pointer</column>
<column name="m_axi_gmem2_AWBURST">out, 2, m_axi, gmem2, pointer</column>
<column name="m_axi_gmem2_AWLOCK">out, 2, m_axi, gmem2, pointer</column>
<column name="m_axi_gmem2_AWCACHE">out, 4, m_axi, gmem2, pointer</column>
<column name="m_axi_gmem2_AWPROT">out, 3, m_axi, gmem2, pointer</column>
<column name="m_axi_gmem2_AWQOS">out, 4, m_axi, gmem2, pointer</column>
<column name="m_axi_gmem2_AWREGION">out, 4, m_axi, gmem2, pointer</column>
<column name="m_axi_gmem2_AWUSER">out, 1, m_axi, gmem2, pointer</column>
<column name="m_axi_gmem2_WVALID">out, 1, m_axi, gmem2, pointer</column>
<column name="m_axi_gmem2_WREADY">in, 1, m_axi, gmem2, pointer</column>
<column name="m_axi_gmem2_WDATA">out, 32, m_axi, gmem2, pointer</column>
<column name="m_axi_gmem2_WSTRB">out, 4, m_axi, gmem2, pointer</column>
<column name="m_axi_gmem2_WLAST">out, 1, m_axi, gmem2, pointer</column>
<column name="m_axi_gmem2_WID">out, 1, m_axi, gmem2, pointer</column>
<column name="m_axi_gmem2_WUSER">out, 1, m_axi, gmem2, pointer</column>
<column name="m_axi_gmem2_ARVALID">out, 1, m_axi, gmem2, pointer</column>
<column name="m_axi_gmem2_ARREADY">in, 1, m_axi, gmem2, pointer</column>
<column name="m_axi_gmem2_ARADDR">out, 64, m_axi, gmem2, pointer</column>
<column name="m_axi_gmem2_ARID">out, 1, m_axi, gmem2, pointer</column>
<column name="m_axi_gmem2_ARLEN">out, 8, m_axi, gmem2, pointer</column>
<column name="m_axi_gmem2_ARSIZE">out, 3, m_axi, gmem2, pointer</column>
<column name="m_axi_gmem2_ARBURST">out, 2, m_axi, gmem2, pointer</column>
<column name="m_axi_gmem2_ARLOCK">out, 2, m_axi, gmem2, pointer</column>
<column name="m_axi_gmem2_ARCACHE">out, 4, m_axi, gmem2, pointer</column>
<column name="m_axi_gmem2_ARPROT">out, 3, m_axi, gmem2, pointer</column>
<column name="m_axi_gmem2_ARQOS">out, 4, m_axi, gmem2, pointer</column>
<column name="m_axi_gmem2_ARREGION">out, 4, m_axi, gmem2, pointer</column>
<column name="m_axi_gmem2_ARUSER">out, 1, m_axi, gmem2, pointer</column>
<column name="m_axi_gmem2_RVALID">in, 1, m_axi, gmem2, pointer</column>
<column name="m_axi_gmem2_RREADY">out, 1, m_axi, gmem2, pointer</column>
<column name="m_axi_gmem2_RDATA">in, 32, m_axi, gmem2, pointer</column>
<column name="m_axi_gmem2_RLAST">in, 1, m_axi, gmem2, pointer</column>
<column name="m_axi_gmem2_RID">in, 1, m_axi, gmem2, pointer</column>
<column name="m_axi_gmem2_RUSER">in, 1, m_axi, gmem2, pointer</column>
<column name="m_axi_gmem2_RRESP">in, 2, m_axi, gmem2, pointer</column>
<column name="m_axi_gmem2_BVALID">in, 1, m_axi, gmem2, pointer</column>
<column name="m_axi_gmem2_BREADY">out, 1, m_axi, gmem2, pointer</column>
<column name="m_axi_gmem2_BRESP">in, 2, m_axi, gmem2, pointer</column>
<column name="m_axi_gmem2_BID">in, 1, m_axi, gmem2, pointer</column>
<column name="m_axi_gmem2_BUSER">in, 1, m_axi, gmem2, pointer</column>
</table>
</item>
</section>
</profile>
