<dict>
  <key>main-file</key>
  <string>C:/Users/Stavros/AppData/Roaming/Xilinx/Vitis/Lab1/solution1/.autopilot/db/image_diff_posterize.pp.0.c</string>
  <key>diagnostics</key>
  <array>
    <dict>
      <key>level</key>
      <string>warning</string>
      <key>filename</key>
      <string>C:/Users/Stavros/AppData/Roaming/Xilinx/Vitis/Lab1/solution1/csynth.tcl</string>
      <key>line</key>
      <integer>14</integer>
      <key>column</key>
      <integer>9</integer>
      <key>message</key>
      <string>HLS pragma dump _XLX_SEP_ PragmaIsValid=1_XLX_SEP_ PragmaType=top_XLX_SEP_ PragmaContext=directive_XLX_SEP_ PragmaFunction=image_diff_posterize_XLX_SEP_ PragmaOptions=name=image_diff_posterize_XLX_SEP_</string>
      <key>ID</key>
      <integer>5471</integer>
      <key>WarningOption</key>
      <string>dump-hls-pragmas</string>
    </dict>
    <dict>
      <key>level</key>
      <string>warning</string>
      <key>filename</key>
      <string>C:/Users/Stavros/AppData/Roaming/Xilinx/Vitis/Lab1/solution1/directives.tcl</string>
      <key>line</key>
      <integer>6</integer>
      <key>column</key>
      <integer>9</integer>
      <key>message</key>
      <string>HLS pragma dump _XLX_SEP_ PragmaIsValid=1_XLX_SEP_ PragmaType=top_XLX_SEP_ PragmaContext=directive_XLX_SEP_ PragmaFunction=image_diff_posterize_XLX_SEP_ PragmaOptions=name=image_diff_posterize_XLX_SEP_</string>
      <key>ID</key>
      <integer>5471</integer>
      <key>WarningOption</key>
      <string>dump-hls-pragmas</string>
    </dict>
    <dict>
      <key>level</key>
      <string>warning</string>
      <key>filename</key>
      <string>image_diff_posterize.c</string>
      <key>line</key>
      <integer>19</integer>
      <key>column</key>
      <integer>9</integer>
      <key>message</key>
      <string>HLS pragma dump _XLX_SEP_ PragmaIsValid=1_XLX_SEP_ PragmaType=interface_XLX_SEP_ PragmaContext=_XLX_SEP_ PragmaFunction=image_diff_posterize_XLX_SEP_ PragmaOptions=m_axi port=A bundle=gmem0 offset=slave_XLX_SEP_</string>
      <key>ID</key>
      <integer>5471</integer>
      <key>WarningOption</key>
      <string>dump-hls-pragmas</string>
    </dict>
    <dict>
      <key>level</key>
      <string>warning</string>
      <key>filename</key>
      <string>image_diff_posterize.c</string>
      <key>line</key>
      <integer>20</integer>
      <key>column</key>
      <integer>9</integer>
      <key>message</key>
      <string>HLS pragma dump _XLX_SEP_ PragmaIsValid=1_XLX_SEP_ PragmaType=interface_XLX_SEP_ PragmaContext=_XLX_SEP_ PragmaFunction=image_diff_posterize_XLX_SEP_ PragmaOptions=m_axi port=B bundle=gmem1 offset=slave_XLX_SEP_</string>
      <key>ID</key>
      <integer>5471</integer>
      <key>WarningOption</key>
      <string>dump-hls-pragmas</string>
    </dict>
    <dict>
      <key>level</key>
      <string>warning</string>
      <key>filename</key>
      <string>image_diff_posterize.c</string>
      <key>line</key>
      <integer>21</integer>
      <key>column</key>
      <integer>9</integer>
      <key>message</key>
      <string>HLS pragma dump _XLX_SEP_ PragmaIsValid=1_XLX_SEP_ PragmaType=interface_XLX_SEP_ PragmaContext=_XLX_SEP_ PragmaFunction=image_diff_posterize_XLX_SEP_ PragmaOptions=m_axi port=C bundle=gmem2 offset=slave_XLX_SEP_</string>
      <key>ID</key>
      <integer>5471</integer>
      <key>WarningOption</key>
      <string>dump-hls-pragmas</string>
    </dict>
    <dict>
      <key>level</key>
      <string>warning</string>
      <key>filename</key>
      <string>image_diff_posterize.c</string>
      <key>line</key>
      <integer>22</integer>
      <key>column</key>
      <integer>9</integer>
      <key>message</key>
      <string>HLS pragma dump _XLX_SEP_ PragmaIsValid=1_XLX_SEP_ PragmaType=interface_XLX_SEP_ PragmaContext=_XLX_SEP_ PragmaFunction=image_diff_posterize_XLX_SEP_ PragmaOptions=s_axilite port=return_XLX_SEP_</string>
      <key>ID</key>
      <integer>5471</integer>
      <key>WarningOption</key>
      <string>dump-hls-pragmas</string>
    </dict>
    <dict>
      <key>level</key>
      <string>warning</string>
      <key>filename</key>
      <string>image_diff_posterize.c</string>
      <key>line</key>
      <integer>33</integer>
      <key>column</key>
      <integer>9</integer>
      <key>message</key>
      <string>HLS pragma dump _XLX_SEP_ PragmaIsValid=1_XLX_SEP_ PragmaType=array_partition_XLX_SEP_ PragmaContext=_XLX_SEP_ PragmaFunction=image_diff_posterize_XLX_SEP_ PragmaOptions=variable=rowA cyclic factor=8_XLX_SEP_</string>
      <key>ID</key>
      <integer>5471</integer>
      <key>WarningOption</key>
      <string>dump-hls-pragmas</string>
    </dict>
    <dict>
      <key>level</key>
      <string>warning</string>
      <key>filename</key>
      <string>image_diff_posterize.c</string>
      <key>line</key>
      <integer>34</integer>
      <key>column</key>
      <integer>9</integer>
      <key>message</key>
      <string>HLS pragma dump _XLX_SEP_ PragmaIsValid=1_XLX_SEP_ PragmaType=array_partition_XLX_SEP_ PragmaContext=_XLX_SEP_ PragmaFunction=image_diff_posterize_XLX_SEP_ PragmaOptions=variable=rowB cyclic factor=8_XLX_SEP_</string>
      <key>ID</key>
      <integer>5471</integer>
      <key>WarningOption</key>
      <string>dump-hls-pragmas</string>
    </dict>
    <dict>
      <key>level</key>
      <string>warning</string>
      <key>filename</key>
      <string>image_diff_posterize.c</string>
      <key>line</key>
      <integer>35</integer>
      <key>column</key>
      <integer>9</integer>
      <key>message</key>
      <string>HLS pragma dump _XLX_SEP_ PragmaIsValid=1_XLX_SEP_ PragmaType=array_partition_XLX_SEP_ PragmaContext=_XLX_SEP_ PragmaFunction=image_diff_posterize_XLX_SEP_ PragmaOptions=variable=rowC cyclic factor=8_XLX_SEP_</string>
      <key>ID</key>
      <integer>5471</integer>
      <key>WarningOption</key>
      <string>dump-hls-pragmas</string>
    </dict>
    <dict>
      <key>level</key>
      <string>warning</string>
      <key>filename</key>
      <string>image_diff_posterize.c</string>
      <key>line</key>
      <integer>42</integer>
      <key>column</key>
      <integer>9</integer>
      <key>message</key>
      <string>HLS pragma dump _XLX_SEP_ PragmaIsValid=1_XLX_SEP_ PragmaType=loop_tripcount_XLX_SEP_ PragmaContext=_XLX_SEP_ PragmaFunction=image_diff_posterize_XLX_SEP_ PragmaOptions=min=(1 &lt;&lt; 8) max=(1 &lt;&lt; 8)_XLX_SEP_</string>
      <key>ID</key>
      <integer>5471</integer>
      <key>WarningOption</key>
      <string>dump-hls-pragmas</string>
    </dict>
    <dict>
      <key>level</key>
      <string>warning</string>
      <key>filename</key>
      <string>image_diff_posterize.c</string>
      <key>line</key>
      <integer>44</integer>
      <key>column</key>
      <integer>9</integer>
      <key>message</key>
      <string>HLS pragma dump _XLX_SEP_ PragmaIsValid=1_XLX_SEP_ PragmaType=dataflow_XLX_SEP_ PragmaContext=_XLX_SEP_ PragmaFunction=image_diff_posterize_XLX_SEP_ PragmaOptions=_XLX_SEP_</string>
      <key>ID</key>
      <integer>5471</integer>
      <key>WarningOption</key>
      <string>dump-hls-pragmas</string>
    </dict>
    <dict>
      <key>level</key>
      <string>warning</string>
      <key>filename</key>
      <string>image_diff_posterize.c</string>
      <key>line</key>
      <integer>48</integer>
      <key>column</key>
      <integer>9</integer>
      <key>message</key>
      <string>HLS pragma dump _XLX_SEP_ PragmaIsValid=1_XLX_SEP_ PragmaType=pipeline_XLX_SEP_ PragmaContext=_XLX_SEP_ PragmaFunction=image_diff_posterize_XLX_SEP_ PragmaOptions=II=1_XLX_SEP_</string>
      <key>ID</key>
      <integer>5471</integer>
      <key>WarningOption</key>
      <string>dump-hls-pragmas</string>
    </dict>
    <dict>
      <key>level</key>
      <string>warning</string>
      <key>filename</key>
      <string>image_diff_posterize.c</string>
      <key>line</key>
      <integer>49</integer>
      <key>column</key>
      <integer>9</integer>
      <key>message</key>
      <string>HLS pragma dump _XLX_SEP_ PragmaIsValid=1_XLX_SEP_ PragmaType=loop_tripcount_XLX_SEP_ PragmaContext=_XLX_SEP_ PragmaFunction=image_diff_posterize_XLX_SEP_ PragmaOptions=min=(1 &lt;&lt; 8) max=(1 &lt;&lt; 8)_XLX_SEP_</string>
      <key>ID</key>
      <integer>5471</integer>
      <key>WarningOption</key>
      <string>dump-hls-pragmas</string>
    </dict>
    <dict>
      <key>level</key>
      <string>warning</string>
      <key>filename</key>
      <string>image_diff_posterize.c</string>
      <key>line</key>
      <integer>77</integer>
      <key>column</key>
      <integer>9</integer>
      <key>message</key>
      <string>HLS pragma dump _XLX_SEP_ PragmaIsValid=1_XLX_SEP_ PragmaType=pipeline_XLX_SEP_ PragmaContext=_XLX_SEP_ PragmaFunction=image_diff_posterize_XLX_SEP_ PragmaOptions=II=1_XLX_SEP_</string>
      <key>ID</key>
      <integer>5471</integer>
      <key>WarningOption</key>
      <string>dump-hls-pragmas</string>
    </dict>
    <dict>
      <key>level</key>
      <string>warning</string>
      <key>filename</key>
      <string>image_diff_posterize.c</string>
      <key>line</key>
      <integer>78</integer>
      <key>column</key>
      <integer>9</integer>
      <key>message</key>
      <string>HLS pragma dump _XLX_SEP_ PragmaIsValid=1_XLX_SEP_ PragmaType=unroll_XLX_SEP_ PragmaContext=_XLX_SEP_ PragmaFunction=image_diff_posterize_XLX_SEP_ PragmaOptions=factor=8_XLX_SEP_</string>
      <key>ID</key>
      <integer>5471</integer>
      <key>WarningOption</key>
      <string>dump-hls-pragmas</string>
    </dict>
    <dict>
      <key>level</key>
      <string>warning</string>
      <key>filename</key>
      <string>image_diff_posterize.c</string>
      <key>line</key>
      <integer>79</integer>
      <key>column</key>
      <integer>9</integer>
      <key>message</key>
      <string>HLS pragma dump _XLX_SEP_ PragmaIsValid=1_XLX_SEP_ PragmaType=loop_tripcount_XLX_SEP_ PragmaContext=_XLX_SEP_ PragmaFunction=image_diff_posterize_XLX_SEP_ PragmaOptions=min=(1 &lt;&lt; 8) max=(1 &lt;&lt; 8)_XLX_SEP_</string>
      <key>ID</key>
      <integer>5471</integer>
      <key>WarningOption</key>
      <string>dump-hls-pragmas</string>
    </dict>
    <dict>
      <key>level</key>
      <string>warning</string>
      <key>filename</key>
      <string>image_diff_posterize.c</string>
      <key>line</key>
      <integer>93</integer>
      <key>column</key>
      <integer>9</integer>
      <key>message</key>
      <string>HLS pragma dump _XLX_SEP_ PragmaIsValid=1_XLX_SEP_ PragmaType=pipeline_XLX_SEP_ PragmaContext=_XLX_SEP_ PragmaFunction=image_diff_posterize_XLX_SEP_ PragmaOptions=II=1_XLX_SEP_</string>
      <key>ID</key>
      <integer>5471</integer>
      <key>WarningOption</key>
      <string>dump-hls-pragmas</string>
    </dict>
    <dict>
      <key>level</key>
      <string>warning</string>
      <key>filename</key>
      <string>image_diff_posterize.c</string>
      <key>line</key>
      <integer>94</integer>
      <key>column</key>
      <integer>9</integer>
      <key>message</key>
      <string>HLS pragma dump _XLX_SEP_ PragmaIsValid=1_XLX_SEP_ PragmaType=loop_tripcount_XLX_SEP_ PragmaContext=_XLX_SEP_ PragmaFunction=image_diff_posterize_XLX_SEP_ PragmaOptions=min=(1 &lt;&lt; 8) max=(1 &lt;&lt; 8)_XLX_SEP_</string>
      <key>ID</key>
      <integer>5471</integer>
      <key>WarningOption</key>
      <string>dump-hls-pragmas</string>
    </dict>
  </array>
</dict>
