<profile>

<section name = "Vitis HLS Report for 'image_diff_posterize'" level="0">
<item name = "Date">Fri Nov 28 18:38:39 2025
</item>
<item name = "Version">2022.2 (Build 3670227 on Oct 13 2022)</item>
<item name = "Project">Lab1</item>
<item name = "Solution">solution1 (Vivado IP Flow Target)</item>
<item name = "Product family">virtexuplus</item>
<item name = "Target device">xcu200-fsgd2104-2-e</item>
</section>

<section name = "Performance Estimates" level="0">
<item name = "Timing">
<section name = "" level="1">
<item name = "Summary"><table name="" hasTotal="0">
<keys size="4">Clock, Target, Estimated, Uncertainty</keys>
<column name="ap_clk">10.00 ns, 7.300 ns, 2.70 ns</column>
</table>
</item>
</section>
</item>
<item name = "Latency">
<section name = "" level="1">
<item name = "Summary"><table name="" hasTotal="0">
<keys size="8">, min, max, min, max, min, max, Type</keys>
<column name="">69168, 69168, 0.692 ms, 0.692 ms, 69169, 69169, no</column>
</table>
</item>
<item name = "Detail">
<section name = "" level="1">
<item name = "Instance"><table name="" hasTotal="0">
<keys size="9">Instance, Module, min, max, min, max, min, max, Type</keys>
</table>
</item>
<item name = "Loop"><table name="" hasTotal="0">
<keys size="8">Loop Name, min, max, Latency, achieved, target, Count, Pipelined</keys>
<column name="- Row_Loop">69167, 69167, 573, -, -, 256, no</column>
</table>
</item>
</section>
</item>
</section>
</item>
</section>
</profile>
