<stg><name>Read_Loop_proc</name>


<trans_list>

<trans id="39" from="1" to="2">
<condition id="-1">
<or_exp><and_exp></and_exp></or_exp>
</condition>
</trans>

<trans id="40" from="2" to="3">
<condition id="-1">
<or_exp><and_exp></and_exp></or_exp>
</condition>
</trans>

<trans id="41" from="3" to="4">
<condition id="-1">
<or_exp><and_exp></and_exp></or_exp>
</condition>
</trans>

<trans id="42" from="4" to="5">
<condition id="-1">
<or_exp><and_exp></and_exp></or_exp>
</condition>
</trans>

<trans id="43" from="5" to="6">
<condition id="-1">
<or_exp><and_exp></and_exp></or_exp>
</condition>
</trans>

<trans id="44" from="6" to="7">
<condition id="-1">
<or_exp><and_exp></and_exp></or_exp>
</condition>
</trans>

<trans id="45" from="7" to="8">
<condition id="-1">
<or_exp><and_exp></and_exp></or_exp>
</condition>
</trans>

<trans id="46" from="8" to="9">
<condition id="-1">
<or_exp><and_exp></and_exp></or_exp>
</condition>
</trans>

<trans id="47" from="9" to="10">
<condition id="-1">
<or_exp><and_exp></and_exp></or_exp>
</condition>
</trans>
</trans_list>



<state_list>

<state id="1" st_id="1">

<operation id="11" st_id="1" stage="1" lat="1">
<core>NULL</core>
<MemPortIdVec></MemPortIdVec>
<condition id="-1">
<or_exp><and_exp></and_exp></or_exp>
</condition>

<Node id="22" bw="64" op_0_bw="64" op_1_bw="64">
<![CDATA[
entry:0 %B_read = read i64 @_ssdm_op_Read.ap_auto.i64, i64 %B

]]></Node>
<StgValue><ssdm name="B_read"/></StgValue>
</operation>

<operation id="12" st_id="1" stage="1" lat="1">
<core>NULL</core>
<MemPortIdVec></MemPortIdVec>
<condition id="-1">
<or_exp><and_exp></and_exp></or_exp>
</condition>

<Node id="23" bw="64" op_0_bw="64" op_1_bw="64">
<![CDATA[
entry:1 %A_read = read i64 @_ssdm_op_Read.ap_auto.i64, i64 %A

]]></Node>
<StgValue><ssdm name="A_read"/></StgValue>
</operation>

<operation id="13" st_id="1" stage="1" lat="1">
<core>FIFO_SRL</core>
<MemPortIdVec></MemPortIdVec>
<condition id="-1">
<or_exp><and_exp></and_exp></or_exp>
</condition>

<Node id="24" bw="8" op_0_bw="8" op_1_bw="8">
<![CDATA[
entry:2 %i_read = read i8 @_ssdm_op_Read.ap_auto.i8, i8 %i

]]></Node>
<StgValue><ssdm name="i_read"/></StgValue>
</operation>

<operation id="14" st_id="1" stage="1" lat="1">
<core>NULL</core>
<MemPortIdVec></MemPortIdVec>
<condition id="-1">
<or_exp><and_exp></and_exp></or_exp>
</condition>

<Node id="27" bw="16" op_0_bw="16" op_1_bw="8" op_2_bw="8">
<![CDATA[
entry:5 %shl_ln_i = bitconcatenate i16 @_ssdm_op_BitConcatenate.i16.i8.i8, i8 %i_read, i8 0

]]></Node>
<StgValue><ssdm name="shl_ln_i"/></StgValue>
</operation>

<operation id="15" st_id="1" stage="1" lat="1">
<core>NULL</core>
<MemPortIdVec></MemPortIdVec>
<condition id="-1">
<or_exp><and_exp></and_exp></or_exp>
</condition>

<Node id="28" bw="64" op_0_bw="16">
<![CDATA[
entry:6 %zext_ln41 = zext i16 %shl_ln_i

]]></Node>
<StgValue><ssdm name="zext_ln41"/></StgValue>
</operation>

<operation id="16" st_id="1" stage="1" lat="1">
<core>Adder</core>
<MemPortIdVec></MemPortIdVec>
<condition id="-1">
<or_exp><and_exp></and_exp></or_exp>
</condition>

<Node id="29" bw="64" op_0_bw="64" op_1_bw="64">
<![CDATA[
entry:7 %add_ln41 = add i64 %zext_ln41, i64 %A_read

]]></Node>
<StgValue><ssdm name="add_ln41"/></StgValue>
</operation>

<operation id="17" st_id="1" stage="1" lat="1">
<core>Adder</core>
<MemPortIdVec></MemPortIdVec>
<condition id="-1">
<or_exp><and_exp></and_exp></or_exp>
</condition>

<Node id="30" bw="64" op_0_bw="64" op_1_bw="64">
<![CDATA[
entry:8 %add_ln41_1 = add i64 %zext_ln41, i64 %B_read

]]></Node>
<StgValue><ssdm name="add_ln41_1"/></StgValue>
</operation>
</state>

<state id="2" st_id="2">

<operation id="18" st_id="2" stage="1" lat="1">
<core>NULL</core>
<MemPortIdVec></MemPortIdVec>
<condition id="-1">
<or_exp><and_exp></and_exp></or_exp>
</condition>

<Node id="31" bw="64" op_0_bw="64" op_1_bw="64">
<![CDATA[
entry:9 %gmem0_addr = getelementptr i8 %gmem0, i64 %add_ln41

]]></Node>
<StgValue><ssdm name="gmem0_addr"/></StgValue>
</operation>

<operation id="19" st_id="2" stage="1" lat="1">
<core>NULL</core>
<MemPortIdVec></MemPortIdVec>
<condition id="-1">
<or_exp><and_exp></and_exp></or_exp>
</condition>

<Node id="32" bw="64" op_0_bw="64" op_1_bw="64">
<![CDATA[
entry:10 %gmem1_addr = getelementptr i8 %gmem1, i64 %add_ln41_1

]]></Node>
<StgValue><ssdm name="gmem1_addr"/></StgValue>
</operation>

<operation id="20" st_id="2" stage="7" lat="7">
<core>m_axi</core>
<MemPortIdVec></MemPortIdVec>
<condition id="-1">
<or_exp><and_exp></and_exp></or_exp>
</condition>

<Node id="33" bw="1" op_0_bw="1" op_1_bw="8" op_2_bw="32">
<![CDATA[
entry:11 %empty = readreq i1 @_ssdm_op_ReadReq.m_axi.p1i8, i64 %gmem0_addr, i32 256

]]></Node>
<StgValue><ssdm name="empty"/></StgValue>
</operation>

<operation id="21" st_id="2" stage="7" lat="7">
<core>m_axi</core>
<MemPortIdVec></MemPortIdVec>
<condition id="-1">
<or_exp><and_exp></and_exp></or_exp>
</condition>

<Node id="34" bw="1" op_0_bw="1" op_1_bw="8" op_2_bw="32">
<![CDATA[
entry:12 %empty_35 = readreq i1 @_ssdm_op_ReadReq.m_axi.p1i8, i64 %gmem1_addr, i32 256

]]></Node>
<StgValue><ssdm name="empty_35"/></StgValue>
</operation>
</state>

<state id="3" st_id="3">

<operation id="22" st_id="3" stage="6" lat="7">
<core>m_axi</core>
<MemPortIdVec></MemPortIdVec>
<condition id="-1">
<or_exp><and_exp></and_exp></or_exp>
</condition>

<Node id="33" bw="1" op_0_bw="1" op_1_bw="8" op_2_bw="32">
<![CDATA[
entry:11 %empty = readreq i1 @_ssdm_op_ReadReq.m_axi.p1i8, i64 %gmem0_addr, i32 256

]]></Node>
<StgValue><ssdm name="empty"/></StgValue>
</operation>

<operation id="23" st_id="3" stage="6" lat="7">
<core>m_axi</core>
<MemPortIdVec></MemPortIdVec>
<condition id="-1">
<or_exp><and_exp></and_exp></or_exp>
</condition>

<Node id="34" bw="1" op_0_bw="1" op_1_bw="8" op_2_bw="32">
<![CDATA[
entry:12 %empty_35 = readreq i1 @_ssdm_op_ReadReq.m_axi.p1i8, i64 %gmem1_addr, i32 256

]]></Node>
<StgValue><ssdm name="empty_35"/></StgValue>
</operation>
</state>

<state id="4" st_id="4">

<operation id="24" st_id="4" stage="5" lat="7">
<core>m_axi</core>
<MemPortIdVec></MemPortIdVec>
<condition id="-1">
<or_exp><and_exp></and_exp></or_exp>
</condition>

<Node id="33" bw="1" op_0_bw="1" op_1_bw="8" op_2_bw="32">
<![CDATA[
entry:11 %empty = readreq i1 @_ssdm_op_ReadReq.m_axi.p1i8, i64 %gmem0_addr, i32 256

]]></Node>
<StgValue><ssdm name="empty"/></StgValue>
</operation>

<operation id="25" st_id="4" stage="5" lat="7">
<core>m_axi</core>
<MemPortIdVec></MemPortIdVec>
<condition id="-1">
<or_exp><and_exp></and_exp></or_exp>
</condition>

<Node id="34" bw="1" op_0_bw="1" op_1_bw="8" op_2_bw="32">
<![CDATA[
entry:12 %empty_35 = readreq i1 @_ssdm_op_ReadReq.m_axi.p1i8, i64 %gmem1_addr, i32 256

]]></Node>
<StgValue><ssdm name="empty_35"/></StgValue>
</operation>
</state>

<state id="5" st_id="5">

<operation id="26" st_id="5" stage="4" lat="7">
<core>m_axi</core>
<MemPortIdVec></MemPortIdVec>
<condition id="-1">
<or_exp><and_exp></and_exp></or_exp>
</condition>

<Node id="33" bw="1" op_0_bw="1" op_1_bw="8" op_2_bw="32">
<![CDATA[
entry:11 %empty = readreq i1 @_ssdm_op_ReadReq.m_axi.p1i8, i64 %gmem0_addr, i32 256

]]></Node>
<StgValue><ssdm name="empty"/></StgValue>
</operation>

<operation id="27" st_id="5" stage="4" lat="7">
<core>m_axi</core>
<MemPortIdVec></MemPortIdVec>
<condition id="-1">
<or_exp><and_exp></and_exp></or_exp>
</condition>

<Node id="34" bw="1" op_0_bw="1" op_1_bw="8" op_2_bw="32">
<![CDATA[
entry:12 %empty_35 = readreq i1 @_ssdm_op_ReadReq.m_axi.p1i8, i64 %gmem1_addr, i32 256

]]></Node>
<StgValue><ssdm name="empty_35"/></StgValue>
</operation>
</state>

<state id="6" st_id="6">

<operation id="28" st_id="6" stage="3" lat="7">
<core>m_axi</core>
<MemPortIdVec></MemPortIdVec>
<condition id="-1">
<or_exp><and_exp></and_exp></or_exp>
</condition>

<Node id="33" bw="1" op_0_bw="1" op_1_bw="8" op_2_bw="32">
<![CDATA[
entry:11 %empty = readreq i1 @_ssdm_op_ReadReq.m_axi.p1i8, i64 %gmem0_addr, i32 256

]]></Node>
<StgValue><ssdm name="empty"/></StgValue>
</operation>

<operation id="29" st_id="6" stage="3" lat="7">
<core>m_axi</core>
<MemPortIdVec></MemPortIdVec>
<condition id="-1">
<or_exp><and_exp></and_exp></or_exp>
</condition>

<Node id="34" bw="1" op_0_bw="1" op_1_bw="8" op_2_bw="32">
<![CDATA[
entry:12 %empty_35 = readreq i1 @_ssdm_op_ReadReq.m_axi.p1i8, i64 %gmem1_addr, i32 256

]]></Node>
<StgValue><ssdm name="empty_35"/></StgValue>
</operation>
</state>

<state id="7" st_id="7">

<operation id="30" st_id="7" stage="2" lat="7">
<core>m_axi</core>
<MemPortIdVec></MemPortIdVec>
<condition id="-1">
<or_exp><and_exp></and_exp></or_exp>
</condition>

<Node id="33" bw="1" op_0_bw="1" op_1_bw="8" op_2_bw="32">
<![CDATA[
entry:11 %empty = readreq i1 @_ssdm_op_ReadReq.m_axi.p1i8, i64 %gmem0_addr, i32 256

]]></Node>
<StgValue><ssdm name="empty"/></StgValue>
</operation>

<operation id="31" st_id="7" stage="2" lat="7">
<core>m_axi</core>
<MemPortIdVec></MemPortIdVec>
<condition id="-1">
<or_exp><and_exp></and_exp></or_exp>
</condition>

<Node id="34" bw="1" op_0_bw="1" op_1_bw="8" op_2_bw="32">
<![CDATA[
entry:12 %empty_35 = readreq i1 @_ssdm_op_ReadReq.m_axi.p1i8, i64 %gmem1_addr, i32 256

]]></Node>
<StgValue><ssdm name="empty_35"/></StgValue>
</operation>
</state>

<state id="8" st_id="8">

<operation id="32" st_id="8" stage="1" lat="7">
<core>m_axi</core>
<MemPortIdVec></MemPortIdVec>
<condition id="-1">
<or_exp><and_exp></and_exp></or_exp>
</condition>

<Node id="33" bw="1" op_0_bw="1" op_1_bw="8" op_2_bw="32">
<![CDATA[
entry:11 %empty = readreq i1 @_ssdm_op_ReadReq.m_axi.p1i8, i64 %gmem0_addr, i32 256

]]></Node>
<StgValue><ssdm name="empty"/></StgValue>
</operation>

<operation id="33" st_id="8" stage="1" lat="7">
<core>m_axi</core>
<MemPortIdVec></MemPortIdVec>
<condition id="-1">
<or_exp><and_exp></and_exp></or_exp>
</condition>

<Node id="34" bw="1" op_0_bw="1" op_1_bw="8" op_2_bw="32">
<![CDATA[
entry:12 %empty_35 = readreq i1 @_ssdm_op_ReadReq.m_axi.p1i8, i64 %gmem1_addr, i32 256

]]></Node>
<StgValue><ssdm name="empty_35"/></StgValue>
</operation>
</state>

<state id="9" st_id="9">

<operation id="34" st_id="9" stage="2" lat="2">
<core></core>
<MemPortIdVec></MemPortIdVec>
<condition id="-1">
<or_exp><and_exp></and_exp></or_exp>
</condition>

<Node id="35" bw="0" op_0_bw="0" op_1_bw="8" op_2_bw="64" op_3_bw="8" op_4_bw="64" op_5_bw="8" op_6_bw="8" op_7_bw="8" op_8_bw="8" op_9_bw="8" op_10_bw="8" op_11_bw="8" op_12_bw="8" op_13_bw="8" op_14_bw="8" op_15_bw="8" op_16_bw="8" op_17_bw="8" op_18_bw="8" op_19_bw="8" op_20_bw="8" op_21_bw="0" op_22_bw="0">
<![CDATA[
entry:13 %call_ln41 = call void @Read_Loop_proc_Pipeline_Read_Loop, i8 %gmem1, i64 %add_ln41_1, i8 %gmem0, i64 %add_ln41, i8 %image_diff_posterize_rowA_0, i8 %image_diff_posterize_rowB_0, i8 %image_diff_posterize_rowA_1, i8 %image_diff_posterize_rowB_1, i8 %image_diff_posterize_rowA_2, i8 %image_diff_posterize_rowB_2, i8 %image_diff_posterize_rowA_3, i8 %image_diff_posterize_rowB_3, i8 %image_diff_posterize_rowA_4, i8 %image_diff_posterize_rowB_4, i8 %image_diff_posterize_rowA_5, i8 %image_diff_posterize_rowB_5, i8 %image_diff_posterize_rowA_6, i8 %image_diff_posterize_rowB_6, i8 %image_diff_posterize_rowA_7, i8 %image_diff_posterize_rowB_7

]]></Node>
<StgValue><ssdm name="call_ln41"/></StgValue>
</operation>
</state>

<state id="10" st_id="10">

<operation id="35" st_id="10" stage="1" lat="1">
<core>NULL</core>
<MemPortIdVec></MemPortIdVec>
<condition id="-1">
<or_exp><and_exp></and_exp></or_exp>
</condition>

<Node id="25" bw="0" op_0_bw="0" op_1_bw="8" op_2_bw="0" op_3_bw="32" op_4_bw="32" op_5_bw="0" op_6_bw="32" op_7_bw="32" op_8_bw="0" op_9_bw="0" op_10_bw="0" op_11_bw="32" op_12_bw="32" op_13_bw="32" op_14_bw="32" op_15_bw="0" op_16_bw="0" op_17_bw="32" op_18_bw="32">
<![CDATA[
entry:3 %specinterface_ln0 = specinterface void @_ssdm_op_SpecInterface, i8 %gmem0, void @empty, i32 0, i32 0, void @empty_0, i32 0, i32 0, void @empty_3, void @empty_1, void @empty_0, i32 16, i32 16, i32 16, i32 16, void @empty_0, void @empty_0, i32 4294967295, i32 0

]]></Node>
<StgValue><ssdm name="specinterface_ln0"/></StgValue>
</operation>

<operation id="36" st_id="10" stage="1" lat="1">
<core>NULL</core>
<MemPortIdVec></MemPortIdVec>
<condition id="-1">
<or_exp><and_exp></and_exp></or_exp>
</condition>

<Node id="26" bw="0" op_0_bw="0" op_1_bw="8" op_2_bw="0" op_3_bw="32" op_4_bw="32" op_5_bw="0" op_6_bw="32" op_7_bw="32" op_8_bw="0" op_9_bw="0" op_10_bw="0" op_11_bw="32" op_12_bw="32" op_13_bw="32" op_14_bw="32" op_15_bw="0" op_16_bw="0" op_17_bw="32" op_18_bw="32">
<![CDATA[
entry:4 %specinterface_ln0 = specinterface void @_ssdm_op_SpecInterface, i8 %gmem1, void @empty, i32 0, i32 0, void @empty_0, i32 0, i32 0, void @empty_14, void @empty_1, void @empty_0, i32 16, i32 16, i32 16, i32 16, void @empty_0, void @empty_0, i32 4294967295, i32 0

]]></Node>
<StgValue><ssdm name="specinterface_ln0"/></StgValue>
</operation>

<operation id="37" st_id="10" stage="1" lat="2">
<core></core>
<MemPortIdVec></MemPortIdVec>
<condition id="-1">
<or_exp><and_exp></and_exp></or_exp>
</condition>

<Node id="35" bw="0" op_0_bw="0" op_1_bw="8" op_2_bw="64" op_3_bw="8" op_4_bw="64" op_5_bw="8" op_6_bw="8" op_7_bw="8" op_8_bw="8" op_9_bw="8" op_10_bw="8" op_11_bw="8" op_12_bw="8" op_13_bw="8" op_14_bw="8" op_15_bw="8" op_16_bw="8" op_17_bw="8" op_18_bw="8" op_19_bw="8" op_20_bw="8" op_21_bw="0" op_22_bw="0">
<![CDATA[
entry:13 %call_ln41 = call void @Read_Loop_proc_Pipeline_Read_Loop, i8 %gmem1, i64 %add_ln41_1, i8 %gmem0, i64 %add_ln41, i8 %image_diff_posterize_rowA_0, i8 %image_diff_posterize_rowB_0, i8 %image_diff_posterize_rowA_1, i8 %image_diff_posterize_rowB_1, i8 %image_diff_posterize_rowA_2, i8 %image_diff_posterize_rowB_2, i8 %image_diff_posterize_rowA_3, i8 %image_diff_posterize_rowB_3, i8 %image_diff_posterize_rowA_4, i8 %image_diff_posterize_rowB_4, i8 %image_diff_posterize_rowA_5, i8 %image_diff_posterize_rowB_5, i8 %image_diff_posterize_rowA_6, i8 %image_diff_posterize_rowB_6, i8 %image_diff_posterize_rowA_7, i8 %image_diff_posterize_rowB_7

]]></Node>
<StgValue><ssdm name="call_ln41"/></StgValue>
</operation>

<operation id="38" st_id="10" stage="1" lat="1">
<core>NULL</core>
<MemPortIdVec></MemPortIdVec>
<condition id="-1">
<or_exp><and_exp></and_exp></or_exp>
</condition>

<Node id="36" bw="0" op_0_bw="8">
<![CDATA[
entry:14 %ret_ln0 = ret i8 %i_read

]]></Node>
<StgValue><ssdm name="ret_ln0"/></StgValue>
</operation>
</state>
</state_list>


<ports>
<port id="48" name="gmem0" dir="0" iftype="4">
<core>NULL</core><StgValue><ssdm name="gmem0"/></StgValue>
</port>
<port id="49" name="i" dir="0" iftype="0">
<core>NULL</core><StgValue><ssdm name="i"/></StgValue>
</port>
<port id="50" name="A" dir="0" iftype="0">
<core>NULL</core><StgValue><ssdm name="A"/></StgValue>
</port>
<port id="51" name="gmem1" dir="0" iftype="4">
<core>NULL</core><StgValue><ssdm name="gmem1"/></StgValue>
</port>
<port id="52" name="B" dir="0" iftype="0">
<core>NULL</core><StgValue><ssdm name="B"/></StgValue>
</port>
<port id="53" name="image_diff_posterize_rowA_0" dir="1" iftype="1">
<core>RAM</core><StgValue><ssdm name="image_diff_posterize_rowA_0"/><MemPortTyVec>0 3 </MemPortTyVec>
</StgValue>
</port>
<port id="54" name="image_diff_posterize_rowB_0" dir="1" iftype="1">
<core>RAM</core><StgValue><ssdm name="image_diff_posterize_rowB_0"/><MemPortTyVec>0 3 </MemPortTyVec>
</StgValue>
</port>
<port id="55" name="image_diff_posterize_rowA_1" dir="1" iftype="1">
<core>RAM</core><StgValue><ssdm name="image_diff_posterize_rowA_1"/><MemPortTyVec>0 3 </MemPortTyVec>
</StgValue>
</port>
<port id="56" name="image_diff_posterize_rowB_1" dir="1" iftype="1">
<core>RAM</core><StgValue><ssdm name="image_diff_posterize_rowB_1"/><MemPortTyVec>0 3 </MemPortTyVec>
</StgValue>
</port>
<port id="57" name="image_diff_posterize_rowA_2" dir="1" iftype="1">
<core>RAM</core><StgValue><ssdm name="image_diff_posterize_rowA_2"/><MemPortTyVec>0 3 </MemPortTyVec>
</StgValue>
</port>
<port id="58" name="image_diff_posterize_rowB_2" dir="1" iftype="1">
<core>RAM</core><StgValue><ssdm name="image_diff_posterize_rowB_2"/><MemPortTyVec>0 3 </MemPortTyVec>
</StgValue>
</port>
<port id="59" name="image_diff_posterize_rowA_3" dir="1" iftype="1">
<core>RAM</core><StgValue><ssdm name="image_diff_posterize_rowA_3"/><MemPortTyVec>0 3 </MemPortTyVec>
</StgValue>
</port>
<port id="60" name="image_diff_posterize_rowB_3" dir="1" iftype="1">
<core>RAM</core><StgValue><ssdm name="image_diff_posterize_rowB_3"/><MemPortTyVec>0 3 </MemPortTyVec>
</StgValue>
</port>
<port id="61" name="image_diff_posterize_rowA_4" dir="1" iftype="1">
<core>RAM</core><StgValue><ssdm name="image_diff_posterize_rowA_4"/><MemPortTyVec>0 3 </MemPortTyVec>
</StgValue>
</port>
<port id="62" name="image_diff_posterize_rowB_4" dir="1" iftype="1">
<core>RAM</core><StgValue><ssdm name="image_diff_posterize_rowB_4"/><MemPortTyVec>0 3 </MemPortTyVec>
</StgValue>
</port>
<port id="63" name="image_diff_posterize_rowA_5" dir="1" iftype="1">
<core>RAM</core><StgValue><ssdm name="image_diff_posterize_rowA_5"/><MemPortTyVec>0 3 </MemPortTyVec>
</StgValue>
</port>
<port id="64" name="image_diff_posterize_rowB_5" dir="1" iftype="1">
<core>RAM</core><StgValue><ssdm name="image_diff_posterize_rowB_5"/><MemPortTyVec>0 3 </MemPortTyVec>
</StgValue>
</port>
<port id="65" name="image_diff_posterize_rowA_6" dir="1" iftype="1">
<core>RAM</core><StgValue><ssdm name="image_diff_posterize_rowA_6"/><MemPortTyVec>0 3 </MemPortTyVec>
</StgValue>
</port>
<port id="66" name="image_diff_posterize_rowB_6" dir="1" iftype="1">
<core>RAM</core><StgValue><ssdm name="image_diff_posterize_rowB_6"/><MemPortTyVec>0 3 </MemPortTyVec>
</StgValue>
</port>
<port id="67" name="image_diff_posterize_rowA_7" dir="1" iftype="1">
<core>RAM</core><StgValue><ssdm name="image_diff_posterize_rowA_7"/><MemPortTyVec>0 3 </MemPortTyVec>
</StgValue>
</port>
<port id="68" name="image_diff_posterize_rowB_7" dir="1" iftype="1">
<core>RAM</core><StgValue><ssdm name="image_diff_posterize_rowB_7"/><MemPortTyVec>0 3 </MemPortTyVec>
</StgValue>
</port>
</ports>


<dataflows>
<dataflow id="70" from="_ssdm_op_Read.ap_auto.i64" to="B_read" fromId="69" toId="11">
</dataflow>
<dataflow id="71" from="B" to="B_read" fromId="52" toId="11">
</dataflow>
<dataflow id="72" from="_ssdm_op_Read.ap_auto.i64" to="A_read" fromId="69" toId="12">
</dataflow>
<dataflow id="73" from="A" to="A_read" fromId="50" toId="12">
</dataflow>
<dataflow id="75" from="_ssdm_op_Read.ap_auto.i8" to="i_read" fromId="74" toId="13">
</dataflow>
<dataflow id="76" from="i" to="i_read" fromId="49" toId="13">
</dataflow>
<dataflow id="78" from="_ssdm_op_BitConcatenate.i16.i8.i8" to="shl_ln_i" fromId="77" toId="14">
</dataflow>
<dataflow id="79" from="i_read" to="shl_ln_i" fromId="13" toId="14">
</dataflow>
<dataflow id="81" from="StgValue_80" to="shl_ln_i" fromId="80" toId="14">
</dataflow>
<dataflow id="82" from="shl_ln_i" to="zext_ln41" fromId="14" toId="15">
</dataflow>
<dataflow id="83" from="zext_ln41" to="add_ln41" fromId="15" toId="16">
</dataflow>
<dataflow id="84" from="A_read" to="add_ln41" fromId="12" toId="16">
</dataflow>
<dataflow id="85" from="zext_ln41" to="add_ln41_1" fromId="15" toId="17">
</dataflow>
<dataflow id="86" from="B_read" to="add_ln41_1" fromId="11" toId="17">
</dataflow>
<dataflow id="87" from="gmem0" to="gmem0_addr" fromId="48" toId="18">
</dataflow>
<dataflow id="88" from="add_ln41" to="gmem0_addr" fromId="16" toId="18">
</dataflow>
<dataflow id="89" from="gmem1" to="gmem1_addr" fromId="51" toId="19">
</dataflow>
<dataflow id="90" from="add_ln41_1" to="gmem1_addr" fromId="17" toId="19">
</dataflow>
<dataflow id="92" from="_ssdm_op_ReadReq.m_axi.p1i8" to="empty" fromId="91" toId="20">
</dataflow>
<dataflow id="93" from="gmem0_addr" to="empty" fromId="18" toId="20">
</dataflow>
<dataflow id="95" from="StgValue_94" to="empty" fromId="94" toId="20">
</dataflow>
<dataflow id="96" from="_ssdm_op_ReadReq.m_axi.p1i8" to="empty_35" fromId="91" toId="21">
</dataflow>
<dataflow id="97" from="gmem1_addr" to="empty_35" fromId="19" toId="21">
</dataflow>
<dataflow id="98" from="StgValue_94" to="empty_35" fromId="94" toId="21">
</dataflow>
<dataflow id="99" from="_ssdm_op_ReadReq.m_axi.p1i8" to="empty" fromId="91" toId="22">
</dataflow>
<dataflow id="100" from="gmem0_addr" to="empty" fromId="18" toId="22">
</dataflow>
<dataflow id="101" from="StgValue_94" to="empty" fromId="94" toId="22">
</dataflow>
<dataflow id="102" from="_ssdm_op_ReadReq.m_axi.p1i8" to="empty_35" fromId="91" toId="23">
</dataflow>
<dataflow id="103" from="gmem1_addr" to="empty_35" fromId="19" toId="23">
</dataflow>
<dataflow id="104" from="StgValue_94" to="empty_35" fromId="94" toId="23">
</dataflow>
<dataflow id="105" from="_ssdm_op_ReadReq.m_axi.p1i8" to="empty" fromId="91" toId="24">
</dataflow>
<dataflow id="106" from="gmem0_addr" to="empty" fromId="18" toId="24">
</dataflow>
<dataflow id="107" from="StgValue_94" to="empty" fromId="94" toId="24">
</dataflow>
<dataflow id="108" from="_ssdm_op_ReadReq.m_axi.p1i8" to="empty_35" fromId="91" toId="25">
</dataflow>
<dataflow id="109" from="gmem1_addr" to="empty_35" fromId="19" toId="25">
</dataflow>
<dataflow id="110" from="StgValue_94" to="empty_35" fromId="94" toId="25">
</dataflow>
<dataflow id="111" from="_ssdm_op_ReadReq.m_axi.p1i8" to="empty" fromId="91" toId="26">
</dataflow>
<dataflow id="112" from="gmem0_addr" to="empty" fromId="18" toId="26">
</dataflow>
<dataflow id="113" from="StgValue_94" to="empty" fromId="94" toId="26">
</dataflow>
<dataflow id="114" from="_ssdm_op_ReadReq.m_axi.p1i8" to="empty_35" fromId="91" toId="27">
</dataflow>
<dataflow id="115" from="gmem1_addr" to="empty_35" fromId="19" toId="27">
</dataflow>
<dataflow id="116" from="StgValue_94" to="empty_35" fromId="94" toId="27">
</dataflow>
<dataflow id="117" from="_ssdm_op_ReadReq.m_axi.p1i8" to="empty" fromId="91" toId="28">
</dataflow>
<dataflow id="118" from="gmem0_addr" to="empty" fromId="18" toId="28">
</dataflow>
<dataflow id="119" from="StgValue_94" to="empty" fromId="94" toId="28">
</dataflow>
<dataflow id="120" from="_ssdm_op_ReadReq.m_axi.p1i8" to="empty_35" fromId="91" toId="29">
</dataflow>
<dataflow id="121" from="gmem1_addr" to="empty_35" fromId="19" toId="29">
</dataflow>
<dataflow id="122" from="StgValue_94" to="empty_35" fromId="94" toId="29">
</dataflow>
<dataflow id="123" from="_ssdm_op_ReadReq.m_axi.p1i8" to="empty" fromId="91" toId="30">
</dataflow>
<dataflow id="124" from="gmem0_addr" to="empty" fromId="18" toId="30">
</dataflow>
<dataflow id="125" from="StgValue_94" to="empty" fromId="94" toId="30">
</dataflow>
<dataflow id="126" from="_ssdm_op_ReadReq.m_axi.p1i8" to="empty_35" fromId="91" toId="31">
</dataflow>
<dataflow id="127" from="gmem1_addr" to="empty_35" fromId="19" toId="31">
</dataflow>
<dataflow id="128" from="StgValue_94" to="empty_35" fromId="94" toId="31">
</dataflow>
<dataflow id="129" from="_ssdm_op_ReadReq.m_axi.p1i8" to="empty" fromId="91" toId="32">
</dataflow>
<dataflow id="130" from="gmem0_addr" to="empty" fromId="18" toId="32">
</dataflow>
<dataflow id="131" from="StgValue_94" to="empty" fromId="94" toId="32">
</dataflow>
<dataflow id="132" from="_ssdm_op_ReadReq.m_axi.p1i8" to="empty_35" fromId="91" toId="33">
</dataflow>
<dataflow id="133" from="gmem1_addr" to="empty_35" fromId="19" toId="33">
</dataflow>
<dataflow id="134" from="StgValue_94" to="empty_35" fromId="94" toId="33">
</dataflow>
<dataflow id="136" from="Read_Loop_proc_Pipeline_Read_Loop" to="call_ln41" fromId="135" toId="34">
</dataflow>
<dataflow id="137" from="gmem1" to="call_ln41" fromId="51" toId="34">
</dataflow>
<dataflow id="138" from="add_ln41_1" to="call_ln41" fromId="17" toId="34">
</dataflow>
<dataflow id="139" from="gmem0" to="call_ln41" fromId="48" toId="34">
</dataflow>
<dataflow id="140" from="add_ln41" to="call_ln41" fromId="16" toId="34">
</dataflow>
<dataflow id="141" from="image_diff_posterize_rowA_0" to="call_ln41" fromId="53" toId="34">
</dataflow>
<dataflow id="142" from="image_diff_posterize_rowB_0" to="call_ln41" fromId="54" toId="34">
</dataflow>
<dataflow id="143" from="image_diff_posterize_rowA_1" to="call_ln41" fromId="55" toId="34">
</dataflow>
<dataflow id="144" from="image_diff_posterize_rowB_1" to="call_ln41" fromId="56" toId="34">
</dataflow>
<dataflow id="145" from="image_diff_posterize_rowA_2" to="call_ln41" fromId="57" toId="34">
</dataflow>
<dataflow id="146" from="image_diff_posterize_rowB_2" to="call_ln41" fromId="58" toId="34">
</dataflow>
<dataflow id="147" from="image_diff_posterize_rowA_3" to="call_ln41" fromId="59" toId="34">
</dataflow>
<dataflow id="148" from="image_diff_posterize_rowB_3" to="call_ln41" fromId="60" toId="34">
</dataflow>
<dataflow id="149" from="image_diff_posterize_rowA_4" to="call_ln41" fromId="61" toId="34">
</dataflow>
<dataflow id="150" from="image_diff_posterize_rowB_4" to="call_ln41" fromId="62" toId="34">
</dataflow>
<dataflow id="151" from="image_diff_posterize_rowA_5" to="call_ln41" fromId="63" toId="34">
</dataflow>
<dataflow id="152" from="image_diff_posterize_rowB_5" to="call_ln41" fromId="64" toId="34">
</dataflow>
<dataflow id="153" from="image_diff_posterize_rowA_6" to="call_ln41" fromId="65" toId="34">
</dataflow>
<dataflow id="154" from="image_diff_posterize_rowB_6" to="call_ln41" fromId="66" toId="34">
</dataflow>
<dataflow id="155" from="image_diff_posterize_rowA_7" to="call_ln41" fromId="67" toId="34">
</dataflow>
<dataflow id="156" from="image_diff_posterize_rowB_7" to="call_ln41" fromId="68" toId="34">
</dataflow>
<dataflow id="158" from="_ssdm_op_SpecInterface" to="specinterface_ln0" fromId="157" toId="35">
</dataflow>
<dataflow id="159" from="gmem0" to="specinterface_ln0" fromId="48" toId="35">
</dataflow>
<dataflow id="161" from="empty" to="specinterface_ln0" fromId="160" toId="35">
</dataflow>
<dataflow id="163" from="StgValue_162" to="specinterface_ln0" fromId="162" toId="35">
</dataflow>
<dataflow id="164" from="StgValue_162" to="specinterface_ln0" fromId="162" toId="35">
</dataflow>
<dataflow id="166" from="empty_0" to="specinterface_ln0" fromId="165" toId="35">
</dataflow>
<dataflow id="167" from="StgValue_162" to="specinterface_ln0" fromId="162" toId="35">
</dataflow>
<dataflow id="168" from="StgValue_162" to="specinterface_ln0" fromId="162" toId="35">
</dataflow>
<dataflow id="170" from="empty_3" to="specinterface_ln0" fromId="169" toId="35">
</dataflow>
<dataflow id="172" from="empty_1" to="specinterface_ln0" fromId="171" toId="35">
</dataflow>
<dataflow id="173" from="empty_0" to="specinterface_ln0" fromId="165" toId="35">
</dataflow>
<dataflow id="175" from="StgValue_174" to="specinterface_ln0" fromId="174" toId="35">
</dataflow>
<dataflow id="176" from="StgValue_174" to="specinterface_ln0" fromId="174" toId="35">
</dataflow>
<dataflow id="177" from="StgValue_174" to="specinterface_ln0" fromId="174" toId="35">
</dataflow>
<dataflow id="178" from="StgValue_174" to="specinterface_ln0" fromId="174" toId="35">
</dataflow>
<dataflow id="179" from="empty_0" to="specinterface_ln0" fromId="165" toId="35">
</dataflow>
<dataflow id="180" from="empty_0" to="specinterface_ln0" fromId="165" toId="35">
</dataflow>
<dataflow id="182" from="StgValue_181" to="specinterface_ln0" fromId="181" toId="35">
</dataflow>
<dataflow id="183" from="StgValue_162" to="specinterface_ln0" fromId="162" toId="35">
</dataflow>
<dataflow id="184" from="_ssdm_op_SpecInterface" to="specinterface_ln0" fromId="157" toId="36">
</dataflow>
<dataflow id="185" from="gmem1" to="specinterface_ln0" fromId="51" toId="36">
</dataflow>
<dataflow id="186" from="empty" to="specinterface_ln0" fromId="160" toId="36">
</dataflow>
<dataflow id="187" from="StgValue_162" to="specinterface_ln0" fromId="162" toId="36">
</dataflow>
<dataflow id="188" from="StgValue_162" to="specinterface_ln0" fromId="162" toId="36">
</dataflow>
<dataflow id="189" from="empty_0" to="specinterface_ln0" fromId="165" toId="36">
</dataflow>
<dataflow id="190" from="StgValue_162" to="specinterface_ln0" fromId="162" toId="36">
</dataflow>
<dataflow id="191" from="StgValue_162" to="specinterface_ln0" fromId="162" toId="36">
</dataflow>
<dataflow id="193" from="empty_14" to="specinterface_ln0" fromId="192" toId="36">
</dataflow>
<dataflow id="194" from="empty_1" to="specinterface_ln0" fromId="171" toId="36">
</dataflow>
<dataflow id="195" from="empty_0" to="specinterface_ln0" fromId="165" toId="36">
</dataflow>
<dataflow id="196" from="StgValue_174" to="specinterface_ln0" fromId="174" toId="36">
</dataflow>
<dataflow id="197" from="StgValue_174" to="specinterface_ln0" fromId="174" toId="36">
</dataflow>
<dataflow id="198" from="StgValue_174" to="specinterface_ln0" fromId="174" toId="36">
</dataflow>
<dataflow id="199" from="StgValue_174" to="specinterface_ln0" fromId="174" toId="36">
</dataflow>
<dataflow id="200" from="empty_0" to="specinterface_ln0" fromId="165" toId="36">
</dataflow>
<dataflow id="201" from="empty_0" to="specinterface_ln0" fromId="165" toId="36">
</dataflow>
<dataflow id="202" from="StgValue_181" to="specinterface_ln0" fromId="181" toId="36">
</dataflow>
<dataflow id="203" from="StgValue_162" to="specinterface_ln0" fromId="162" toId="36">
</dataflow>
<dataflow id="204" from="Read_Loop_proc_Pipeline_Read_Loop" to="call_ln41" fromId="135" toId="37">
</dataflow>
<dataflow id="205" from="gmem1" to="call_ln41" fromId="51" toId="37">
</dataflow>
<dataflow id="206" from="add_ln41_1" to="call_ln41" fromId="17" toId="37">
</dataflow>
<dataflow id="207" from="gmem0" to="call_ln41" fromId="48" toId="37">
</dataflow>
<dataflow id="208" from="add_ln41" to="call_ln41" fromId="16" toId="37">
</dataflow>
<dataflow id="209" from="image_diff_posterize_rowA_0" to="call_ln41" fromId="53" toId="37">
</dataflow>
<dataflow id="210" from="image_diff_posterize_rowB_0" to="call_ln41" fromId="54" toId="37">
</dataflow>
<dataflow id="211" from="image_diff_posterize_rowA_1" to="call_ln41" fromId="55" toId="37">
</dataflow>
<dataflow id="212" from="image_diff_posterize_rowB_1" to="call_ln41" fromId="56" toId="37">
</dataflow>
<dataflow id="213" from="image_diff_posterize_rowA_2" to="call_ln41" fromId="57" toId="37">
</dataflow>
<dataflow id="214" from="image_diff_posterize_rowB_2" to="call_ln41" fromId="58" toId="37">
</dataflow>
<dataflow id="215" from="image_diff_posterize_rowA_3" to="call_ln41" fromId="59" toId="37">
</dataflow>
<dataflow id="216" from="image_diff_posterize_rowB_3" to="call_ln41" fromId="60" toId="37">
</dataflow>
<dataflow id="217" from="image_diff_posterize_rowA_4" to="call_ln41" fromId="61" toId="37">
</dataflow>
<dataflow id="218" from="image_diff_posterize_rowB_4" to="call_ln41" fromId="62" toId="37">
</dataflow>
<dataflow id="219" from="image_diff_posterize_rowA_5" to="call_ln41" fromId="63" toId="37">
</dataflow>
<dataflow id="220" from="image_diff_posterize_rowB_5" to="call_ln41" fromId="64" toId="37">
</dataflow>
<dataflow id="221" from="image_diff_posterize_rowA_6" to="call_ln41" fromId="65" toId="37">
</dataflow>
<dataflow id="222" from="image_diff_posterize_rowB_6" to="call_ln41" fromId="66" toId="37">
</dataflow>
<dataflow id="223" from="image_diff_posterize_rowA_7" to="call_ln41" fromId="67" toId="37">
</dataflow>
<dataflow id="224" from="image_diff_posterize_rowB_7" to="call_ln41" fromId="68" toId="37">
</dataflow>
<dataflow id="225" from="i_read" to="ret_ln0" fromId="13" toId="38">
</dataflow>
</dataflows>


</stg>
