<root versionMajor = "1" versionMinor = "5">
  <kernel src_name="image_diff_posterize" language="c" hwCtrl="ap_ctrl_hs" mem_layout="fpga64-xilinx-none">
    <args>
      <arg id="0" access_type="r" src_name="A" src_type="unsigned char*" src_isptr="1" src_bitwidth="8" src_size_or_depth="65536">
        <hw hw_usage="data" hw_interface="MAXI" hw_name="gmem0" hw_bitwidth="8" hw_size_or_depth="0" hw_kernel_support="true">
          <constraint constraint_type="pragma interface" mode="m_axi" register_option="0" offset="slave" latency="0" num_read_outstanding="16" num_write_outstanding="16" max_read_burst_length="16" max_write_burst_length="16" max_widen_bitwidth="0"/>
          <constraint constraint_type="bitwidth" orig_bitwidth="8" final_bitwidth="8"/>
        </hw>
        <hw hw_usage="address" hw_interface="S_AXILite" hw_name="control" hw_bitwidth="8" hw_size_or_depth="0" hw_kernel_support="true">
          <constraint constraint_type="pragma interface" mode="s_axilite" register_option="0" offset="16"/>
        </hw>
      </arg>
      <arg id="1" access_type="r" src_name="B" src_type="unsigned char*" src_isptr="1" src_bitwidth="8" src_size_or_depth="65536">
        <hw hw_usage="data" hw_interface="MAXI" hw_name="gmem1" hw_bitwidth="8" hw_size_or_depth="0" hw_kernel_support="true">
          <constraint constraint_type="pragma interface" mode="m_axi" register_option="0" offset="slave" latency="0" num_read_outstanding="16" num_write_outstanding="16" max_read_burst_length="16" max_write_burst_length="16" max_widen_bitwidth="0"/>
          <constraint constraint_type="bitwidth" orig_bitwidth="8" final_bitwidth="8"/>
        </hw>
        <hw hw_usage="address" hw_interface="S_AXILite" hw_name="control" hw_bitwidth="8" hw_size_or_depth="0" hw_kernel_support="true">
          <constraint constraint_type="pragma interface" mode="s_axilite" register_option="0" offset="28"/>
        </hw>
      </arg>
      <arg id="2" access_type="w" src_name="C" src_type="unsigned char*" src_isptr="1" src_bitwidth="8" src_size_or_depth="65536">
        <hw hw_usage="data" hw_interface="MAXI" hw_name="gmem2" hw_bitwidth="8" hw_size_or_depth="0" hw_kernel_support="true">
          <constraint constraint_type="pragma interface" mode="m_axi" register_option="0" offset="slave" latency="0" num_read_outstanding="16" num_write_outstanding="16" max_read_burst_length="16" max_write_burst_length="16" max_widen_bitwidth="0"/>
          <constraint constraint_type="bitwidth" orig_bitwidth="8" final_bitwidth="8"/>
        </hw>
        <hw hw_usage="address" hw_interface="S_AXILite" hw_name="control" hw_bitwidth="8" hw_size_or_depth="0" hw_kernel_support="true">
          <constraint constraint_type="pragma interface" mode="s_axilite" register_option="0" offset="40"/>
        </hw>
      </arg>
    </args>
    <return src_type="void" src_bitwidth="0" offset="0x0">
      <hw hw_usage="data" hw_interface="" hw_name="" hw_bitwidth="0" hw_kernel_support="true"/>
    </return>
  </kernel>
</root>
