<stg><name>Write_Loop_proc_Pipeline_Write_Loop</name>


<trans_list>

<trans id="61" from="1" to="2">
<condition id="-1">
<or_exp><and_exp></and_exp></or_exp>
</condition>
</trans>

<trans id="58" from="2" to="3">
<condition id="-1">
<or_exp><and_exp></and_exp></or_exp>
</condition>
</trans>
</trans_list>



<state_list>

<state id="1" st_id="2">

<operation id="6" st_id="1" stage="1" lat="1">
<core>NULL</core>
<MemPortIdVec></MemPortIdVec>
<condition id="-1">
<or_exp><and_exp></and_exp></or_exp>
</condition>

<Node id="11" bw="9" op_0_bw="32">
<![CDATA[
newFuncRoot:0 %j = alloca i32 1

]]></Node>
<StgValue><ssdm name="j"/></StgValue>
</operation>

<operation id="7" st_id="1" stage="1" lat="1">
<core>NULL</core>
<MemPortIdVec></MemPortIdVec>
<condition id="-1">
<or_exp><and_exp></and_exp></or_exp>
</condition>

<Node id="12" bw="0" op_0_bw="0" op_1_bw="8" op_2_bw="0" op_3_bw="32" op_4_bw="32" op_5_bw="0" op_6_bw="32" op_7_bw="32" op_8_bw="0" op_9_bw="0" op_10_bw="0" op_11_bw="32" op_12_bw="32" op_13_bw="32" op_14_bw="32" op_15_bw="0" op_16_bw="0" op_17_bw="32" op_18_bw="32">
<![CDATA[
newFuncRoot:1 %specinterface_ln0 = specinterface void @_ssdm_op_SpecInterface, i8 %gmem2, void @empty, i32 0, i32 0, void @empty_0, i32 0, i32 0, void @empty_4, void @empty_1, void @empty_0, i32 16, i32 16, i32 16, i32 16, void @empty_0, void @empty_0, i32 4294967295, i32 0

]]></Node>
<StgValue><ssdm name="specinterface_ln0"/></StgValue>
</operation>

<operation id="8" st_id="1" stage="1" lat="1">
<core>NULL</core>
<MemPortIdVec></MemPortIdVec>
<condition id="-1">
<or_exp><and_exp></and_exp></or_exp>
</condition>

<Node id="13" bw="64" op_0_bw="64" op_1_bw="64">
<![CDATA[
newFuncRoot:2 %add_ln41_read = read i64 @_ssdm_op_Read.ap_auto.i64, i64 %add_ln41

]]></Node>
<StgValue><ssdm name="add_ln41_read"/></StgValue>
</operation>

<operation id="9" st_id="1" stage="1" lat="1">
<core>NULL</core>
<MemPortIdVec></MemPortIdVec>
<condition id="-1">
<or_exp><and_exp></and_exp></or_exp>
</condition>

<Node id="14" bw="0" op_0_bw="9" op_1_bw="9">
<![CDATA[
newFuncRoot:3 %store_ln0 = store i9 0, i9 %j

]]></Node>
<StgValue><ssdm name="store_ln0"/></StgValue>
</operation>

<operation id="10" st_id="1" stage="1" lat="1">
<core>NULL</core>
<MemPortIdVec></MemPortIdVec>
<condition id="-1">
<or_exp><and_exp></and_exp></or_exp>
</condition>

<Node id="15" bw="0" op_0_bw="0">
<![CDATA[
newFuncRoot:4 %br_ln0 = br void %for.cond51.i.i.i.i

]]></Node>
<StgValue><ssdm name="br_ln0"/></StgValue>
</operation>

<operation id="11" st_id="1" stage="1" lat="1">
<core>NULL</core>
<MemPortIdVec></MemPortIdVec>
<condition id="-1">
<or_exp><and_exp></and_exp></or_exp>
</condition>

<Node id="17" bw="9" op_0_bw="9" op_1_bw="0">
<![CDATA[
for.cond51.i.i.i.i:0 %j_1 = load i9 %j

]]></Node>
<StgValue><ssdm name="j_1"/></StgValue>
</operation>

<operation id="12" st_id="1" stage="1" lat="1">
<core>NULL</core>
<MemPortIdVec></MemPortIdVec>
<condition id="-1">
<or_exp><and_exp></and_exp></or_exp>
</condition>

<Node id="18" bw="64" op_0_bw="64" op_1_bw="64">
<![CDATA[
for.cond51.i.i.i.i:1 %gmem2_addr = getelementptr i8 %gmem2, i64 %add_ln41_read

]]></Node>
<StgValue><ssdm name="gmem2_addr"/></StgValue>
</operation>

<operation id="13" st_id="1" stage="1" lat="1">
<core>Cmp</core>
<MemPortIdVec></MemPortIdVec>
<condition id="-1">
<or_exp><and_exp></and_exp></or_exp>
</condition>

<Node id="19" bw="1" op_0_bw="9" op_1_bw="9">
<![CDATA[
for.cond51.i.i.i.i:2 %icmp_ln92 = icmp_eq  i9 %j_1, i9 256

]]></Node>
<StgValue><ssdm name="icmp_ln92"/></StgValue>
</operation>

<operation id="14" st_id="1" stage="1" lat="1">
<core>Adder</core>
<MemPortIdVec></MemPortIdVec>
<condition id="-1">
<or_exp><and_exp></and_exp></or_exp>
</condition>

<Node id="20" bw="9" op_0_bw="9" op_1_bw="9">
<![CDATA[
for.cond51.i.i.i.i:3 %add_ln92 = add i9 %j_1, i9 1

]]></Node>
<StgValue><ssdm name="add_ln92"/></StgValue>
</operation>

<operation id="15" st_id="1" stage="1" lat="1">
<core>NULL</core>
<MemPortIdVec></MemPortIdVec>
<condition id="-1">
<or_exp><and_exp></and_exp></or_exp>
</condition>

<Node id="21" bw="0" op_0_bw="1" op_1_bw="0" op_2_bw="0">
<![CDATA[
for.cond51.i.i.i.i:4 %br_ln92 = br i1 %icmp_ln92, void %for.inc60.i.i.i.i, void %Write_Loop_proc.exit.exitStub

]]></Node>
<StgValue><ssdm name="br_ln92"/></StgValue>
</operation>

<operation id="16" st_id="1" stage="1" lat="1">
<core>NULL</core>
<MemPortIdVec></MemPortIdVec>
<condition id="-1">
<or_exp><and_exp><literal name="icmp_ln92" val="0"/>
</and_exp></or_exp>
</condition>

<Node id="26" bw="5" op_0_bw="5" op_1_bw="9" op_2_bw="32" op_3_bw="32">
<![CDATA[
for.inc60.i.i.i.i:3 %lshr_ln = partselect i5 @_ssdm_op_PartSelect.i5.i9.i32.i32, i9 %j_1, i32 3, i32 7

]]></Node>
<StgValue><ssdm name="lshr_ln"/></StgValue>
</operation>

<operation id="17" st_id="1" stage="1" lat="1">
<core>NULL</core>
<MemPortIdVec></MemPortIdVec>
<condition id="-1">
<or_exp><and_exp><literal name="icmp_ln92" val="0"/>
</and_exp></or_exp>
</condition>

<Node id="27" bw="64" op_0_bw="5">
<![CDATA[
for.inc60.i.i.i.i:4 %zext_ln95 = zext i5 %lshr_ln

]]></Node>
<StgValue><ssdm name="zext_ln95"/></StgValue>
</operation>

<operation id="18" st_id="1" stage="1" lat="1">
<core>NULL</core>
<MemPortIdVec></MemPortIdVec>
<condition id="-1">
<or_exp><and_exp><literal name="icmp_ln92" val="0"/>
</and_exp></or_exp>
</condition>

<Node id="28" bw="5" op_0_bw="8" op_1_bw="64" op_2_bw="64">
<![CDATA[
for.inc60.i.i.i.i:5 %image_diff_posterize_rowC_0_addr = getelementptr i8 %image_diff_posterize_rowC_0, i64 0, i64 %zext_ln95

]]></Node>
<StgValue><ssdm name="image_diff_posterize_rowC_0_addr"/></StgValue>
</operation>

<operation id="19" st_id="1" stage="2" lat="2">
<core>RAM</core>
<MemPortIdVec>0 </MemPortIdVec>
<condition id="-1">
<or_exp><and_exp><literal name="icmp_ln92" val="0"/>
</and_exp></or_exp>
</condition>

<Node id="29" bw="8" op_0_bw="5">
<![CDATA[
for.inc60.i.i.i.i:6 %image_diff_posterize_rowC_0_load = load i5 %image_diff_posterize_rowC_0_addr

]]></Node>
<StgValue><ssdm name="image_diff_posterize_rowC_0_load"/></StgValue>
</operation>

<operation id="20" st_id="1" stage="1" lat="1">
<core>NULL</core>
<MemPortIdVec></MemPortIdVec>
<condition id="-1">
<or_exp><and_exp><literal name="icmp_ln92" val="0"/>
</and_exp></or_exp>
</condition>

<Node id="30" bw="5" op_0_bw="8" op_1_bw="64" op_2_bw="64">
<![CDATA[
for.inc60.i.i.i.i:7 %image_diff_posterize_rowC_1_addr = getelementptr i8 %image_diff_posterize_rowC_1, i64 0, i64 %zext_ln95

]]></Node>
<StgValue><ssdm name="image_diff_posterize_rowC_1_addr"/></StgValue>
</operation>

<operation id="21" st_id="1" stage="2" lat="2">
<core>RAM</core>
<MemPortIdVec>0 </MemPortIdVec>
<condition id="-1">
<or_exp><and_exp><literal name="icmp_ln92" val="0"/>
</and_exp></or_exp>
</condition>

<Node id="31" bw="8" op_0_bw="5">
<![CDATA[
for.inc60.i.i.i.i:8 %image_diff_posterize_rowC_1_load = load i5 %image_diff_posterize_rowC_1_addr

]]></Node>
<StgValue><ssdm name="image_diff_posterize_rowC_1_load"/></StgValue>
</operation>

<operation id="22" st_id="1" stage="1" lat="1">
<core>NULL</core>
<MemPortIdVec></MemPortIdVec>
<condition id="-1">
<or_exp><and_exp><literal name="icmp_ln92" val="0"/>
</and_exp></or_exp>
</condition>

<Node id="32" bw="5" op_0_bw="8" op_1_bw="64" op_2_bw="64">
<![CDATA[
for.inc60.i.i.i.i:9 %image_diff_posterize_rowC_2_addr = getelementptr i8 %image_diff_posterize_rowC_2, i64 0, i64 %zext_ln95

]]></Node>
<StgValue><ssdm name="image_diff_posterize_rowC_2_addr"/></StgValue>
</operation>

<operation id="23" st_id="1" stage="2" lat="2">
<core>RAM</core>
<MemPortIdVec>0 </MemPortIdVec>
<condition id="-1">
<or_exp><and_exp><literal name="icmp_ln92" val="0"/>
</and_exp></or_exp>
</condition>

<Node id="33" bw="8" op_0_bw="5">
<![CDATA[
for.inc60.i.i.i.i:10 %image_diff_posterize_rowC_2_load = load i5 %image_diff_posterize_rowC_2_addr

]]></Node>
<StgValue><ssdm name="image_diff_posterize_rowC_2_load"/></StgValue>
</operation>

<operation id="24" st_id="1" stage="1" lat="1">
<core>NULL</core>
<MemPortIdVec></MemPortIdVec>
<condition id="-1">
<or_exp><and_exp><literal name="icmp_ln92" val="0"/>
</and_exp></or_exp>
</condition>

<Node id="34" bw="5" op_0_bw="8" op_1_bw="64" op_2_bw="64">
<![CDATA[
for.inc60.i.i.i.i:11 %image_diff_posterize_rowC_3_addr = getelementptr i8 %image_diff_posterize_rowC_3, i64 0, i64 %zext_ln95

]]></Node>
<StgValue><ssdm name="image_diff_posterize_rowC_3_addr"/></StgValue>
</operation>

<operation id="25" st_id="1" stage="2" lat="2">
<core>RAM</core>
<MemPortIdVec>0 </MemPortIdVec>
<condition id="-1">
<or_exp><and_exp><literal name="icmp_ln92" val="0"/>
</and_exp></or_exp>
</condition>

<Node id="35" bw="8" op_0_bw="5">
<![CDATA[
for.inc60.i.i.i.i:12 %image_diff_posterize_rowC_3_load = load i5 %image_diff_posterize_rowC_3_addr

]]></Node>
<StgValue><ssdm name="image_diff_posterize_rowC_3_load"/></StgValue>
</operation>

<operation id="26" st_id="1" stage="1" lat="1">
<core>NULL</core>
<MemPortIdVec></MemPortIdVec>
<condition id="-1">
<or_exp><and_exp><literal name="icmp_ln92" val="0"/>
</and_exp></or_exp>
</condition>

<Node id="36" bw="5" op_0_bw="8" op_1_bw="64" op_2_bw="64">
<![CDATA[
for.inc60.i.i.i.i:13 %image_diff_posterize_rowC_4_addr = getelementptr i8 %image_diff_posterize_rowC_4, i64 0, i64 %zext_ln95

]]></Node>
<StgValue><ssdm name="image_diff_posterize_rowC_4_addr"/></StgValue>
</operation>

<operation id="27" st_id="1" stage="2" lat="2">
<core>RAM</core>
<MemPortIdVec>0 </MemPortIdVec>
<condition id="-1">
<or_exp><and_exp><literal name="icmp_ln92" val="0"/>
</and_exp></or_exp>
</condition>

<Node id="37" bw="8" op_0_bw="5">
<![CDATA[
for.inc60.i.i.i.i:14 %image_diff_posterize_rowC_4_load = load i5 %image_diff_posterize_rowC_4_addr

]]></Node>
<StgValue><ssdm name="image_diff_posterize_rowC_4_load"/></StgValue>
</operation>

<operation id="28" st_id="1" stage="1" lat="1">
<core>NULL</core>
<MemPortIdVec></MemPortIdVec>
<condition id="-1">
<or_exp><and_exp><literal name="icmp_ln92" val="0"/>
</and_exp></or_exp>
</condition>

<Node id="38" bw="5" op_0_bw="8" op_1_bw="64" op_2_bw="64">
<![CDATA[
for.inc60.i.i.i.i:15 %image_diff_posterize_rowC_5_addr = getelementptr i8 %image_diff_posterize_rowC_5, i64 0, i64 %zext_ln95

]]></Node>
<StgValue><ssdm name="image_diff_posterize_rowC_5_addr"/></StgValue>
</operation>

<operation id="29" st_id="1" stage="2" lat="2">
<core>RAM</core>
<MemPortIdVec>0 </MemPortIdVec>
<condition id="-1">
<or_exp><and_exp><literal name="icmp_ln92" val="0"/>
</and_exp></or_exp>
</condition>

<Node id="39" bw="8" op_0_bw="5">
<![CDATA[
for.inc60.i.i.i.i:16 %image_diff_posterize_rowC_5_load = load i5 %image_diff_posterize_rowC_5_addr

]]></Node>
<StgValue><ssdm name="image_diff_posterize_rowC_5_load"/></StgValue>
</operation>

<operation id="30" st_id="1" stage="1" lat="1">
<core>NULL</core>
<MemPortIdVec></MemPortIdVec>
<condition id="-1">
<or_exp><and_exp><literal name="icmp_ln92" val="0"/>
</and_exp></or_exp>
</condition>

<Node id="40" bw="5" op_0_bw="8" op_1_bw="64" op_2_bw="64">
<![CDATA[
for.inc60.i.i.i.i:17 %image_diff_posterize_rowC_6_addr = getelementptr i8 %image_diff_posterize_rowC_6, i64 0, i64 %zext_ln95

]]></Node>
<StgValue><ssdm name="image_diff_posterize_rowC_6_addr"/></StgValue>
</operation>

<operation id="31" st_id="1" stage="2" lat="2">
<core>RAM</core>
<MemPortIdVec>0 </MemPortIdVec>
<condition id="-1">
<or_exp><and_exp><literal name="icmp_ln92" val="0"/>
</and_exp></or_exp>
</condition>

<Node id="41" bw="8" op_0_bw="5">
<![CDATA[
for.inc60.i.i.i.i:18 %image_diff_posterize_rowC_6_load = load i5 %image_diff_posterize_rowC_6_addr

]]></Node>
<StgValue><ssdm name="image_diff_posterize_rowC_6_load"/></StgValue>
</operation>

<operation id="32" st_id="1" stage="1" lat="1">
<core>NULL</core>
<MemPortIdVec></MemPortIdVec>
<condition id="-1">
<or_exp><and_exp><literal name="icmp_ln92" val="0"/>
</and_exp></or_exp>
</condition>

<Node id="42" bw="5" op_0_bw="8" op_1_bw="64" op_2_bw="64">
<![CDATA[
for.inc60.i.i.i.i:19 %image_diff_posterize_rowC_7_addr = getelementptr i8 %image_diff_posterize_rowC_7, i64 0, i64 %zext_ln95

]]></Node>
<StgValue><ssdm name="image_diff_posterize_rowC_7_addr"/></StgValue>
</operation>

<operation id="33" st_id="1" stage="2" lat="2">
<core>RAM</core>
<MemPortIdVec>0 </MemPortIdVec>
<condition id="-1">
<or_exp><and_exp><literal name="icmp_ln92" val="0"/>
</and_exp></or_exp>
</condition>

<Node id="43" bw="8" op_0_bw="5">
<![CDATA[
for.inc60.i.i.i.i:20 %image_diff_posterize_rowC_7_load = load i5 %image_diff_posterize_rowC_7_addr

]]></Node>
<StgValue><ssdm name="image_diff_posterize_rowC_7_load"/></StgValue>
</operation>

<operation id="34" st_id="1" stage="1" lat="1">
<core>NULL</core>
<MemPortIdVec></MemPortIdVec>
<condition id="-1">
<or_exp><and_exp><literal name="icmp_ln92" val="0"/>
</and_exp></or_exp>
</condition>

<Node id="44" bw="3" op_0_bw="9">
<![CDATA[
for.inc60.i.i.i.i:21 %trunc_ln95 = trunc i9 %j_1

]]></Node>
<StgValue><ssdm name="trunc_ln95"/></StgValue>
</operation>

<operation id="35" st_id="1" stage="1" lat="1">
<core>NULL</core>
<MemPortIdVec></MemPortIdVec>
<condition id="-1">
<or_exp><and_exp><literal name="icmp_ln92" val="0"/>
</and_exp></or_exp>
</condition>

<Node id="47" bw="0" op_0_bw="9" op_1_bw="9" op_2_bw="0" op_3_bw="0">
<![CDATA[
for.inc60.i.i.i.i:24 %store_ln92 = store i9 %add_ln92, i9 %j

]]></Node>
<StgValue><ssdm name="store_ln92"/></StgValue>
</operation>
</state>

<state id="2" st_id="3">

<operation id="36" st_id="2" stage="1" lat="2">
<core>RAM</core>
<MemPortIdVec>0 </MemPortIdVec>
<condition id="-1">
<or_exp><and_exp></and_exp></or_exp>
</condition>

<Node id="29" bw="8" op_0_bw="5">
<![CDATA[
for.inc60.i.i.i.i:6 %image_diff_posterize_rowC_0_load = load i5 %image_diff_posterize_rowC_0_addr

]]></Node>
<StgValue><ssdm name="image_diff_posterize_rowC_0_load"/></StgValue>
</operation>

<operation id="37" st_id="2" stage="1" lat="2">
<core>RAM</core>
<MemPortIdVec>0 </MemPortIdVec>
<condition id="-1">
<or_exp><and_exp></and_exp></or_exp>
</condition>

<Node id="31" bw="8" op_0_bw="5">
<![CDATA[
for.inc60.i.i.i.i:8 %image_diff_posterize_rowC_1_load = load i5 %image_diff_posterize_rowC_1_addr

]]></Node>
<StgValue><ssdm name="image_diff_posterize_rowC_1_load"/></StgValue>
</operation>

<operation id="38" st_id="2" stage="1" lat="2">
<core>RAM</core>
<MemPortIdVec>0 </MemPortIdVec>
<condition id="-1">
<or_exp><and_exp></and_exp></or_exp>
</condition>

<Node id="33" bw="8" op_0_bw="5">
<![CDATA[
for.inc60.i.i.i.i:10 %image_diff_posterize_rowC_2_load = load i5 %image_diff_posterize_rowC_2_addr

]]></Node>
<StgValue><ssdm name="image_diff_posterize_rowC_2_load"/></StgValue>
</operation>

<operation id="39" st_id="2" stage="1" lat="2">
<core>RAM</core>
<MemPortIdVec>0 </MemPortIdVec>
<condition id="-1">
<or_exp><and_exp></and_exp></or_exp>
</condition>

<Node id="35" bw="8" op_0_bw="5">
<![CDATA[
for.inc60.i.i.i.i:12 %image_diff_posterize_rowC_3_load = load i5 %image_diff_posterize_rowC_3_addr

]]></Node>
<StgValue><ssdm name="image_diff_posterize_rowC_3_load"/></StgValue>
</operation>

<operation id="40" st_id="2" stage="1" lat="2">
<core>RAM</core>
<MemPortIdVec>0 </MemPortIdVec>
<condition id="-1">
<or_exp><and_exp></and_exp></or_exp>
</condition>

<Node id="37" bw="8" op_0_bw="5">
<![CDATA[
for.inc60.i.i.i.i:14 %image_diff_posterize_rowC_4_load = load i5 %image_diff_posterize_rowC_4_addr

]]></Node>
<StgValue><ssdm name="image_diff_posterize_rowC_4_load"/></StgValue>
</operation>

<operation id="41" st_id="2" stage="1" lat="2">
<core>RAM</core>
<MemPortIdVec>0 </MemPortIdVec>
<condition id="-1">
<or_exp><and_exp></and_exp></or_exp>
</condition>

<Node id="39" bw="8" op_0_bw="5">
<![CDATA[
for.inc60.i.i.i.i:16 %image_diff_posterize_rowC_5_load = load i5 %image_diff_posterize_rowC_5_addr

]]></Node>
<StgValue><ssdm name="image_diff_posterize_rowC_5_load"/></StgValue>
</operation>

<operation id="42" st_id="2" stage="1" lat="2">
<core>RAM</core>
<MemPortIdVec>0 </MemPortIdVec>
<condition id="-1">
<or_exp><and_exp></and_exp></or_exp>
</condition>

<Node id="41" bw="8" op_0_bw="5">
<![CDATA[
for.inc60.i.i.i.i:18 %image_diff_posterize_rowC_6_load = load i5 %image_diff_posterize_rowC_6_addr

]]></Node>
<StgValue><ssdm name="image_diff_posterize_rowC_6_load"/></StgValue>
</operation>

<operation id="43" st_id="2" stage="1" lat="2">
<core>RAM</core>
<MemPortIdVec>0 </MemPortIdVec>
<condition id="-1">
<or_exp><and_exp></and_exp></or_exp>
</condition>

<Node id="43" bw="8" op_0_bw="5">
<![CDATA[
for.inc60.i.i.i.i:20 %image_diff_posterize_rowC_7_load = load i5 %image_diff_posterize_rowC_7_addr

]]></Node>
<StgValue><ssdm name="image_diff_posterize_rowC_7_load"/></StgValue>
</operation>

<operation id="44" st_id="2" stage="1" lat="1">
<core>Multiplexer</core>
<MemPortIdVec></MemPortIdVec>
<condition id="-1">
<or_exp><and_exp></and_exp></or_exp>
</condition>

<Node id="45" bw="8" op_0_bw="8" op_1_bw="8" op_2_bw="8" op_3_bw="8" op_4_bw="8" op_5_bw="8" op_6_bw="8" op_7_bw="8" op_8_bw="8" op_9_bw="3">
<![CDATA[
for.inc60.i.i.i.i:22 %tmp_i_i_i = mux i8 @_ssdm_op_Mux.ap_auto.8i8.i3, i8 %image_diff_posterize_rowC_0_load, i8 %image_diff_posterize_rowC_1_load, i8 %image_diff_posterize_rowC_2_load, i8 %image_diff_posterize_rowC_3_load, i8 %image_diff_posterize_rowC_4_load, i8 %image_diff_posterize_rowC_5_load, i8 %image_diff_posterize_rowC_6_load, i8 %image_diff_posterize_rowC_7_load, i3 %trunc_ln95

]]></Node>
<StgValue><ssdm name="tmp_i_i_i"/></StgValue>
</operation>

<operation id="50" st_id="2" stage="1" lat="1">
<core>NULL</core>
<MemPortIdVec></MemPortIdVec>
<condition id="-1">
<or_exp><and_exp><literal name="icmp_ln92" val="1"/>
</and_exp></or_exp>
</condition>

<Node id="50" bw="0">
<![CDATA[
Write_Loop_proc.exit.exitStub:0 %ret_ln0 = ret

]]></Node>
<StgValue><ssdm name="ret_ln0"/></StgValue>
</operation>
</state>

<state id="3" st_id="4">

<operation id="45" st_id="3" stage="1" lat="1">
<core>NULL</core>
<MemPortIdVec></MemPortIdVec>
<condition id="-1">
<or_exp><and_exp></and_exp></or_exp>
</condition>

<Node id="23" bw="0" op_0_bw="0" op_1_bw="32" op_2_bw="32" op_3_bw="32" op_4_bw="32" op_5_bw="0">
<![CDATA[
for.inc60.i.i.i.i:0 %specpipeline_ln93 = specpipeline void @_ssdm_op_SpecPipeline, i32 1, i32 0, i32 0, i32 0, void @empty_0

]]></Node>
<StgValue><ssdm name="specpipeline_ln93"/></StgValue>
</operation>

<operation id="46" st_id="3" stage="1" lat="1">
<core>NULL</core>
<MemPortIdVec></MemPortIdVec>
<condition id="-1">
<or_exp><and_exp></and_exp></or_exp>
</condition>

<Node id="24" bw="0" op_0_bw="0" op_1_bw="64" op_2_bw="64" op_3_bw="64">
<![CDATA[
for.inc60.i.i.i.i:1 %speclooptripcount_ln94 = speclooptripcount void @_ssdm_op_SpecLoopTripCount, i64 256, i64 256, i64 256

]]></Node>
<StgValue><ssdm name="speclooptripcount_ln94"/></StgValue>
</operation>

<operation id="47" st_id="3" stage="1" lat="1">
<core>NULL</core>
<MemPortIdVec></MemPortIdVec>
<condition id="-1">
<or_exp><and_exp></and_exp></or_exp>
</condition>

<Node id="25" bw="0" op_0_bw="0" op_1_bw="0">
<![CDATA[
for.inc60.i.i.i.i:2 %specloopname_ln95 = specloopname void @_ssdm_op_SpecLoopName, void @empty_15

]]></Node>
<StgValue><ssdm name="specloopname_ln95"/></StgValue>
</operation>

<operation id="48" st_id="3" stage="1" lat="1">
<core>m_axi</core>
<MemPortIdVec></MemPortIdVec>
<condition id="-1">
<or_exp><and_exp></and_exp></or_exp>
</condition>

<Node id="46" bw="0" op_0_bw="0" op_1_bw="8" op_2_bw="8" op_3_bw="1">
<![CDATA[
for.inc60.i.i.i.i:23 %write_ln95 = write void @_ssdm_op_Write.m_axi.p1i8, i64 %gmem2_addr, i8 %tmp_i_i_i, i1 1

]]></Node>
<StgValue><ssdm name="write_ln95"/></StgValue>
</operation>

<operation id="49" st_id="3" stage="1" lat="1">
<core>NULL</core>
<MemPortIdVec></MemPortIdVec>
<condition id="-1">
<or_exp><and_exp></and_exp></or_exp>
</condition>

<Node id="48" bw="0" op_0_bw="0">
<![CDATA[
for.inc60.i.i.i.i:25 %br_ln92 = br void %for.cond51.i.i.i.i

]]></Node>
<StgValue><ssdm name="br_ln92"/></StgValue>
</operation>
</state>
</state_list>


<ports>
<port id="62" name="gmem2" dir="1" iftype="4">
<core>NULL</core><StgValue><ssdm name="gmem2"/></StgValue>
</port>
<port id="63" name="add_ln41" dir="0" iftype="0">
<core>NULL</core><StgValue><ssdm name="add_ln41"/></StgValue>
</port>
<port id="64" name="image_diff_posterize_rowC_0" dir="0" iftype="1">
<core>RAM</core><StgValue><ssdm name="image_diff_posterize_rowC_0"/><MemPortTyVec>1 3 </MemPortTyVec>
</StgValue>
</port>
<port id="65" name="image_diff_posterize_rowC_1" dir="0" iftype="1">
<core>RAM</core><StgValue><ssdm name="image_diff_posterize_rowC_1"/><MemPortTyVec>1 3 </MemPortTyVec>
</StgValue>
</port>
<port id="66" name="image_diff_posterize_rowC_2" dir="0" iftype="1">
<core>RAM</core><StgValue><ssdm name="image_diff_posterize_rowC_2"/><MemPortTyVec>1 3 </MemPortTyVec>
</StgValue>
</port>
<port id="67" name="image_diff_posterize_rowC_3" dir="0" iftype="1">
<core>RAM</core><StgValue><ssdm name="image_diff_posterize_rowC_3"/><MemPortTyVec>1 3 </MemPortTyVec>
</StgValue>
</port>
<port id="68" name="image_diff_posterize_rowC_4" dir="0" iftype="1">
<core>RAM</core><StgValue><ssdm name="image_diff_posterize_rowC_4"/><MemPortTyVec>1 3 </MemPortTyVec>
</StgValue>
</port>
<port id="69" name="image_diff_posterize_rowC_5" dir="0" iftype="1">
<core>RAM</core><StgValue><ssdm name="image_diff_posterize_rowC_5"/><MemPortTyVec>1 3 </MemPortTyVec>
</StgValue>
</port>
<port id="70" name="image_diff_posterize_rowC_6" dir="0" iftype="1">
<core>RAM</core><StgValue><ssdm name="image_diff_posterize_rowC_6"/><MemPortTyVec>1 3 </MemPortTyVec>
</StgValue>
</port>
<port id="71" name="image_diff_posterize_rowC_7" dir="0" iftype="1">
<core>RAM</core><StgValue><ssdm name="image_diff_posterize_rowC_7"/><MemPortTyVec>1 3 </MemPortTyVec>
</StgValue>
</port>
</ports>


<dataflows>
<dataflow id="73" from="StgValue_72" to="j" fromId="72" toId="6">
</dataflow>
<dataflow id="75" from="_ssdm_op_SpecInterface" to="specinterface_ln0" fromId="74" toId="7">
</dataflow>
<dataflow id="76" from="gmem2" to="specinterface_ln0" fromId="62" toId="7">
</dataflow>
<dataflow id="78" from="empty" to="specinterface_ln0" fromId="77" toId="7">
</dataflow>
<dataflow id="80" from="StgValue_79" to="specinterface_ln0" fromId="79" toId="7">
</dataflow>
<dataflow id="81" from="StgValue_79" to="specinterface_ln0" fromId="79" toId="7">
</dataflow>
<dataflow id="83" from="empty_0" to="specinterface_ln0" fromId="82" toId="7">
</dataflow>
<dataflow id="84" from="StgValue_79" to="specinterface_ln0" fromId="79" toId="7">
</dataflow>
<dataflow id="85" from="StgValue_79" to="specinterface_ln0" fromId="79" toId="7">
</dataflow>
<dataflow id="87" from="empty_4" to="specinterface_ln0" fromId="86" toId="7">
</dataflow>
<dataflow id="89" from="empty_1" to="specinterface_ln0" fromId="88" toId="7">
</dataflow>
<dataflow id="90" from="empty_0" to="specinterface_ln0" fromId="82" toId="7">
</dataflow>
<dataflow id="92" from="StgValue_91" to="specinterface_ln0" fromId="91" toId="7">
</dataflow>
<dataflow id="93" from="StgValue_91" to="specinterface_ln0" fromId="91" toId="7">
</dataflow>
<dataflow id="94" from="StgValue_91" to="specinterface_ln0" fromId="91" toId="7">
</dataflow>
<dataflow id="95" from="StgValue_91" to="specinterface_ln0" fromId="91" toId="7">
</dataflow>
<dataflow id="96" from="empty_0" to="specinterface_ln0" fromId="82" toId="7">
</dataflow>
<dataflow id="97" from="empty_0" to="specinterface_ln0" fromId="82" toId="7">
</dataflow>
<dataflow id="99" from="StgValue_98" to="specinterface_ln0" fromId="98" toId="7">
</dataflow>
<dataflow id="100" from="StgValue_79" to="specinterface_ln0" fromId="79" toId="7">
</dataflow>
<dataflow id="102" from="_ssdm_op_Read.ap_auto.i64" to="add_ln41_read" fromId="101" toId="8">
</dataflow>
<dataflow id="103" from="add_ln41" to="add_ln41_read" fromId="63" toId="8">
</dataflow>
<dataflow id="105" from="StgValue_104" to="store_ln0" fromId="104" toId="9">
</dataflow>
<dataflow id="106" from="j" to="store_ln0" fromId="6" toId="9">
</dataflow>
<dataflow id="107" from="j" to="j_1" fromId="6" toId="11">
</dataflow>
<dataflow id="108" from="gmem2" to="gmem2_addr" fromId="62" toId="12">
</dataflow>
<dataflow id="109" from="add_ln41_read" to="gmem2_addr" fromId="8" toId="12">
</dataflow>
<dataflow id="110" from="j_1" to="icmp_ln92" fromId="11" toId="13">
</dataflow>
<dataflow id="112" from="StgValue_111" to="icmp_ln92" fromId="111" toId="13">
</dataflow>
<dataflow id="113" from="j_1" to="add_ln92" fromId="11" toId="14">
</dataflow>
<dataflow id="115" from="StgValue_114" to="add_ln92" fromId="114" toId="14">
</dataflow>
<dataflow id="116" from="icmp_ln92" to="br_ln92" fromId="13" toId="15">
</dataflow>
<dataflow id="118" from="_ssdm_op_PartSelect.i5.i9.i32.i32" to="lshr_ln" fromId="117" toId="16">
</dataflow>
<dataflow id="119" from="j_1" to="lshr_ln" fromId="11" toId="16">
</dataflow>
<dataflow id="121" from="StgValue_120" to="lshr_ln" fromId="120" toId="16">
</dataflow>
<dataflow id="123" from="StgValue_122" to="lshr_ln" fromId="122" toId="16">
</dataflow>
<dataflow id="124" from="lshr_ln" to="zext_ln95" fromId="16" toId="17">
</dataflow>
<dataflow id="125" from="image_diff_posterize_rowC_0" to="image_diff_posterize_rowC_0_addr" fromId="64" toId="18">
</dataflow>
<dataflow id="127" from="StgValue_126" to="image_diff_posterize_rowC_0_addr" fromId="126" toId="18">
</dataflow>
<dataflow id="128" from="zext_ln95" to="image_diff_posterize_rowC_0_addr" fromId="17" toId="18">
</dataflow>
<dataflow id="129" from="image_diff_posterize_rowC_0_addr" to="image_diff_posterize_rowC_0_load" fromId="18" toId="19">
</dataflow>
<dataflow id="130" from="image_diff_posterize_rowC_1" to="image_diff_posterize_rowC_1_addr" fromId="65" toId="20">
</dataflow>
<dataflow id="131" from="StgValue_126" to="image_diff_posterize_rowC_1_addr" fromId="126" toId="20">
</dataflow>
<dataflow id="132" from="zext_ln95" to="image_diff_posterize_rowC_1_addr" fromId="17" toId="20">
</dataflow>
<dataflow id="133" from="image_diff_posterize_rowC_1_addr" to="image_diff_posterize_rowC_1_load" fromId="20" toId="21">
</dataflow>
<dataflow id="134" from="image_diff_posterize_rowC_2" to="image_diff_posterize_rowC_2_addr" fromId="66" toId="22">
</dataflow>
<dataflow id="135" from="StgValue_126" to="image_diff_posterize_rowC_2_addr" fromId="126" toId="22">
</dataflow>
<dataflow id="136" from="zext_ln95" to="image_diff_posterize_rowC_2_addr" fromId="17" toId="22">
</dataflow>
<dataflow id="137" from="image_diff_posterize_rowC_2_addr" to="image_diff_posterize_rowC_2_load" fromId="22" toId="23">
</dataflow>
<dataflow id="138" from="image_diff_posterize_rowC_3" to="image_diff_posterize_rowC_3_addr" fromId="67" toId="24">
</dataflow>
<dataflow id="139" from="StgValue_126" to="image_diff_posterize_rowC_3_addr" fromId="126" toId="24">
</dataflow>
<dataflow id="140" from="zext_ln95" to="image_diff_posterize_rowC_3_addr" fromId="17" toId="24">
</dataflow>
<dataflow id="141" from="image_diff_posterize_rowC_3_addr" to="image_diff_posterize_rowC_3_load" fromId="24" toId="25">
</dataflow>
<dataflow id="142" from="image_diff_posterize_rowC_4" to="image_diff_posterize_rowC_4_addr" fromId="68" toId="26">
</dataflow>
<dataflow id="143" from="StgValue_126" to="image_diff_posterize_rowC_4_addr" fromId="126" toId="26">
</dataflow>
<dataflow id="144" from="zext_ln95" to="image_diff_posterize_rowC_4_addr" fromId="17" toId="26">
</dataflow>
<dataflow id="145" from="image_diff_posterize_rowC_4_addr" to="image_diff_posterize_rowC_4_load" fromId="26" toId="27">
</dataflow>
<dataflow id="146" from="image_diff_posterize_rowC_5" to="image_diff_posterize_rowC_5_addr" fromId="69" toId="28">
</dataflow>
<dataflow id="147" from="StgValue_126" to="image_diff_posterize_rowC_5_addr" fromId="126" toId="28">
</dataflow>
<dataflow id="148" from="zext_ln95" to="image_diff_posterize_rowC_5_addr" fromId="17" toId="28">
</dataflow>
<dataflow id="149" from="image_diff_posterize_rowC_5_addr" to="image_diff_posterize_rowC_5_load" fromId="28" toId="29">
</dataflow>
<dataflow id="150" from="image_diff_posterize_rowC_6" to="image_diff_posterize_rowC_6_addr" fromId="70" toId="30">
</dataflow>
<dataflow id="151" from="StgValue_126" to="image_diff_posterize_rowC_6_addr" fromId="126" toId="30">
</dataflow>
<dataflow id="152" from="zext_ln95" to="image_diff_posterize_rowC_6_addr" fromId="17" toId="30">
</dataflow>
<dataflow id="153" from="image_diff_posterize_rowC_6_addr" to="image_diff_posterize_rowC_6_load" fromId="30" toId="31">
</dataflow>
<dataflow id="154" from="image_diff_posterize_rowC_7" to="image_diff_posterize_rowC_7_addr" fromId="71" toId="32">
</dataflow>
<dataflow id="155" from="StgValue_126" to="image_diff_posterize_rowC_7_addr" fromId="126" toId="32">
</dataflow>
<dataflow id="156" from="zext_ln95" to="image_diff_posterize_rowC_7_addr" fromId="17" toId="32">
</dataflow>
<dataflow id="157" from="image_diff_posterize_rowC_7_addr" to="image_diff_posterize_rowC_7_load" fromId="32" toId="33">
</dataflow>
<dataflow id="158" from="j_1" to="trunc_ln95" fromId="11" toId="34">
</dataflow>
<dataflow id="159" from="add_ln92" to="store_ln92" fromId="14" toId="35">
</dataflow>
<dataflow id="160" from="j" to="store_ln92" fromId="6" toId="35">
</dataflow>
<dataflow id="161" from="image_diff_posterize_rowC_0_addr" to="image_diff_posterize_rowC_0_load" fromId="18" toId="36">
</dataflow>
<dataflow id="162" from="image_diff_posterize_rowC_1_addr" to="image_diff_posterize_rowC_1_load" fromId="20" toId="37">
</dataflow>
<dataflow id="163" from="image_diff_posterize_rowC_2_addr" to="image_diff_posterize_rowC_2_load" fromId="22" toId="38">
</dataflow>
<dataflow id="164" from="image_diff_posterize_rowC_3_addr" to="image_diff_posterize_rowC_3_load" fromId="24" toId="39">
</dataflow>
<dataflow id="165" from="image_diff_posterize_rowC_4_addr" to="image_diff_posterize_rowC_4_load" fromId="26" toId="40">
</dataflow>
<dataflow id="166" from="image_diff_posterize_rowC_5_addr" to="image_diff_posterize_rowC_5_load" fromId="28" toId="41">
</dataflow>
<dataflow id="167" from="image_diff_posterize_rowC_6_addr" to="image_diff_posterize_rowC_6_load" fromId="30" toId="42">
</dataflow>
<dataflow id="168" from="image_diff_posterize_rowC_7_addr" to="image_diff_posterize_rowC_7_load" fromId="32" toId="43">
</dataflow>
<dataflow id="170" from="_ssdm_op_Mux.ap_auto.8i8.i3" to="tmp_i_i_i" fromId="169" toId="44">
</dataflow>
<dataflow id="171" from="image_diff_posterize_rowC_0_load" to="tmp_i_i_i" fromId="36" toId="44">
</dataflow>
<dataflow id="172" from="image_diff_posterize_rowC_1_load" to="tmp_i_i_i" fromId="37" toId="44">
</dataflow>
<dataflow id="173" from="image_diff_posterize_rowC_2_load" to="tmp_i_i_i" fromId="38" toId="44">
</dataflow>
<dataflow id="174" from="image_diff_posterize_rowC_3_load" to="tmp_i_i_i" fromId="39" toId="44">
</dataflow>
<dataflow id="175" from="image_diff_posterize_rowC_4_load" to="tmp_i_i_i" fromId="40" toId="44">
</dataflow>
<dataflow id="176" from="image_diff_posterize_rowC_5_load" to="tmp_i_i_i" fromId="41" toId="44">
</dataflow>
<dataflow id="177" from="image_diff_posterize_rowC_6_load" to="tmp_i_i_i" fromId="42" toId="44">
</dataflow>
<dataflow id="178" from="image_diff_posterize_rowC_7_load" to="tmp_i_i_i" fromId="43" toId="44">
</dataflow>
<dataflow id="179" from="trunc_ln95" to="tmp_i_i_i" fromId="34" toId="44">
</dataflow>
<dataflow id="181" from="_ssdm_op_SpecPipeline" to="specpipeline_ln93" fromId="180" toId="45">
</dataflow>
<dataflow id="182" from="StgValue_72" to="specpipeline_ln93" fromId="72" toId="45">
</dataflow>
<dataflow id="183" from="StgValue_79" to="specpipeline_ln93" fromId="79" toId="45">
</dataflow>
<dataflow id="184" from="StgValue_79" to="specpipeline_ln93" fromId="79" toId="45">
</dataflow>
<dataflow id="185" from="StgValue_79" to="specpipeline_ln93" fromId="79" toId="45">
</dataflow>
<dataflow id="186" from="empty_0" to="specpipeline_ln93" fromId="82" toId="45">
</dataflow>
<dataflow id="188" from="_ssdm_op_SpecLoopTripCount" to="speclooptripcount_ln94" fromId="187" toId="46">
</dataflow>
<dataflow id="190" from="StgValue_189" to="speclooptripcount_ln94" fromId="189" toId="46">
</dataflow>
<dataflow id="191" from="StgValue_189" to="speclooptripcount_ln94" fromId="189" toId="46">
</dataflow>
<dataflow id="192" from="StgValue_189" to="speclooptripcount_ln94" fromId="189" toId="46">
</dataflow>
<dataflow id="194" from="_ssdm_op_SpecLoopName" to="specloopname_ln95" fromId="193" toId="47">
</dataflow>
<dataflow id="196" from="empty_15" to="specloopname_ln95" fromId="195" toId="47">
</dataflow>
<dataflow id="198" from="_ssdm_op_Write.m_axi.p1i8" to="write_ln95" fromId="197" toId="48">
</dataflow>
<dataflow id="199" from="gmem2_addr" to="write_ln95" fromId="12" toId="48">
</dataflow>
<dataflow id="200" from="tmp_i_i_i" to="write_ln95" fromId="44" toId="48">
</dataflow>
<dataflow id="202" from="StgValue_201" to="write_ln95" fromId="201" toId="48">
</dataflow>
<dataflow id="203" from="icmp_ln92" to="StgValue_2" fromId="13" toId="2">
</dataflow>
<dataflow id="204" from="icmp_ln92" to="StgValue_3" fromId="13" toId="3">
</dataflow>
</dataflows>


</stg>
