<stg><name>Write_Loop_proc</name>


<trans_list>

<trans id="27" from="1" to="2">
<condition id="-1">
<or_exp><and_exp></and_exp></or_exp>
</condition>
</trans>

<trans id="28" from="2" to="3">
<condition id="-1">
<or_exp><and_exp></and_exp></or_exp>
</condition>
</trans>

<trans id="29" from="3" to="4">
<condition id="-1">
<or_exp><and_exp></and_exp></or_exp>
</condition>
</trans>

<trans id="30" from="4" to="5">
<condition id="-1">
<or_exp><and_exp></and_exp></or_exp>
</condition>
</trans>

<trans id="31" from="5" to="6">
<condition id="-1">
<or_exp><and_exp></and_exp></or_exp>
</condition>
</trans>

<trans id="32" from="6" to="7">
<condition id="-1">
<or_exp><and_exp></and_exp></or_exp>
</condition>
</trans>

<trans id="33" from="7" to="8">
<condition id="-1">
<or_exp><and_exp></and_exp></or_exp>
</condition>
</trans>

<trans id="34" from="8" to="9">
<condition id="-1">
<or_exp><and_exp></and_exp></or_exp>
</condition>
</trans>
</trans_list>



<state_list>

<state id="1" st_id="1">

<operation id="10" st_id="1" stage="1" lat="1">
<core>FIFO_SRL</core>
<MemPortIdVec></MemPortIdVec>
<condition id="-1">
<or_exp><and_exp></and_exp></or_exp>
</condition>

<Node id="13" bw="8" op_0_bw="8" op_1_bw="8">
<![CDATA[
entry:1 %p_read_1 = read i8 @_ssdm_op_Read.ap_auto.i8, i8 %p_read

]]></Node>
<StgValue><ssdm name="p_read_1"/></StgValue>
</operation>

<operation id="11" st_id="1" stage="1" lat="1">
<core>FIFO_SRL</core>
<MemPortIdVec></MemPortIdVec>
<condition id="-1">
<or_exp><and_exp></and_exp></or_exp>
</condition>

<Node id="14" bw="64" op_0_bw="64" op_1_bw="64">
<![CDATA[
entry:2 %C_read = read i64 @_ssdm_op_Read.ap_fifo.i64P0A, i64 %C

]]></Node>
<StgValue><ssdm name="C_read"/></StgValue>
</operation>

<operation id="12" st_id="1" stage="1" lat="1">
<core>NULL</core>
<MemPortIdVec></MemPortIdVec>
<condition id="-1">
<or_exp><and_exp></and_exp></or_exp>
</condition>

<Node id="16" bw="16" op_0_bw="16" op_1_bw="8" op_2_bw="8">
<![CDATA[
entry:4 %shl_ln = bitconcatenate i16 @_ssdm_op_BitConcatenate.i16.i8.i8, i8 %p_read_1, i8 0

]]></Node>
<StgValue><ssdm name="shl_ln"/></StgValue>
</operation>

<operation id="13" st_id="1" stage="1" lat="1">
<core>NULL</core>
<MemPortIdVec></MemPortIdVec>
<condition id="-1">
<or_exp><and_exp></and_exp></or_exp>
</condition>

<Node id="17" bw="64" op_0_bw="16">
<![CDATA[
entry:5 %zext_ln41 = zext i16 %shl_ln

]]></Node>
<StgValue><ssdm name="zext_ln41"/></StgValue>
</operation>

<operation id="14" st_id="1" stage="1" lat="1">
<core>Adder</core>
<MemPortIdVec></MemPortIdVec>
<condition id="-1">
<or_exp><and_exp></and_exp></or_exp>
</condition>

<Node id="18" bw="64" op_0_bw="64" op_1_bw="64">
<![CDATA[
entry:6 %add_ln41 = add i64 %C_read, i64 %zext_ln41

]]></Node>
<StgValue><ssdm name="add_ln41"/></StgValue>
</operation>
</state>

<state id="2" st_id="2">

<operation id="15" st_id="2" stage="1" lat="1">
<core>NULL</core>
<MemPortIdVec></MemPortIdVec>
<condition id="-1">
<or_exp><and_exp></and_exp></or_exp>
</condition>

<Node id="19" bw="8" op_0_bw="8" op_1_bw="64">
<![CDATA[
entry:7 %gmem2_addr = getelementptr i8 %gmem2, i64 %add_ln41

]]></Node>
<StgValue><ssdm name="gmem2_addr"/></StgValue>
</operation>

<operation id="16" st_id="2" stage="1" lat="1">
<core>m_axi</core>
<MemPortIdVec></MemPortIdVec>
<condition id="-1">
<or_exp><and_exp></and_exp></or_exp>
</condition>

<Node id="20" bw="1" op_0_bw="1" op_1_bw="8" op_2_bw="32">
<![CDATA[
entry:8 %empty = writereq i1 @_ssdm_op_WriteReq.m_axi.p1i8, i8 %gmem2_addr, i32 256

]]></Node>
<StgValue><ssdm name="empty"/></StgValue>
</operation>
</state>

<state id="3" st_id="3">

<operation id="17" st_id="3" stage="2" lat="2">
<core></core>
<MemPortIdVec></MemPortIdVec>
<condition id="-1">
<or_exp><and_exp></and_exp></or_exp>
</condition>

<Node id="21" bw="0" op_0_bw="0" op_1_bw="8" op_2_bw="64" op_3_bw="8" op_4_bw="8" op_5_bw="8" op_6_bw="8" op_7_bw="8" op_8_bw="8" op_9_bw="8" op_10_bw="8" op_11_bw="0">
<![CDATA[
entry:9 %call_ln41 = call void @Write_Loop_proc_Pipeline_Write_Loop, i8 %gmem2, i64 %add_ln41, i8 %image_diff_posterize_rowC_0, i8 %image_diff_posterize_rowC_1, i8 %image_diff_posterize_rowC_2, i8 %image_diff_posterize_rowC_3, i8 %image_diff_posterize_rowC_4, i8 %image_diff_posterize_rowC_5, i8 %image_diff_posterize_rowC_6, i8 %image_diff_posterize_rowC_7

]]></Node>
<StgValue><ssdm name="call_ln41"/></StgValue>
</operation>
</state>

<state id="4" st_id="4">

<operation id="18" st_id="4" stage="1" lat="2">
<core></core>
<MemPortIdVec></MemPortIdVec>
<condition id="-1">
<or_exp><and_exp></and_exp></or_exp>
</condition>

<Node id="21" bw="0" op_0_bw="0" op_1_bw="8" op_2_bw="64" op_3_bw="8" op_4_bw="8" op_5_bw="8" op_6_bw="8" op_7_bw="8" op_8_bw="8" op_9_bw="8" op_10_bw="8" op_11_bw="0">
<![CDATA[
entry:9 %call_ln41 = call void @Write_Loop_proc_Pipeline_Write_Loop, i8 %gmem2, i64 %add_ln41, i8 %image_diff_posterize_rowC_0, i8 %image_diff_posterize_rowC_1, i8 %image_diff_posterize_rowC_2, i8 %image_diff_posterize_rowC_3, i8 %image_diff_posterize_rowC_4, i8 %image_diff_posterize_rowC_5, i8 %image_diff_posterize_rowC_6, i8 %image_diff_posterize_rowC_7

]]></Node>
<StgValue><ssdm name="call_ln41"/></StgValue>
</operation>
</state>

<state id="5" st_id="5">

<operation id="19" st_id="5" stage="5" lat="5">
<core>m_axi</core>
<MemPortIdVec></MemPortIdVec>
<condition id="-1">
<or_exp><and_exp></and_exp></or_exp>
</condition>

<Node id="22" bw="1" op_0_bw="1" op_1_bw="8" op_2_bw="0">
<![CDATA[
entry:10 %empty_34 = writeresp i1 @_ssdm_op_WriteResp.m_axi.p1i8, i8 %gmem2_addr

]]></Node>
<StgValue><ssdm name="empty_34"/></StgValue>
</operation>
</state>

<state id="6" st_id="6">

<operation id="20" st_id="6" stage="4" lat="5">
<core>m_axi</core>
<MemPortIdVec></MemPortIdVec>
<condition id="-1">
<or_exp><and_exp></and_exp></or_exp>
</condition>

<Node id="22" bw="1" op_0_bw="1" op_1_bw="8" op_2_bw="0">
<![CDATA[
entry:10 %empty_34 = writeresp i1 @_ssdm_op_WriteResp.m_axi.p1i8, i8 %gmem2_addr

]]></Node>
<StgValue><ssdm name="empty_34"/></StgValue>
</operation>
</state>

<state id="7" st_id="7">

<operation id="21" st_id="7" stage="3" lat="5">
<core>m_axi</core>
<MemPortIdVec></MemPortIdVec>
<condition id="-1">
<or_exp><and_exp></and_exp></or_exp>
</condition>

<Node id="22" bw="1" op_0_bw="1" op_1_bw="8" op_2_bw="0">
<![CDATA[
entry:10 %empty_34 = writeresp i1 @_ssdm_op_WriteResp.m_axi.p1i8, i8 %gmem2_addr

]]></Node>
<StgValue><ssdm name="empty_34"/></StgValue>
</operation>
</state>

<state id="8" st_id="8">

<operation id="22" st_id="8" stage="2" lat="5">
<core>m_axi</core>
<MemPortIdVec></MemPortIdVec>
<condition id="-1">
<or_exp><and_exp></and_exp></or_exp>
</condition>

<Node id="22" bw="1" op_0_bw="1" op_1_bw="8" op_2_bw="0">
<![CDATA[
entry:10 %empty_34 = writeresp i1 @_ssdm_op_WriteResp.m_axi.p1i8, i8 %gmem2_addr

]]></Node>
<StgValue><ssdm name="empty_34"/></StgValue>
</operation>
</state>

<state id="9" st_id="9">

<operation id="23" st_id="9" stage="1" lat="1">
<core>NULL</core>
<MemPortIdVec></MemPortIdVec>
<condition id="-1">
<or_exp><and_exp></and_exp></or_exp>
</condition>

<Node id="12" bw="0" op_0_bw="0" op_1_bw="64" op_2_bw="0" op_3_bw="32" op_4_bw="32" op_5_bw="0" op_6_bw="32" op_7_bw="32" op_8_bw="0" op_9_bw="0" op_10_bw="0" op_11_bw="32" op_12_bw="32" op_13_bw="32" op_14_bw="32" op_15_bw="0" op_16_bw="0" op_17_bw="32" op_18_bw="32">
<![CDATA[
entry:0 %specinterface_ln0 = specinterface void @_ssdm_op_SpecInterface, i64 %C, void @ap_fifo_str, i32 0, i32 0, void @p_str, i32 0, i32 0, void @p_str, void @p_str, void @p_str, i32 2, i32 2, i32 16, i32 16, void @p_str, void @ScalarProp_str, i32 4294967295, i32 0

]]></Node>
<StgValue><ssdm name="specinterface_ln0"/></StgValue>
</operation>

<operation id="24" st_id="9" stage="1" lat="1">
<core>NULL</core>
<MemPortIdVec></MemPortIdVec>
<condition id="-1">
<or_exp><and_exp></and_exp></or_exp>
</condition>

<Node id="15" bw="0" op_0_bw="0" op_1_bw="8" op_2_bw="0" op_3_bw="32" op_4_bw="32" op_5_bw="0" op_6_bw="32" op_7_bw="32" op_8_bw="0" op_9_bw="0" op_10_bw="0" op_11_bw="32" op_12_bw="32" op_13_bw="32" op_14_bw="32" op_15_bw="0" op_16_bw="0" op_17_bw="32" op_18_bw="32">
<![CDATA[
entry:3 %specinterface_ln0 = specinterface void @_ssdm_op_SpecInterface, i8 %gmem2, void @empty, i32 0, i32 0, void @empty_0, i32 0, i32 0, void @empty_4, void @empty_1, void @empty_0, i32 16, i32 16, i32 16, i32 16, void @empty_0, void @empty_0, i32 4294967295, i32 0

]]></Node>
<StgValue><ssdm name="specinterface_ln0"/></StgValue>
</operation>

<operation id="25" st_id="9" stage="1" lat="5">
<core>m_axi</core>
<MemPortIdVec></MemPortIdVec>
<condition id="-1">
<or_exp><and_exp></and_exp></or_exp>
</condition>

<Node id="22" bw="1" op_0_bw="1" op_1_bw="8" op_2_bw="0">
<![CDATA[
entry:10 %empty_34 = writeresp i1 @_ssdm_op_WriteResp.m_axi.p1i8, i8 %gmem2_addr

]]></Node>
<StgValue><ssdm name="empty_34"/></StgValue>
</operation>

<operation id="26" st_id="9" stage="1" lat="1">
<core>NULL</core>
<MemPortIdVec></MemPortIdVec>
<condition id="-1">
<or_exp><and_exp></and_exp></or_exp>
</condition>

<Node id="23" bw="0">
<![CDATA[
entry:11 %ret_ln0 = ret

]]></Node>
<StgValue><ssdm name="ret_ln0"/></StgValue>
</operation>
</state>
</state_list>


<ports>
</ports>


<dataflows>
</dataflows>


</stg>
