<stg><name>Write_Loop_proc</name>


<trans_list>

<trans id="27" from="1" to="2">
<condition id="-1">
<or_exp><and_exp></and_exp></or_exp>
</condition>
</trans>

<trans id="28" from="2" to="3">
<condition id="-1">
<or_exp><and_exp></and_exp></or_exp>
</condition>
</trans>

<trans id="29" from="3" to="4">
<condition id="-1">
<or_exp><and_exp></and_exp></or_exp>
</condition>
</trans>

<trans id="30" from="4" to="5">
<condition id="-1">
<or_exp><and_exp></and_exp></or_exp>
</condition>
</trans>

<trans id="31" from="5" to="6">
<condition id="-1">
<or_exp><and_exp></and_exp></or_exp>
</condition>
</trans>

<trans id="32" from="6" to="7">
<condition id="-1">
<or_exp><and_exp></and_exp></or_exp>
</condition>
</trans>

<trans id="33" from="7" to="8">
<condition id="-1">
<or_exp><and_exp></and_exp></or_exp>
</condition>
</trans>

<trans id="34" from="8" to="9">
<condition id="-1">
<or_exp><and_exp></and_exp></or_exp>
</condition>
</trans>
</trans_list>



<state_list>

<state id="1" st_id="1">

<operation id="10" st_id="1" stage="1" lat="1">
<core>FIFO_SRL</core>
<MemPortIdVec></MemPortIdVec>
<condition id="-1">
<or_exp><and_exp></and_exp></or_exp>
</condition>

<Node id="13" bw="8" op_0_bw="8" op_1_bw="8">
<![CDATA[
entry:1 %p_read_1 = read i8 @_ssdm_op_Read.ap_auto.i8, i8 %p_read

]]></Node>
<StgValue><ssdm name="p_read_1"/></StgValue>
</operation>

<operation id="11" st_id="1" stage="1" lat="1">
<core>FIFO_SRL</core>
<MemPortIdVec></MemPortIdVec>
<condition id="-1">
<or_exp><and_exp></and_exp></or_exp>
</condition>

<Node id="14" bw="64" op_0_bw="64" op_1_bw="64">
<![CDATA[
entry:2 %C_read = read i64 @_ssdm_op_Read.ap_fifo.i64P0A, i64 %C

]]></Node>
<StgValue><ssdm name="C_read"/></StgValue>
</operation>

<operation id="12" st_id="1" stage="1" lat="1">
<core>NULL</core>
<MemPortIdVec></MemPortIdVec>
<condition id="-1">
<or_exp><and_exp></and_exp></or_exp>
</condition>

<Node id="16" bw="16" op_0_bw="16" op_1_bw="8" op_2_bw="8">
<![CDATA[
entry:4 %shl_ln = bitconcatenate i16 @_ssdm_op_BitConcatenate.i16.i8.i8, i8 %p_read_1, i8 0

]]></Node>
<StgValue><ssdm name="shl_ln"/></StgValue>
</operation>

<operation id="13" st_id="1" stage="1" lat="1">
<core>NULL</core>
<MemPortIdVec></MemPortIdVec>
<condition id="-1">
<or_exp><and_exp></and_exp></or_exp>
</condition>

<Node id="17" bw="64" op_0_bw="16">
<![CDATA[
entry:5 %zext_ln41 = zext i16 %shl_ln

]]></Node>
<StgValue><ssdm name="zext_ln41"/></StgValue>
</operation>

<operation id="14" st_id="1" stage="1" lat="1">
<core>Adder</core>
<MemPortIdVec></MemPortIdVec>
<condition id="-1">
<or_exp><and_exp></and_exp></or_exp>
</condition>

<Node id="18" bw="64" op_0_bw="64" op_1_bw="64">
<![CDATA[
entry:6 %add_ln41 = add i64 %C_read, i64 %zext_ln41

]]></Node>
<StgValue><ssdm name="add_ln41"/></StgValue>
</operation>
</state>

<state id="2" st_id="2">

<operation id="15" st_id="2" stage="1" lat="1">
<core>NULL</core>
<MemPortIdVec></MemPortIdVec>
<condition id="-1">
<or_exp><and_exp></and_exp></or_exp>
</condition>

<Node id="19" bw="64" op_0_bw="64" op_1_bw="64">
<![CDATA[
entry:7 %gmem2_addr = getelementptr i8 %gmem2, i64 %add_ln41

]]></Node>
<StgValue><ssdm name="gmem2_addr"/></StgValue>
</operation>

<operation id="16" st_id="2" stage="1" lat="1">
<core>m_axi</core>
<MemPortIdVec></MemPortIdVec>
<condition id="-1">
<or_exp><and_exp></and_exp></or_exp>
</condition>

<Node id="20" bw="1" op_0_bw="1" op_1_bw="8" op_2_bw="32">
<![CDATA[
entry:8 %empty = writereq i1 @_ssdm_op_WriteReq.m_axi.p1i8, i64 %gmem2_addr, i32 256

]]></Node>
<StgValue><ssdm name="empty"/></StgValue>
</operation>
</state>

<state id="3" st_id="3">

<operation id="17" st_id="3" stage="2" lat="2">
<core></core>
<MemPortIdVec></MemPortIdVec>
<condition id="-1">
<or_exp><and_exp></and_exp></or_exp>
</condition>

<Node id="21" bw="0" op_0_bw="0" op_1_bw="8" op_2_bw="64" op_3_bw="8" op_4_bw="8" op_5_bw="8" op_6_bw="8" op_7_bw="8" op_8_bw="8" op_9_bw="8" op_10_bw="8" op_11_bw="0">
<![CDATA[
entry:9 %call_ln41 = call void @Write_Loop_proc_Pipeline_Write_Loop, i8 %gmem2, i64 %add_ln41, i8 %image_diff_posterize_rowC_0, i8 %image_diff_posterize_rowC_1, i8 %image_diff_posterize_rowC_2, i8 %image_diff_posterize_rowC_3, i8 %image_diff_posterize_rowC_4, i8 %image_diff_posterize_rowC_5, i8 %image_diff_posterize_rowC_6, i8 %image_diff_posterize_rowC_7

]]></Node>
<StgValue><ssdm name="call_ln41"/></StgValue>
</operation>
</state>

<state id="4" st_id="4">

<operation id="18" st_id="4" stage="1" lat="2">
<core></core>
<MemPortIdVec></MemPortIdVec>
<condition id="-1">
<or_exp><and_exp></and_exp></or_exp>
</condition>

<Node id="21" bw="0" op_0_bw="0" op_1_bw="8" op_2_bw="64" op_3_bw="8" op_4_bw="8" op_5_bw="8" op_6_bw="8" op_7_bw="8" op_8_bw="8" op_9_bw="8" op_10_bw="8" op_11_bw="0">
<![CDATA[
entry:9 %call_ln41 = call void @Write_Loop_proc_Pipeline_Write_Loop, i8 %gmem2, i64 %add_ln41, i8 %image_diff_posterize_rowC_0, i8 %image_diff_posterize_rowC_1, i8 %image_diff_posterize_rowC_2, i8 %image_diff_posterize_rowC_3, i8 %image_diff_posterize_rowC_4, i8 %image_diff_posterize_rowC_5, i8 %image_diff_posterize_rowC_6, i8 %image_diff_posterize_rowC_7

]]></Node>
<StgValue><ssdm name="call_ln41"/></StgValue>
</operation>
</state>

<state id="5" st_id="5">

<operation id="19" st_id="5" stage="5" lat="5">
<core>m_axi</core>
<MemPortIdVec></MemPortIdVec>
<condition id="-1">
<or_exp><and_exp></and_exp></or_exp>
</condition>

<Node id="22" bw="1" op_0_bw="1" op_1_bw="8" op_2_bw="0">
<![CDATA[
entry:10 %empty_34 = writeresp i1 @_ssdm_op_WriteResp.m_axi.p1i8, i64 %gmem2_addr

]]></Node>
<StgValue><ssdm name="empty_34"/></StgValue>
</operation>
</state>

<state id="6" st_id="6">

<operation id="20" st_id="6" stage="4" lat="5">
<core>m_axi</core>
<MemPortIdVec></MemPortIdVec>
<condition id="-1">
<or_exp><and_exp></and_exp></or_exp>
</condition>

<Node id="22" bw="1" op_0_bw="1" op_1_bw="8" op_2_bw="0">
<![CDATA[
entry:10 %empty_34 = writeresp i1 @_ssdm_op_WriteResp.m_axi.p1i8, i64 %gmem2_addr

]]></Node>
<StgValue><ssdm name="empty_34"/></StgValue>
</operation>
</state>

<state id="7" st_id="7">

<operation id="21" st_id="7" stage="3" lat="5">
<core>m_axi</core>
<MemPortIdVec></MemPortIdVec>
<condition id="-1">
<or_exp><and_exp></and_exp></or_exp>
</condition>

<Node id="22" bw="1" op_0_bw="1" op_1_bw="8" op_2_bw="0">
<![CDATA[
entry:10 %empty_34 = writeresp i1 @_ssdm_op_WriteResp.m_axi.p1i8, i64 %gmem2_addr

]]></Node>
<StgValue><ssdm name="empty_34"/></StgValue>
</operation>
</state>

<state id="8" st_id="8">

<operation id="22" st_id="8" stage="2" lat="5">
<core>m_axi</core>
<MemPortIdVec></MemPortIdVec>
<condition id="-1">
<or_exp><and_exp></and_exp></or_exp>
</condition>

<Node id="22" bw="1" op_0_bw="1" op_1_bw="8" op_2_bw="0">
<![CDATA[
entry:10 %empty_34 = writeresp i1 @_ssdm_op_WriteResp.m_axi.p1i8, i64 %gmem2_addr

]]></Node>
<StgValue><ssdm name="empty_34"/></StgValue>
</operation>
</state>

<state id="9" st_id="9">

<operation id="23" st_id="9" stage="1" lat="1">
<core>NULL</core>
<MemPortIdVec></MemPortIdVec>
<condition id="-1">
<or_exp><and_exp></and_exp></or_exp>
</condition>

<Node id="12" bw="0" op_0_bw="0" op_1_bw="64" op_2_bw="0" op_3_bw="32" op_4_bw="32" op_5_bw="0" op_6_bw="32" op_7_bw="32" op_8_bw="0" op_9_bw="0" op_10_bw="0" op_11_bw="32" op_12_bw="32" op_13_bw="32" op_14_bw="32" op_15_bw="0" op_16_bw="0" op_17_bw="32" op_18_bw="32">
<![CDATA[
entry:0 %specinterface_ln0 = specinterface void @_ssdm_op_SpecInterface, i64 %C, void @ap_fifo_str, i32 0, i32 0, void @p_str, i32 0, i32 0, void @p_str, void @p_str, void @p_str, i32 2, i32 2, i32 16, i32 16, void @p_str, void @ScalarProp_str, i32 4294967295, i32 0

]]></Node>
<StgValue><ssdm name="specinterface_ln0"/></StgValue>
</operation>

<operation id="24" st_id="9" stage="1" lat="1">
<core>NULL</core>
<MemPortIdVec></MemPortIdVec>
<condition id="-1">
<or_exp><and_exp></and_exp></or_exp>
</condition>

<Node id="15" bw="0" op_0_bw="0" op_1_bw="8" op_2_bw="0" op_3_bw="32" op_4_bw="32" op_5_bw="0" op_6_bw="32" op_7_bw="32" op_8_bw="0" op_9_bw="0" op_10_bw="0" op_11_bw="32" op_12_bw="32" op_13_bw="32" op_14_bw="32" op_15_bw="0" op_16_bw="0" op_17_bw="32" op_18_bw="32">
<![CDATA[
entry:3 %specinterface_ln0 = specinterface void @_ssdm_op_SpecInterface, i8 %gmem2, void @empty, i32 0, i32 0, void @empty_0, i32 0, i32 0, void @empty_4, void @empty_1, void @empty_0, i32 16, i32 16, i32 16, i32 16, void @empty_0, void @empty_0, i32 4294967295, i32 0

]]></Node>
<StgValue><ssdm name="specinterface_ln0"/></StgValue>
</operation>

<operation id="25" st_id="9" stage="1" lat="5">
<core>m_axi</core>
<MemPortIdVec></MemPortIdVec>
<condition id="-1">
<or_exp><and_exp></and_exp></or_exp>
</condition>

<Node id="22" bw="1" op_0_bw="1" op_1_bw="8" op_2_bw="0">
<![CDATA[
entry:10 %empty_34 = writeresp i1 @_ssdm_op_WriteResp.m_axi.p1i8, i64 %gmem2_addr

]]></Node>
<StgValue><ssdm name="empty_34"/></StgValue>
</operation>

<operation id="26" st_id="9" stage="1" lat="1">
<core>NULL</core>
<MemPortIdVec></MemPortIdVec>
<condition id="-1">
<or_exp><and_exp></and_exp></or_exp>
</condition>

<Node id="23" bw="0">
<![CDATA[
entry:11 %ret_ln0 = ret

]]></Node>
<StgValue><ssdm name="ret_ln0"/></StgValue>
</operation>
</state>
</state_list>


<ports>
<port id="35" name="gmem2" dir="1" iftype="4">
<core>NULL</core><StgValue><ssdm name="gmem2"/></StgValue>
</port>
<port id="36" name="p_read" dir="0" iftype="0">
<core>NULL</core><StgValue><ssdm name="p_read"/></StgValue>
</port>
<port id="37" name="C" dir="0" iftype="3">
<core>FIFO_SRL</core><StgValue><ssdm name="C"/></StgValue>
</port>
<port id="38" name="image_diff_posterize_rowC_0" dir="0" iftype="1">
<core>RAM</core><StgValue><ssdm name="image_diff_posterize_rowC_0"/><MemPortTyVec>1 3 </MemPortTyVec>
</StgValue>
</port>
<port id="39" name="image_diff_posterize_rowC_1" dir="0" iftype="1">
<core>RAM</core><StgValue><ssdm name="image_diff_posterize_rowC_1"/><MemPortTyVec>1 3 </MemPortTyVec>
</StgValue>
</port>
<port id="40" name="image_diff_posterize_rowC_2" dir="0" iftype="1">
<core>RAM</core><StgValue><ssdm name="image_diff_posterize_rowC_2"/><MemPortTyVec>1 3 </MemPortTyVec>
</StgValue>
</port>
<port id="41" name="image_diff_posterize_rowC_3" dir="0" iftype="1">
<core>RAM</core><StgValue><ssdm name="image_diff_posterize_rowC_3"/><MemPortTyVec>1 3 </MemPortTyVec>
</StgValue>
</port>
<port id="42" name="image_diff_posterize_rowC_4" dir="0" iftype="1">
<core>RAM</core><StgValue><ssdm name="image_diff_posterize_rowC_4"/><MemPortTyVec>1 3 </MemPortTyVec>
</StgValue>
</port>
<port id="43" name="image_diff_posterize_rowC_5" dir="0" iftype="1">
<core>RAM</core><StgValue><ssdm name="image_diff_posterize_rowC_5"/><MemPortTyVec>1 3 </MemPortTyVec>
</StgValue>
</port>
<port id="44" name="image_diff_posterize_rowC_6" dir="0" iftype="1">
<core>RAM</core><StgValue><ssdm name="image_diff_posterize_rowC_6"/><MemPortTyVec>1 3 </MemPortTyVec>
</StgValue>
</port>
<port id="45" name="image_diff_posterize_rowC_7" dir="0" iftype="1">
<core>RAM</core><StgValue><ssdm name="image_diff_posterize_rowC_7"/><MemPortTyVec>1 3 </MemPortTyVec>
</StgValue>
</port>
</ports>


<dataflows>
<dataflow id="47" from="_ssdm_op_Read.ap_auto.i8" to="p_read_1" fromId="46" toId="10">
</dataflow>
<dataflow id="48" from="p_read" to="p_read_1" fromId="36" toId="10">
</dataflow>
<dataflow id="50" from="_ssdm_op_Read.ap_fifo.i64P0A" to="C_read" fromId="49" toId="11">
</dataflow>
<dataflow id="51" from="C" to="C_read" fromId="37" toId="11">
</dataflow>
<dataflow id="53" from="_ssdm_op_BitConcatenate.i16.i8.i8" to="shl_ln" fromId="52" toId="12">
</dataflow>
<dataflow id="54" from="p_read_1" to="shl_ln" fromId="10" toId="12">
</dataflow>
<dataflow id="56" from="StgValue_55" to="shl_ln" fromId="55" toId="12">
</dataflow>
<dataflow id="57" from="shl_ln" to="zext_ln41" fromId="12" toId="13">
</dataflow>
<dataflow id="58" from="C_read" to="add_ln41" fromId="11" toId="14">
</dataflow>
<dataflow id="59" from="zext_ln41" to="add_ln41" fromId="13" toId="14">
</dataflow>
<dataflow id="60" from="gmem2" to="gmem2_addr" fromId="35" toId="15">
</dataflow>
<dataflow id="61" from="add_ln41" to="gmem2_addr" fromId="14" toId="15">
</dataflow>
<dataflow id="63" from="_ssdm_op_WriteReq.m_axi.p1i8" to="empty" fromId="62" toId="16">
</dataflow>
<dataflow id="64" from="gmem2_addr" to="empty" fromId="15" toId="16">
</dataflow>
<dataflow id="66" from="StgValue_65" to="empty" fromId="65" toId="16">
</dataflow>
<dataflow id="68" from="Write_Loop_proc_Pipeline_Write_Loop" to="call_ln41" fromId="67" toId="17">
</dataflow>
<dataflow id="69" from="gmem2" to="call_ln41" fromId="35" toId="17">
</dataflow>
<dataflow id="70" from="add_ln41" to="call_ln41" fromId="14" toId="17">
</dataflow>
<dataflow id="71" from="image_diff_posterize_rowC_0" to="call_ln41" fromId="38" toId="17">
</dataflow>
<dataflow id="72" from="image_diff_posterize_rowC_1" to="call_ln41" fromId="39" toId="17">
</dataflow>
<dataflow id="73" from="image_diff_posterize_rowC_2" to="call_ln41" fromId="40" toId="17">
</dataflow>
<dataflow id="74" from="image_diff_posterize_rowC_3" to="call_ln41" fromId="41" toId="17">
</dataflow>
<dataflow id="75" from="image_diff_posterize_rowC_4" to="call_ln41" fromId="42" toId="17">
</dataflow>
<dataflow id="76" from="image_diff_posterize_rowC_5" to="call_ln41" fromId="43" toId="17">
</dataflow>
<dataflow id="77" from="image_diff_posterize_rowC_6" to="call_ln41" fromId="44" toId="17">
</dataflow>
<dataflow id="78" from="image_diff_posterize_rowC_7" to="call_ln41" fromId="45" toId="17">
</dataflow>
<dataflow id="79" from="Write_Loop_proc_Pipeline_Write_Loop" to="call_ln41" fromId="67" toId="18">
</dataflow>
<dataflow id="80" from="gmem2" to="call_ln41" fromId="35" toId="18">
</dataflow>
<dataflow id="81" from="add_ln41" to="call_ln41" fromId="14" toId="18">
</dataflow>
<dataflow id="82" from="image_diff_posterize_rowC_0" to="call_ln41" fromId="38" toId="18">
</dataflow>
<dataflow id="83" from="image_diff_posterize_rowC_1" to="call_ln41" fromId="39" toId="18">
</dataflow>
<dataflow id="84" from="image_diff_posterize_rowC_2" to="call_ln41" fromId="40" toId="18">
</dataflow>
<dataflow id="85" from="image_diff_posterize_rowC_3" to="call_ln41" fromId="41" toId="18">
</dataflow>
<dataflow id="86" from="image_diff_posterize_rowC_4" to="call_ln41" fromId="42" toId="18">
</dataflow>
<dataflow id="87" from="image_diff_posterize_rowC_5" to="call_ln41" fromId="43" toId="18">
</dataflow>
<dataflow id="88" from="image_diff_posterize_rowC_6" to="call_ln41" fromId="44" toId="18">
</dataflow>
<dataflow id="89" from="image_diff_posterize_rowC_7" to="call_ln41" fromId="45" toId="18">
</dataflow>
<dataflow id="91" from="_ssdm_op_WriteResp.m_axi.p1i8" to="empty_34" fromId="90" toId="19">
</dataflow>
<dataflow id="92" from="gmem2_addr" to="empty_34" fromId="15" toId="19">
</dataflow>
<dataflow id="93" from="_ssdm_op_WriteResp.m_axi.p1i8" to="empty_34" fromId="90" toId="20">
</dataflow>
<dataflow id="94" from="gmem2_addr" to="empty_34" fromId="15" toId="20">
</dataflow>
<dataflow id="95" from="_ssdm_op_WriteResp.m_axi.p1i8" to="empty_34" fromId="90" toId="21">
</dataflow>
<dataflow id="96" from="gmem2_addr" to="empty_34" fromId="15" toId="21">
</dataflow>
<dataflow id="97" from="_ssdm_op_WriteResp.m_axi.p1i8" to="empty_34" fromId="90" toId="22">
</dataflow>
<dataflow id="98" from="gmem2_addr" to="empty_34" fromId="15" toId="22">
</dataflow>
<dataflow id="100" from="_ssdm_op_SpecInterface" to="specinterface_ln0" fromId="99" toId="23">
</dataflow>
<dataflow id="101" from="C" to="specinterface_ln0" fromId="37" toId="23">
</dataflow>
<dataflow id="103" from="ap_fifo_str" to="specinterface_ln0" fromId="102" toId="23">
</dataflow>
<dataflow id="105" from="StgValue_104" to="specinterface_ln0" fromId="104" toId="23">
</dataflow>
<dataflow id="106" from="StgValue_104" to="specinterface_ln0" fromId="104" toId="23">
</dataflow>
<dataflow id="108" from="p_str" to="specinterface_ln0" fromId="107" toId="23">
</dataflow>
<dataflow id="109" from="StgValue_104" to="specinterface_ln0" fromId="104" toId="23">
</dataflow>
<dataflow id="110" from="StgValue_104" to="specinterface_ln0" fromId="104" toId="23">
</dataflow>
<dataflow id="111" from="p_str" to="specinterface_ln0" fromId="107" toId="23">
</dataflow>
<dataflow id="112" from="p_str" to="specinterface_ln0" fromId="107" toId="23">
</dataflow>
<dataflow id="113" from="p_str" to="specinterface_ln0" fromId="107" toId="23">
</dataflow>
<dataflow id="115" from="StgValue_114" to="specinterface_ln0" fromId="114" toId="23">
</dataflow>
<dataflow id="116" from="StgValue_114" to="specinterface_ln0" fromId="114" toId="23">
</dataflow>
<dataflow id="118" from="StgValue_117" to="specinterface_ln0" fromId="117" toId="23">
</dataflow>
<dataflow id="119" from="StgValue_117" to="specinterface_ln0" fromId="117" toId="23">
</dataflow>
<dataflow id="120" from="p_str" to="specinterface_ln0" fromId="107" toId="23">
</dataflow>
<dataflow id="122" from="ScalarProp_str" to="specinterface_ln0" fromId="121" toId="23">
</dataflow>
<dataflow id="124" from="StgValue_123" to="specinterface_ln0" fromId="123" toId="23">
</dataflow>
<dataflow id="125" from="StgValue_104" to="specinterface_ln0" fromId="104" toId="23">
</dataflow>
<dataflow id="126" from="_ssdm_op_SpecInterface" to="specinterface_ln0" fromId="99" toId="24">
</dataflow>
<dataflow id="127" from="gmem2" to="specinterface_ln0" fromId="35" toId="24">
</dataflow>
<dataflow id="129" from="empty" to="specinterface_ln0" fromId="128" toId="24">
</dataflow>
<dataflow id="130" from="StgValue_104" to="specinterface_ln0" fromId="104" toId="24">
</dataflow>
<dataflow id="131" from="StgValue_104" to="specinterface_ln0" fromId="104" toId="24">
</dataflow>
<dataflow id="133" from="empty_0" to="specinterface_ln0" fromId="132" toId="24">
</dataflow>
<dataflow id="134" from="StgValue_104" to="specinterface_ln0" fromId="104" toId="24">
</dataflow>
<dataflow id="135" from="StgValue_104" to="specinterface_ln0" fromId="104" toId="24">
</dataflow>
<dataflow id="137" from="empty_4" to="specinterface_ln0" fromId="136" toId="24">
</dataflow>
<dataflow id="139" from="empty_1" to="specinterface_ln0" fromId="138" toId="24">
</dataflow>
<dataflow id="140" from="empty_0" to="specinterface_ln0" fromId="132" toId="24">
</dataflow>
<dataflow id="141" from="StgValue_117" to="specinterface_ln0" fromId="117" toId="24">
</dataflow>
<dataflow id="142" from="StgValue_117" to="specinterface_ln0" fromId="117" toId="24">
</dataflow>
<dataflow id="143" from="StgValue_117" to="specinterface_ln0" fromId="117" toId="24">
</dataflow>
<dataflow id="144" from="StgValue_117" to="specinterface_ln0" fromId="117" toId="24">
</dataflow>
<dataflow id="145" from="empty_0" to="specinterface_ln0" fromId="132" toId="24">
</dataflow>
<dataflow id="146" from="empty_0" to="specinterface_ln0" fromId="132" toId="24">
</dataflow>
<dataflow id="147" from="StgValue_123" to="specinterface_ln0" fromId="123" toId="24">
</dataflow>
<dataflow id="148" from="StgValue_104" to="specinterface_ln0" fromId="104" toId="24">
</dataflow>
<dataflow id="149" from="_ssdm_op_WriteResp.m_axi.p1i8" to="empty_34" fromId="90" toId="25">
</dataflow>
<dataflow id="150" from="gmem2_addr" to="empty_34" fromId="15" toId="25">
</dataflow>
</dataflows>


</stg>
